show_id,type,title,country,year_added,release_year,rating,duration,genre,is_movie,is_tv_show
s1,Movie,Dick Johnson Is Dead,United States,2021.0,2020,PG-13,90 min,Documentaries,1,0
s2,TV Show,Blood & Water,South Africa,2021.0,2021,TV-MA,2 Seasons,International TV Shows,0,1
s5,TV Show,Kota Factory,India,2021.0,2021,TV-MA,2 Seasons,International TV Shows,0,1
s8,Movie,Sankofa,United States,2021.0,1993,TV-MA,125 min,Dramas,1,0
s9,TV Show,The Great British Baking Show,United Kingdom,2021.0,2021,TV-14,9 Seasons,British TV Shows,0,1
s10,Movie,The Starling,United States,2021.0,2021,PG-13,104 min,Comedies,1,0
s13,Movie,Je Suis Karl,Germany,2021.0,2021,TV-MA,127 min,Dramas,1,0
s16,TV Show,Dear White People,United States,2021.0,2021,TV-MA,4 Seasons,TV Comedies,0,1
s18,TV Show,Falsa identidad,Mexico,2021.0,2020,TV-MA,2 Seasons,Crime TV Shows,0,1
s22,TV Show,Resurrection: Ertugrul,Turkey,2021.0,2018,TV-14,5 Seasons,International TV Shows,0,1
s25,Movie,Jeans,India,2021.0,1998,TV-14,166 min,Comedies,1,0
s26,TV Show,Love on the Spectrum,Australia,2021.0,2021,TV-14,2 Seasons,Docuseries,0,1
s28,Movie,Grown Ups,United States,2021.0,2010,PG-13,103 min,Comedies,1,0
s29,Movie,Dark Skies,United States,2021.0,2013,PG-13,97 min,Horror Movies,1,0
s30,Movie,Paranoia,United States,2021.0,2013,PG-13,106 min,Thrillers,1,0
s33,TV Show,Sex Education,United Kingdom,2021.0,2020,TV-MA,3 Seasons,British TV Shows,0,1
s38,TV Show,Angry Birds,Finland,2021.0,2018,TV-Y7,1 Season,Kids' TV,0,1
s39,Movie,Birth of the Dragon,China,2021.0,2017,PG-13,96 min,Action & Adventure,1,0
s40,TV Show,Chhota Bheem,India,2021.0,2021,TV-Y7,3 Seasons,Kids' TV,0,1
s41,TV Show,He-Man and the Masters of the Universe,United States,2021.0,2021,TV-Y7,1 Season,Kids' TV,0,1
s42,Movie,Jaws,United States,2021.0,1975,PG,124 min,Action & Adventure,1,0
s43,Movie,Jaws 2,United States,2021.0,1978,PG,116 min,Dramas,1,0
s44,Movie,Jaws 3,United States,2021.0,1983,PG,98 min,Action & Adventure,1,0
s45,Movie,Jaws: The Revenge,United States,2021.0,1987,PG-13,91 min,Action & Adventure,1,0
s47,Movie,Safe House,South Africa,2021.0,2012,R,115 min,Action & Adventure,1,0
s49,Movie,Training Day,United States,2021.0,2001,R,122 min,Dramas,1,0
s50,TV Show,Castle and Castle,Nigeria,2021.0,2021,TV-MA,2 Seasons,International TV Shows,0,1
s51,TV Show,Dharmakshetra,India,2021.0,2014,TV-PG,1 Season,International TV Shows,0,1
s52,Movie,InuYasha the Movie 2: The Castle Beyond the Looking Glass,Japan,2021.0,2002,TV-14,99 min,Action & Adventure,1,0
s53,Movie,InuYasha the Movie 3: Swords of an Honorable Ruler,Japan,2021.0,2003,TV-14,99 min,Action & Adventure,1,0
s54,Movie,InuYasha the Movie 4: Fire on the Mystic Island,Japan,2021.0,2004,TV-PG,88 min,Action & Adventure,1,0
s55,Movie,InuYasha the Movie: Affections Touching Across Time,Japan,2021.0,2001,TV-PG,100 min,Action & Adventure,1,0
s56,TV Show,Nailed It,United States,2021.0,2021,TV-PG,6 Seasons,Reality TV,0,1
s57,Movie,Naruto Shippuden the Movie: Blood Prison,Japan,2021.0,2011,TV-14,102 min,Action & Adventure,1,0
s58,Movie,Naruto Shippûden the Movie: Bonds,Japan,2021.0,2008,TV-PG,93 min,Action & Adventure,1,0
s59,Movie,Naruto Shippûden the Movie: The Will of Fire,Japan,2021.0,2009,TV-PG,96 min,Action & Adventure,1,0
s60,Movie,Naruto Shippuden: The Movie,Japan,2021.0,2007,TV-PG,95 min,Action & Adventure,1,0
s61,Movie,Naruto Shippuden: The Movie: The Lost Tower,Japan,2021.0,2010,TV-14,85 min,Action & Adventure,1,0
s62,Movie,Naruto the Movie 2: Legend of the Stone of Gelel,Japan,2021.0,2005,TV-PG,97 min,Action & Adventure,1,0
s63,Movie,Naruto the Movie 3: Guardians of the Crescent Moon Kingdom,Japan,2021.0,2006,TV-PG,95 min,Action & Adventure,1,0
s64,Movie,Naruto the Movie: Ninja Clash in the Land of Snow,Japan,2021.0,2004,TV-PG,83 min,Action & Adventure,1,0
s66,TV Show,Numberblocks,United Kingdom,2021.0,2021,TV-Y,6 Seasons,Kids' TV,0,1
s67,TV Show,Raja Rasoi Aur Anya Kahaniyan,India,2021.0,2014,TV-G,1 Season,Docuseries,0,1
s68,TV Show,Saved by the Bell,United States,2021.0,1994,TV-PG,9 Seasons,Kids' TV,0,1
s70,TV Show,Stories by Rabindranath Tagore,India,2021.0,2015,TV-PG,1 Season,International TV Shows,0,1
s73,TV Show,Jack Whitehall: Travels with My Father,United Kingdom,2021.0,2021,TV-MA,5 Seasons,British TV Shows,0,1
s74,Movie,King of Boys,Nigeria,2021.0,2018,TV-MA,182 min,Dramas,1,0
s77,TV Show,Yowamushi Pedal,Japan,2021.0,2013,TV-14,1 Season,Anime Series,0,1
s82,Movie,Kate,United States,2021.0,2021,R,106 min,Action & Adventure,1,0
s83,TV Show,Lucifer,United States,2021.0,2021,TV-14,6 Seasons,Crime TV Shows,0,1
s85,Movie,Omo Ghetto: the Saga,Nigeria,2021.0,2020,TV-MA,147 min,Action & Adventure,1,0
s91,Movie,Paradise Hills,Spain,2021.0,2019,TV-MA,95 min,Sci-Fi & Fantasy,1,0
s92,Movie,The Women and the Murderer,France,2021.0,2021,TV-14,92 min,Documentaries,1,0
s93,TV Show,Into the Night,Belgium,2021.0,2021,TV-MA,2 Seasons,International TV Shows,0,1
s95,Movie,Show Dogs,United Kingdom,2021.0,2018,PG,90 min,Children & Family Movies,1,0
s96,TV Show,The Circle,United States,2021.0,2021,TV-MA,3 Seasons,Reality TV,0,1
s97,Movie,If I Leave Here Tomorrow: A Film About Lynyrd Skynyrd,United States,2021.0,2018,TV-MA,97 min,Documentaries,1,0
s98,TV Show,Kid Cosmic,United States,2021.0,2021,TV-Y7,2 Seasons,Kids' TV,0,1
s99,TV Show,Octonauts: Above & Beyond,United Kingdom,2021.0,2021,TV-Y,1 Season,British TV Shows,0,1
s100,TV Show,On the Verge,France,2021.0,2021,TV-MA,1 Season,TV Comedies,0,1
s102,Movie,Untold: Breaking Point,United States,2021.0,2021,TV-MA,80 min,Documentaries,1,0
s105,TV Show,Tayo the Little Bus,South Korea,2021.0,2016,TV-Y,2 Seasons,Kids' TV,0,1
s106,Movie,Angamaly Diaries,India,2021.0,2017,TV-14,128 min,Action & Adventure,1,0
s107,TV Show,Bunk'd,United States,2021.0,2021,TV-G,5 Seasons,Kids' TV,0,1
s108,Movie,A Champion Heart,United States,2021.0,2018,G,90 min,Children & Family Movies,1,0
s109,TV Show,Dive Club,Australia,2021.0,2021,TV-G,1 Season,Kids' TV,0,1
s110,TV Show,La casa de papel,Spain,2021.0,2021,TV-MA,5 Seasons,Crime TV Shows,0,1
s112,TV Show,Sharkdog,United States,2021.0,2021,TV-Y,1 Season,Kids' TV,0,1
s115,Movie,Anjaam,India,2021.0,1994,TV-14,143 min,Dramas,1,0
s116,Movie,Bright Star,United Kingdom,2021.0,2009,PG,119 min,Dramas,1,0
s117,Movie,Dhanak,India,2021.0,2015,TV-PG,114 min,Comedies,1,0
s118,Movie,Final Account,United Kingdom,2021.0,2021,PG-13,94 min,Documentaries,1,0
s119,Movie,Gurgaon,India,2021.0,2017,TV-14,106 min,Dramas,1,0
s121,TV Show,Heroes of Goo Jit Zu,Australia,2021.0,2021,TV-Y7,1 Season,Kids' TV,0,1
s123,Movie,In the Cut,United Kingdom,2021.0,2003,R,118 min,Thrillers,1,0
s125,TV Show,Pororo - The Little Penguin,South Korea,2021.0,2013,TV-Y7,3 Seasons,Kids' TV,0,1
s126,TV Show,Q-Force,United States,2021.0,2021,TV-MA,1 Season,Crime TV Shows,0,1
s127,Movie,Shikara,India,2021.0,2020,TV-14,115 min,Dramas,1,0
s128,Movie,A Cinderella Story,United States,2021.0,2004,PG,95 min,Children & Family Movies,1,0
s130,Movie,An Unfinished Life,Germany,2021.0,2005,PG-13,108 min,Dramas,1,0
s132,Movie,Blade Runner: The Final Cut,United States,2021.0,1982,R,117 min,Action & Adventure,1,0
s134,Movie,Chappie,South Africa,2021.0,2015,R,121 min,Action & Adventure,1,0
s135,Movie,Clear and Present Danger,United States,2021.0,1994,PG-13,142 min,Action & Adventure,1,0
s136,Movie,Cliffhanger,United States,2021.0,1993,R,113 min,Action & Adventure,1,0
s137,Movie,Cold Mountain,United States,2021.0,2003,R,154 min,Dramas,1,0
s138,Movie,Crocodile Dundee in Los Angeles,Australia,2021.0,2001,PG,95 min,Action & Adventure,1,0
s139,Movie,Dear John,United States,2021.0,2010,PG-13,108 min,Dramas,1,0
s140,Movie,Do the Right Thing,United States,2021.0,1989,R,120 min,Classic Movies,1,0
s141,Movie,"El patrón, radiografía de un crimen",Argentina,2021.0,2014,TV-MA,100 min,Dramas,1,0
s142,Movie,Extraction,United States,2021.0,2015,R,82 min,Action & Adventure,1,0
s143,Movie,Freedom Writers,Germany,2021.0,2007,PG-13,124 min,Dramas,1,0
s144,Movie,Green Lantern,United States,2021.0,2011,PG-13,114 min,Action & Adventure,1,0
s145,Movie,House Party,United States,2021.0,1990,R,104 min,Comedies,1,0
s146,Movie,House Party 2,United States,2021.0,1991,R,94 min,Comedies,1,0
s147,Movie,House Party 3,United States,2021.0,1994,R,94 min,Comedies,1,0
s150,Movie,I Got the Hook Up,United States,2021.0,1998,R,93 min,Action & Adventure,1,0
s151,Movie,In Too Deep,United States,2021.0,1999,R,97 min,Thrillers,1,0
s152,Movie,Initial D,China,2021.0,2005,TV-14,109 min,Action & Adventure,1,0
s153,Movie,Janoskians: Untold and Untrue,United States,2021.0,2016,TV-MA,88 min,Comedies,1,0
s154,TV Show,Kid-E-Cats,Russia,2021.0,2016,TV-Y,2 Seasons,Kids' TV,0,1
s155,TV Show,Kuroko's Basketball,Japan,2021.0,2015,TV-MA,3 Seasons,Anime Series,0,1
s156,Movie,Labyrinth,United Kingdom,2021.0,1986,PG,101 min,Action & Adventure,1,0
s157,Movie,Letters to Juliet,United States,2021.0,2010,PG,105 min,Comedies,1,0
s158,Movie,Level 16,Canada,2021.0,2018,TV-14,102 min,Sci-Fi & Fantasy,1,0
s159,Movie,Love Don't Cost a Thing,United States,2021.0,2003,PG-13,101 min,Comedies,1,0
s160,Movie,Love in a Puff,Hong Kong,2021.0,2010,TV-MA,103 min,Comedies,1,0
s161,TV Show,Major Dad,United States,2021.0,1992,TV-PG,4 Seasons,TV Comedies,0,1
s162,Movie,Mars Attacks!,United States,2021.0,1996,PG-13,106 min,Comedies,1,0
s163,Movie,Marshall,United States,2021.0,2017,PG-13,118 min,Dramas,1,0
s164,Movie,My Boss's Daughter,United States,2021.0,2003,R,86 min,Comedies,1,0
s165,Movie,Mystery Men,United States,2021.0,1999,PG-13,121 min,Action & Adventure,1,0
s167,Movie,Once Upon a Time in America,Italy,2021.0,1984,R,229 min,Classic Movies,1,0
s168,Movie,Open Season 2,United States,2021.0,2008,PG,76 min,Children & Family Movies,1,0
s169,Movie,Osmosis Jones,United States,2021.0,2001,PG,95 min,Action & Adventure,1,0
s170,Movie,Poseidon,United States,2021.0,2006,PG-13,98 min,Action & Adventure,1,0
s171,Movie,Rhyme & Reason,United States,2021.0,1997,R,89 min,Documentaries,1,0
s172,Movie,Same Kind of Different as Me,United States,2021.0,2017,PG-13,120 min,Dramas,1,0
s173,Movie,School of Rock,United States,2021.0,2003,PG-13,110 min,Comedies,1,0
s174,Movie,Snervous Tyler Oakley,United States,2021.0,2015,PG-13,83 min,Documentaries,1,0
s175,Movie,Tears of the Sun,United States,2021.0,2003,R,121 min,Action & Adventure,1,0
s176,Movie,The Blue Lagoon,United States,2021.0,1980,R,105 min,Dramas,1,0
s177,Movie,The Golden Child,United States,2021.0,1986,PG-13,94 min,Action & Adventure,1,0
s178,Movie,The Guns of Navarone,United Kingdom,2021.0,1961,TV-14,156 min,Action & Adventure,1,0
s179,Movie,The Interview,United States,2021.0,2014,R,112 min,Action & Adventure,1,0
s180,Movie,The Nutty Professor,United States,2021.0,1996,PG-13,95 min,Comedies,1,0
s183,Movie,Welcome Home Roscoe Jenkins,United States,2021.0,2008,PG-13,114 min,Comedies,1,0
s184,Movie,In the Line of Fire,United States,2021.0,1993,R,129 min,Action & Adventure,1,0
s185,TV Show,Sparking Joy,United States,2021.0,2021,TV-PG,1 Season,Reality TV,0,1
s189,Movie,2 Alone in Paris,France,2021.0,2008,TV-MA,97 min,Comedies,1,0
s191,Movie,Thimmarusu,India,2021.0,2021,TV-14,125 min,Dramas,1,0
s192,Movie,Wind River,United Kingdom,2021.0,2017,R,107 min,Dramas,1,0
s193,Movie,C Kkompany,India,2021.0,2008,TV-14,127 min,Action & Adventure,1,0
s196,Movie,EMI: Liya Hai To Chukana Padega,India,2021.0,2008,TV-14,128 min,Comedies,1,0
s199,TV Show,King of Boys: The Return of the King,Nigeria,2021.0,2021,TV-MA,1 Season,Crime TV Shows,0,1
s200,Movie,Koi Aap Sa,India,2021.0,2006,TV-14,135 min,Comedies,1,0
s201,Movie,Krishna Cottage,India,2021.0,2004,TV-14,124 min,Action & Adventure,1,0
s202,Movie,Kucch To Hai,India,2021.0,2003,TV-14,136 min,Dramas,1,0
s203,Movie,Kyaa Kool Hai Hum,India,2021.0,2005,TV-MA,165 min,Comedies,1,0
s204,Movie,Kyaa Kool Hain Hum 3,India,2021.0,2016,TV-MA,124 min,Comedies,1,0
s205,Movie,Kyaa Super Kool Hain Hum,India,2021.0,2012,TV-MA,136 min,Comedies,1,0
s206,Movie,Kyo Kii... Main Jhuth Nahin Bolta,India,2021.0,2001,TV-14,150 min,Comedies,1,0
s207,Movie,"LSD: Love, Sex Aur Dhokha",India,2021.0,2010,TV-MA,112 min,Dramas,1,0
s208,Movie,Mission Istaanbul: Darr Ke Aagey Jeet Hai,India,2021.0,2008,TV-14,119 min,Action & Adventure,1,0
s209,Movie,Once Upon a Time in Mumbaai,India,2021.0,2010,TV-14,133 min,Dramas,1,0
s210,Movie,Once Upon a Time in Mumbai Dobaara!,India,2021.0,2013,TV-14,142 min,Dramas,1,0
s211,Movie,Ragini MMS,India,2021.0,2011,TV-MA,93 min,Horror Movies,1,0
s212,Movie,Ragini MMS 2,India,2021.0,2014,TV-MA,113 min,Horror Movies,1,0
s213,TV Show,Rebellion,Ireland,2021.0,2016,TV-MA,2 Seasons,International TV Shows,0,1
s216,Movie,Shootout at Lokhandwala,India,2021.0,2007,TV-MA,116 min,Action & Adventure,1,0
s217,Movie,Shor In the City,India,2021.0,2011,TV-14,106 min,Comedies,1,0
s218,Movie,The Dirty Picture,India,2021.0,2011,TV-14,145 min,Comedies,1,0
s220,TV Show,EDENS ZERO,Japan,2021.0,2021,TV-14,1 Season,Anime Series,0,1
s221,TV Show,Family Reunion,United States,2021.0,2021,TV-PG,4 Seasons,Kids' TV,0,1
s228,Movie,Really Love,United States,2021.0,2020,TV-MA,95 min,Dramas,1,0
s229,Movie,The November Man,United States,2021.0,2014,R,108 min,Action & Adventure,1,0
s230,Movie,The Old Ways,United States,2021.0,2020,TV-MA,90 min,Horror Movies,1,0
s232,Movie,The Water Man,United States,2021.0,2021,PG,92 min,Children & Family Movies,1,0
s233,TV Show,Wheel of Fortune,United States,2021.0,2019,TV-G,3 Seasons,Reality TV,0,1
s234,Movie,Count Me In,United Kingdom,2021.0,2021,TV-MA,82 min,Documentaries,1,0
s242,TV Show,Manifest,United States,2021.0,2021,TV-14,3 Seasons,TV Dramas,0,1
s248,Movie,Sweet Girl,United States,2021.0,2021,R,110 min,Action & Adventure,1,0
s252,Movie,Like Crazy,United States,2021.0,2011,PG-13,91 min,Dramas,1,0
s254,Movie,Bombay,India,2021.0,1995,TV-14,135 min,Dramas,1,0
s255,TV Show,Go! Go! Cory Carson,United States,2021.0,2021,TV-Y,5 Seasons,Kids' TV,0,1
s260,Movie,Pahuna,India,2021.0,2018,TV-PG,82 min,Comedies,1,0
s264,TV Show,Mother Goose Club,United States,2021.0,2016,TV-Y,2 Seasons,Kids' TV,0,1
s265,Movie,Walk of Shame,United States,2021.0,2014,R,94 min,Comedies,1,0
s266,TV Show,Rascal Does Not Dream of Bunny Girl Senpai,Japan,2021.0,2018,TV-14,1 Season,Anime Series,0,1
s267,TV Show,The Creative Indians,India,2021.0,2020,TV-MA,1 Season,Docuseries,0,1
s268,Movie,The Piano,New Zealand,2021.0,1993,R,121 min,Classic Movies,1,0
s270,TV Show,Winx Club,Italy,2021.0,2015,TV-Y7,2 Seasons,Kids' TV,0,1
s271,Movie,Beckett,Italy,2021.0,2021,TV-MA,110 min,Action & Adventure,1,0
s272,TV Show,Brand New Cherry Flavor,United States,2021.0,2021,TV-MA,1 Season,TV Dramas,0,1
s273,TV Show,Fast & Furious Spy Racers,United States,2021.0,2021,TV-Y7,5 Seasons,Kids' TV,0,1
s274,TV Show,Gone for Good,France,2021.0,2021,TV-MA,1 Season,Crime TV Shows,0,1
s275,TV Show,Grace and Frankie,United States,2021.0,2021,TV-MA,7 Seasons,TV Comedies,0,1
s276,TV Show,The Kingdom,Argentina,2021.0,2021,TV-MA,1 Season,Crime TV Shows,0,1
s277,TV Show,Valeria,Spain,2021.0,2021,TV-MA,2 Seasons,International TV Shows,0,1
s278,TV Show,AlRawabi School for Girls,Jordan,2021.0,2021,TV-14,1 Season,International TV Shows,0,1
s279,Movie,Lokillo: Nothing's the Same,Colombia,2021.0,2021,TV-MA,64 min,Stand-Up Comedy,1,0
s280,Movie,Monster Hunter: Legends of the Guild,United States,2021.0,2021,TV-PG,59 min,Action & Adventure,1,0
s281,TV Show,Bake Squad,United States,2021.0,2021,TV-PG,1 Season,Reality TV,0,1
s282,Movie,Brother Jekwu,Nigeria,2021.0,2016,TV-14,101 min,Comedies,1,0
s283,Movie,La diosa del asfalto,Mexico,2021.0,2020,TV-MA,127 min,Dramas,1,0
s284,Movie,Misha and the Wolves,Belgium,2021.0,2021,PG-13,90 min,Documentaries,1,0
s285,Movie,The Kissing Booth 3,United Kingdom,2021.0,2021,TV-14,114 min,Comedies,1,0
s286,Movie,The Railway Man,Switzerland,2021.0,2013,R,108 min,Dramas,1,0
s287,TV Show,Gabby's Dollhouse,United States,2021.0,2021,TV-Y,2 Seasons,Kids' TV,0,1
s289,TV Show,Las muñecas de la mafia,Colombia,2021.0,2018,TV-MA,1 Season,Crime TV Shows,0,1
s290,TV Show,The Crowned Clown,South Korea,2021.0,2019,TV-14,1 Season,International TV Shows,0,1
s291,Movie,Untold: Malice at the Palace,United States,2021.0,2021,TV-MA,70 min,Documentaries,1,0
s292,TV Show,SHAMAN KING,Japan,2021.0,2021,TV-14,1 Season,Anime Series,0,1
s293,Movie,Quartet,United Kingdom,2021.0,2012,PG-13,98 min,Comedies,1,0
s294,Movie,Slay,South Africa,2021.0,2021,TV-MA,86 min,Comedies,1,0
s296,Movie,The Paper Tigers,United States,2021.0,2021,PG-13,111 min,Action & Adventure,1,0
s297,TV Show,Hit & Run,Israel,2021.0,2021,TV-MA,1 Season,TV Action & Adventure,0,1
s298,TV Show,Navarasa,India,2021.0,2021,TV-MA,1 Season,TV Shows,0,1
s299,Movie,Quam's Money,Nigeria,2021.0,2020,TV-MA,115 min,Comedies,1,0
s300,Movie,The Swarm,France,2021.0,2021,TV-14,102 min,Horror Movies,1,0
s301,Movie,Vivo,Canada,2021.0,2021,PG,100 min,Children & Family Movies,1,0
s302,Movie,Chennai Express,India,2021.0,2013,TV-14,135 min,Action & Adventure,1,0
s303,Movie,City of God: 10 Years Later,Brazil,2021.0,2013,TV-MA,69 min,Documentaries,1,0
s304,Movie,Esperando la carroza,Argentina,2021.0,1985,TV-MA,95 min,Comedies,1,0
s305,Movie,Lady Boss: The Jackie Collins Story,United Kingdom,2021.0,2021,TV-14,97 min,Documentaries,1,0
s306,Movie,Tango Feroz,Argentina,2021.0,1993,TV-MA,124 min,Classic Movies,1,0
s307,Movie,'76,Nigeria,2021.0,2016,TV-PG,118 min,Dramas,1,0
s308,Movie,Aftermath,United States,2021.0,2021,TV-MA,115 min,Horror Movies,1,0
s309,Movie,American Masters: Inventing David Geffen,United States,2021.0,2012,TV-MA,115 min,Movies,1,0
s311,TV Show,Cocaine Cowboys: The Kings of Miami,United States,2021.0,2021,TV-MA,1 Season,Crime TV Shows,0,1
s312,TV Show,Control Z,Mexico,2021.0,2021,TV-MA,2 Seasons,International TV Shows,0,1
s313,TV Show,Cooking With Paris,United States,2021.0,2021,TV-MA,1 Season,Reality TV,0,1
s314,TV Show,Autumn's Concerto,Taiwan,2021.0,2009,TV-14,1 Season,International TV Shows,0,1
s315,Movie,Heavy,United States,2021.0,1995,R,104 min,Dramas,1,0
s316,Movie,Ije: The Journey,United States,2021.0,2010,TV-MA,106 min,Dramas,1,0
s317,TV Show,Office Girls,Taiwan,2021.0,2011,TV-14,1 Season,International TV Shows,0,1
s318,Movie,Pray Away,United States,2021.0,2021,PG-13,102 min,Documentaries,1,0
s320,TV Show,The Prince Who Turns into a Frog,Taiwan,2021.0,2005,TV-14,1 Season,International TV Shows,0,1
s322,TV Show,Two Fathers,Taiwan,2021.0,2013,TV-14,1 Season,International TV Shows,0,1
s323,TV Show,You're My Destiny,Taiwan,2021.0,2008,TV-MA,1 Season,International TV Shows,0,1
s324,TV Show,30 Rock,United States,2021.0,2012,TV-14,7 Seasons,TV Comedies,0,1
s325,TV Show,44 Cats,Italy,2021.0,2020,TV-Y7,3 Seasons,Kids' TV,0,1
s326,Movie,Beethoven,United States,2021.0,1992,PG,87 min,Children & Family Movies,1,0
s327,Movie,Beethoven's 2nd,United States,2021.0,1993,PG,88 min,Children & Family Movies,1,0
s328,Movie,Beowulf,United States,2021.0,2007,PG-13,114 min,Action & Adventure,1,0
s329,Movie,Boyka: Undisputed,Bulgaria,2021.0,2016,R,90 min,Action & Adventure,1,0
s330,Movie,Catch Me If You Can,United States,2021.0,2002,PG-13,142 min,Dramas,1,0
s331,Movie,Cloudy with a Chance of Meatballs,United States,2021.0,2009,PG,90 min,Children & Family Movies,1,0
s333,Movie,Deep Blue Sea,United States,2021.0,1999,R,105 min,Action & Adventure,1,0
s334,Movie,Ferris Bueller's Day Off,United States,2021.0,1986,PG-13,103 min,Classic Movies,1,0
s335,Movie,Five Feet Apart,United States,2021.0,2019,PG-13,116 min,Dramas,1,0
s336,Movie,Freedomland,United States,2021.0,2006,R,113 min,Dramas,1,0
s338,Movie,Good Luck Chuck,United States,2021.0,2007,R,99 min,Comedies,1,0
s339,TV Show,Hunter X Hunter (2011),Japan,2021.0,2014,TV-14,6 Seasons,Anime Series,0,1
s341,Movie,Inception,United States,2021.0,2010,PG-13,148 min,Action & Adventure,1,0
s342,Movie,Magnolia,United States,2021.0,1999,R,189 min,Dramas,1,0
s343,Movie,Major Payne,United States,2021.0,1995,PG-13,97 min,Comedies,1,0
s344,Movie,My Girl,United States,2021.0,1991,PG-13,102 min,Dramas,1,0
s345,Movie,My Girl 2,United States,2021.0,1994,PG,99 min,Children & Family Movies,1,0
s346,Movie,Open Season: Scared Silly,United States,2021.0,2015,PG,85 min,Children & Family Movies,1,0
s347,Movie,Pineapple Express,United States,2021.0,2008,R,112 min,Action & Adventure,1,0
s348,Movie,Planet 51,Spain,2021.0,2009,PG,91 min,Children & Family Movies,1,0
s349,Movie,Poms,United Kingdom,2021.0,2019,PG-13,91 min,Comedies,1,0
s350,Movie,Seabiscuit,United States,2021.0,2003,PG-13,141 min,Dramas,1,0
s351,Movie,Space Cowboys,United States,2021.0,2000,PG-13,130 min,Action & Adventure,1,0
s352,Movie,Team America: World Police,United States,2021.0,2004,R,98 min,Action & Adventure,1,0
s353,Movie,The Edge of Seventeen,United States,2021.0,2016,R,105 min,Comedies,1,0
s354,Movie,The Haunting in Connecticut 2: Ghosts of Georgia,United States,2021.0,2013,R,101 min,Horror Movies,1,0
s355,Movie,The Last Boy Scout,United States,2021.0,1991,R,105 min,Action & Adventure,1,0
s356,Movie,The Lincoln Lawyer,United States,2021.0,2011,R,118 min,Dramas,1,0
s357,Movie,The Losers,United States,2021.0,2010,PG-13,97 min,Action & Adventure,1,0
s358,Movie,The Machinist,Spain,2021.0,2004,R,102 min,Dramas,1,0
s359,Movie,The Net,United States,2021.0,1995,PG-13,114 min,Thrillers,1,0
s360,Movie,The Original Kings of Comedy,United States,2021.0,2000,R,111 min,Stand-Up Comedy,1,0
s361,Movie,Valentine's Day,United States,2021.0,2010,PG-13,125 min,Comedies,1,0
s362,TV Show,Charmed,United States,2021.0,2021,TV-14,3 Seasons,TV Dramas,0,1
s367,TV Show,Glow Up,United Kingdom,2021.0,2021,TV-14,3 Seasons,British TV Shows,0,1
s371,TV Show,Outer Banks,United States,2021.0,2021,TV-MA,2 Seasons,TV Action & Adventure,0,1
s375,Movie,Flower Girl,Nigeria,2021.0,2013,TV-PG,94 min,Comedies,1,0
s378,Movie,Bartkowiak,Poland,2021.0,2021,TV-MA,92 min,Action & Adventure,1,0
s379,Movie,Fantastic Fungi,United States,2021.0,2019,TV-14,81 min,Documentaries,1,0
s381,TV Show,The Flash,United States,2021.0,2021,TV-14,7 Seasons,Crime TV Shows,0,1
s383,TV Show,All American,United States,2021.0,2021,TV-14,3 Seasons,TV Dramas,0,1
s384,Movie,Department,India,2021.0,2012,TV-MA,143 min,Action & Adventure,1,0
s386,TV Show,How to Sell Drugs Online (Fast),Germany,2021.0,2021,TV-MA,3 Seasons,Crime TV Shows,0,1
s387,TV Show,Mighty Express,United States,2021.0,2021,TV-Y,4 Seasons,Kids' TV,0,1
s390,Movie,The Operative,France,2021.0,2019,TV-MA,117 min,Dramas,1,0
s391,TV Show,The Walking Dead,United States,2021.0,2019,TV-MA,10 Seasons,Classic & Cult TV,0,1
s392,TV Show,Wynonna Earp,Canada,2021.0,2020,TV-MA,4 Seasons,International TV Shows,0,1
s393,Movie,Django Unchained,United States,2021.0,2012,R,165 min,Action & Adventure,1,0
s394,Movie,A Second Chance:  Rivals!,Australia,2021.0,2021,PG,91 min,Children & Family Movies,1,0
s402,TV Show,Sky Rojo,Spain,2021.0,2021,TV-MA,2 Seasons,International TV Shows,0,1
s403,Movie,The Last Letter From Your Lover,United Kingdom,2021.0,2021,TV-MA,111 min,Dramas,1,0
s404,TV Show,The Movies That Made Us,United States,2021.0,2021,TV-MA,2 Seasons,Docuseries,0,1
s411,Movie,Chhota Bheem And The Broken Amulet,India,2021.0,2013,TV-Y7,64 min,Children & Family Movies,1,0
s416,Movie,Chhota Bheem aur Krishna,India,2021.0,2009,TV-Y7,68 min,Children & Family Movies,1,0
s426,TV Show,Chicago Med,United States,2021.0,2019,TV-14,5 Seasons,TV Dramas,0,1
s427,Movie,Cousins,New Zealand,2021.0,2021,TV-MA,99 min,Dramas,1,0
s430,Movie,Sanitation Day,Nigeria,2021.0,2020,TV-14,105 min,Dramas,1,0
s434,Movie,Milkwater,United States,2021.0,2020,TV-MA,102 min,Comedies,1,0
s435,TV Show,Okupas,Argentina,2021.0,2020,TV-MA,1 Season,Classic & Cult TV,0,1
s437,Movie,The Tambour of Retribution,Saudi Arabia,2021.0,2021,TV-14,91 min,Dramas,1,0
s438,Movie,Cosmic Sin,United States,2021.0,2021,R,88 min,Action & Adventure,1,0
s440,Movie,Deep,Thailand,2021.0,2021,TV-MA,101 min,Dramas,1,0
s441,TV Show,Explained,United States,2021.0,2021,TV-MA,3 Seasons,Docuseries,0,1
s443,TV Show,Johnny Test,United States,2021.0,2021,TV-Y7,1 Season,Kids' TV,0,1
s446,Movie,The Beguiled,United States,2021.0,2017,R,94 min,Dramas,1,0
s447,Movie,The Book of Henry,United States,2021.0,2017,PG-13,105 min,Dramas,1,0
s448,Movie,The Twilight Saga: Breaking Dawn: Part 1,United States,2021.0,2011,PG-13,117 min,Dramas,1,0
s449,Movie,The Twilight Saga: Breaking Dawn: Part 2,United States,2021.0,2012,PG-13,115 min,Dramas,1,0
s450,Movie,The Twilight Saga: Eclipse,United States,2021.0,2010,PG-13,124 min,Dramas,1,0
s451,Movie,The Twilight Saga: New Moon,United States,2021.0,2009,PG-13,131 min,Dramas,1,0
s452,Movie,Twilight,United States,2021.0,2008,PG-13,122 min,Action & Adventure,1,0
s453,Movie,A Perfect Fit,Indonesia,2021.0,2021,TV-PG,113 min,Comedies,1,0
s454,TV Show,BEASTARS,Japan,2021.0,2021,TV-MA,2 Seasons,Anime Series,0,1
s457,TV Show,Her Private Life,South Korea,2021.0,2019,TV-14,1 Season,International TV Shows,0,1
s458,Movie,Lift Like a Girl,Egypt,2021.0,2021,TV-PG,93 min,Documentaries,1,0
s460,TV Show,Never Have I Ever,United States,2021.0,2021,TV-14,2 Seasons,TV Comedies,0,1
s461,Movie,Surf's Up,United States,2021.0,2007,PG,86 min,Children & Family Movies,1,0
s463,Movie,This Changes Everything,United States,2021.0,2019,TV-MA,96 min,Documentaries,1,0
s464,Movie,A Classic Horror Story,Italy,2021.0,2021,TV-MA,95 min,Horror Movies,1,0
s470,Movie,American Woman,United States,2021.0,2019,TV-MA,87 min,Dramas,1,0
s473,TV Show,Ridley Jones,United States,2021.0,2021,TV-Y,1 Season,Kids' TV,0,1
s474,Movie,Born to Play,United States,2021.0,2020,TV-MA,93 min,Documentaries,1,0
s475,Movie,American Ultra,United States,2021.0,2015,R,96 min,Action & Adventure,1,0
s478,TV Show,Atypical,United States,2021.0,2021,TV-14,4 Seasons,TV Comedies,0,1
s479,TV Show,Biohackers,Germany,2021.0,2021,TV-MA,2 Seasons,International TV Shows,0,1
s487,Movie,Ratchet and Clank,Hong Kong,2021.0,2016,PG,94 min,Children & Family Movies,1,0
s489,TV Show,Virgin River,United States,2021.0,2021,TV-14,3 Seasons,Romantic TV Shows,0,1
s490,Movie,Back to Q82,Kuwait,2021.0,2017,TV-14,104 min,Comedies,1,0
s492,Movie,Home Again,United States,2021.0,2017,PG-13,97 min,Comedies,1,0
s493,Movie,Midnight Sun,United States,2021.0,2018,PG-13,91 min,Dramas,1,0
s494,TV Show,RESIDENT EVIL: Infinite Darkness,United States,2021.0,2021,TV-MA,1 Season,Anime Series,0,1
s495,Movie,Rock the Kasbah,United States,2021.0,2015,R,106 min,Comedies,1,0
s497,Movie,Brick Mansions,France,2021.0,2014,PG-13,90 min,Action & Adventure,1,0
s500,TV Show,Dogs,United States,2021.0,2021,TV-PG,2 Seasons,Docuseries,0,1
s503,Movie,Tango With Me,Nigeria,2021.0,2010,TV-14,104 min,Dramas,1,0
s504,TV Show,The Mire,Poland,2021.0,2021,TV-MA,2 Seasons,Crime TV Shows,0,1
s507,Movie,This Little Love Of Mine,Australia,2021.0,2021,TV-G,92 min,International Movies,1,0
s509,Movie,A Land Imagined,France,2021.0,2019,TV-MA,95 min,Dramas,1,0
s510,TV Show,Ask the StoryBots,United States,2021.0,2019,TV-Y,3 Seasons,Kids' TV,0,1
s511,TV Show,Between,Canada,2021.0,2016,TV-14,2 Seasons,International TV Shows,0,1
s512,TV Show,Chelsea,United States,2021.0,2017,TV-MA,2 Seasons,Stand-Up Comedy & Talk Shows,0,1
s513,TV Show,Code Lyoko,France,2021.0,2007,TV-Y7,4 Seasons,Kids' TV,0,1
s514,TV Show,Colony,United States,2021.0,2018,TV-14,3 Seasons,TV Action & Adventure,0,1
s515,TV Show,Cuckoo,United Kingdom,2021.0,2019,TV-MA,5 Seasons,British TV Shows,0,1
s516,TV Show,Derry Girls,United Kingdom,2021.0,2019,TV-MA,2 Seasons,British TV Shows,0,1
s517,TV Show,Girl from Nowhere,Thailand,2021.0,2021,TV-MA,2 Seasons,International TV Shows,0,1
s518,TV Show,Good Morning Call,Japan,2021.0,2017,TV-14,2 Seasons,International TV Shows,0,1
s519,Movie,Har Kisse Ke Hisse: Kaamyaab,India,2021.0,2020,TV-14,105 min,Dramas,1,0
s520,TV Show,I AM A KILLER,United Kingdom,2021.0,2020,TV-MA,2 Seasons,British TV Shows,0,1
s521,TV Show,I Think You Should Leave with Tim Robinson,United States,2021.0,2021,TV-MA,2 Seasons,TV Comedies,0,1
s522,TV Show,Kim's Convenience,Canada,2021.0,2021,TV-MA,5 Seasons,International TV Shows,0,1
s523,TV Show,Larva,Russia,2021.0,2015,TV-Y7,3 Seasons,Kids' TV,0,1
s524,TV Show,Marcella,United Kingdom,2021.0,2019,TV-MA,3 Seasons,British TV Shows,0,1
s525,TV Show,Midnight Diner: Tokyo Stories,Japan,2021.0,2019,TV-MA,2 Seasons,International TV Shows,0,1
s526,TV Show,My Little Pony: Friendship Is Magic,United States,2021.0,2018,TV-Y,8 Seasons,Kids' TV,0,1
s527,TV Show,Orange Is the New Black,United States,2021.0,2019,TV-MA,7 Seasons,TV Comedies,0,1
s528,TV Show,Puffin Rock,Ireland,2021.0,2016,TV-Y,2 Seasons,Kids' TV,0,1
s529,Movie,Rehmataan,India,2021.0,2012,TV-14,116 min,Dramas,1,0
s530,Movie,Return of the Prodigal Son,Egypt,2021.0,1976,TV-MA,124 min,Dramas,1,0
s531,TV Show,Richie Rich,United States,2021.0,2015,TV-G,2 Seasons,Kids' TV,0,1
s532,Movie,Rise: Ini Kalilah,Malaysia,2021.0,2018,TV-PG,101 min,Dramas,1,0
s533,TV Show,Scream,United States,2021.0,2019,TV-MA,3 Seasons,Crime TV Shows,0,1
s534,TV Show,Shtisel,Israel,2021.0,2021,TV-14,3 Seasons,International TV Shows,0,1
s535,Movie,Si Doel the Movie 2,Indonesia,2021.0,2019,TV-G,95 min,Dramas,1,0
s536,TV Show,Some Assembly Required,Canada,2021.0,2015,TV-Y,2 Seasons,Kids' TV,0,1
s537,TV Show,Tales by Light,Australia,2021.0,2018,TV-14,3 Seasons,Docuseries,0,1
s538,TV Show,Terrace House: Opening New Doors,Japan,2021.0,2018,TV-14,6 Seasons,International TV Shows,0,1
s539,TV Show,The A List,United Kingdom,2021.0,2021,TV-PG,2 Seasons,British TV Shows,0,1
s540,TV Show,The New Legends of Monkey,Australia,2021.0,2020,TV-PG,2 Seasons,Kids' TV,0,1
s541,TV Show,The Worst Witch,United Kingdom,2021.0,2020,TV-G,4 Seasons,British TV Shows,0,1
s542,Movie,Truckbhar Swapna,India,2021.0,2018,TV-14,128 min,Comedies,1,0
s543,Movie,Ujala,India,2021.0,1959,TV-14,143 min,Dramas,1,0
s544,TV Show,Undercover,Belgium,2021.0,2020,TV-MA,2 Seasons,Crime TV Shows,0,1
s545,TV Show,Workin' Moms,Canada,2021.0,2021,TV-MA,5 Seasons,International TV Shows,0,1
s546,TV Show,YooHoo to the Rescue,South Korea,2021.0,2020,TV-Y,3 Seasons,Kids' TV,0,1
s548,TV Show,We the People,United States,2021.0,2021,TV-Y7,1 Season,Kids' TV,0,1
s549,TV Show,Grey's Anatomy,United States,2021.0,2020,TV-14,17 Seasons,Romantic TV Shows,0,1
s552,Movie,Haseen Dillruba,India,2021.0,2021,TV-MA,136 min,International Movies,1,0
s554,TV Show,Mortel,France,2021.0,2019,TV-MA,2 Seasons,Crime TV Shows,0,1
s555,Movie,RattleSnake - The Ahanna Story,Nigeria,2021.0,2020,TV-MA,136 min,Dramas,1,0
s556,Movie,Snowpiercer,South Korea,2021.0,2013,R,126 min,Action & Adventure,1,0
s557,Movie,The 8th Night,South Korea,2021.0,2021,TV-14,116 min,Horror Movies,1,0
s558,Movie,Winchester,Australia,2021.0,2018,PG-13,100 min,Horror Movies,1,0
s559,Movie,6 Bullets,United States,2021.0,2012,R,115 min,Action & Adventure,1,0
s560,Movie,Air Force One,United States,2021.0,1997,R,125 min,Action & Adventure,1,0
s562,Movie,Austin Powers in Goldmember,United States,2021.0,2002,PG-13,94 min,Action & Adventure,1,0
s563,Movie,Austin Powers: International Man of Mystery,United States,2021.0,1997,PG-13,90 min,Comedies,1,0
s564,Movie,Austin Powers: The Spy Who Shagged Me,United States,2021.0,1999,PG-13,95 min,Action & Adventure,1,0
s565,Movie,Boogie Nights,United States,2021.0,1997,R,155 min,Comedies,1,0
s566,TV Show,Bureau of Magical Things,Australia,2021.0,2020,TV-G,1 Season,International TV Shows,0,1
s567,Movie,Charlie's Angels,United States,2021.0,2000,PG-13,98 min,Action & Adventure,1,0
s568,Movie,Congo,United States,2021.0,1995,PG-13,108 min,Action & Adventure,1,0
s569,Movie,Dennis the Menace,United States,2021.0,1993,PG,96 min,Children & Family Movies,1,0
s570,Movie,Dreamy Eyes,Vietnam,2021.0,2019,TV-14,117 min,Dramas,1,0
s573,Movie,Hampstead,United Kingdom,2021.0,2019,PG-13,103 min,Comedies,1,0
s574,Movie,Kung Fu Panda,United States,2021.0,2008,PG,94 min,Children & Family Movies,1,0
s575,Movie,Kung Fu Panda 2,United States,2021.0,2011,PG,93 min,Children & Family Movies,1,0
s576,Movie,Life as We Know It,United States,2021.0,2010,PG-13,115 min,Comedies,1,0
s577,Movie,Mary Magdalene,United Kingdom,2021.0,2019,R,120 min,Dramas,1,0
s579,Movie,Memoirs of a Geisha,France,2021.0,2005,PG-13,145 min,Dramas,1,0
s580,Movie,Midnight Run,United States,2021.0,1988,R,126 min,Action & Adventure,1,0
s582,Movie,Mortal Kombat,United States,2021.0,1995,PG-13,101 min,Action & Adventure,1,0
s583,Movie,Mother's Day,United States,2021.0,2016,PG-13,118 min,Comedies,1,0
s584,Movie,No Strings Attached,United States,2021.0,2011,R,109 min,Comedies,1,0
s585,Movie,Not Another Teen Movie,United States,2021.0,2001,R,89 min,Comedies,1,0
s586,Movie,Ophelia,United Kingdom,2021.0,2018,PG-13,106 min,Dramas,1,0
s589,TV Show,Rainbow Rangers,United States,2021.0,2018,TV-Y,1 Season,Kids' TV,0,1
s590,Movie,Red Joan,United Kingdom,2021.0,2019,R,101 min,Dramas,1,0
s592,Movie,Seven Pounds,United States,2021.0,2008,PG-13,123 min,Dramas,1,0
s593,Movie,She's Out of My League,United States,2021.0,2010,R,106 min,Comedies,1,0
s594,Movie,Snow Day,United States,2021.0,2000,PG,89 min,Children & Family Movies,1,0
s595,Movie,Star Trek,United States,2021.0,2009,PG-13,128 min,Action & Adventure,1,0
s596,Movie,Stuart Little,Germany,2021.0,1999,PG,85 min,Children & Family Movies,1,0
s597,Movie,Sword of Trust,United States,2021.0,2019,R,89 min,Comedies,1,0
s598,Movie,Talladega Nights: The Ballad of Ricky Bobby,United States,2021.0,2006,PG-13,108 min,Action & Adventure,1,0
s599,Movie,The American,United States,2021.0,2010,R,105 min,Dramas,1,0
s600,Movie,The Best of Enemies,United States,2021.0,2019,PG-13,133 min,Dramas,1,0
s601,Movie,The Game,United States,2021.0,1997,R,129 min,Thrillers,1,0
s602,Movie,The Karate Kid,United States,2021.0,1984,PG,127 min,Action & Adventure,1,0
s603,Movie,The Karate Kid Part II,United States,2021.0,1986,PG,113 min,Action & Adventure,1,0
s604,Movie,The Karate Kid Part III,United States,2021.0,1989,PG,112 min,Children & Family Movies,1,0
s605,Movie,The Life of David Gale,United Kingdom,2021.0,2003,R,130 min,Dramas,1,0
s606,Movie,The Long Riders,United States,2021.0,1980,R,100 min,Action & Adventure,1,0
s607,Movie,The Queen,United Kingdom,2021.0,2006,PG-13,103 min,Dramas,1,0
s608,Movie,The Strangers,United States,2021.0,2008,R,85 min,Horror Movies,1,0
s609,Movie,The Sum of All Fears,United States,2021.0,2002,PG-13,124 min,Action & Adventure,1,0
s610,Movie,The Tourist,United States,2021.0,2010,PG-13,103 min,Action & Adventure,1,0
s611,Movie,Underworld,United States,2021.0,2003,R,121 min,Action & Adventure,1,0
s612,Movie,Underworld: Awakening,United States,2021.0,2012,R,89 min,Action & Adventure,1,0
s613,Movie,Underworld: Rise of the Lycans,United States,2021.0,2009,R,92 min,Action & Adventure,1,0
s614,Movie,Voiceless,Nigeria,2021.0,2020,TV-MA,112 min,Dramas,1,0
s615,Movie,What Dreams May Come,United States,2021.0,1998,PG-13,114 min,Dramas,1,0
s616,Movie,Why Do Fools Fall in Love,United States,2021.0,1998,R,116 min,Dramas,1,0
s618,TV Show,Young Royals,Sweden,2021.0,2021,TV-MA,1 Season,International TV Shows,0,1
s619,Movie,America: The Motion Picture,United States,2021.0,2021,TV-MA,98 min,Action & Adventure,1,0
s621,TV Show,Droppin' Cash: Los Angeles,United States,2021.0,2019,TV-MA,1 Season,Reality TV,0,1
s623,Movie,Lying and Stealing,United States,2021.0,2019,R,100 min,Thrillers,1,0
s626,TV Show,Somos.,Mexico,2021.0,2021,TV-MA,1 Season,Crime TV Shows,0,1
s628,TV Show,The Daily Life of the Immortal King,China,2021.0,2020,TV-14,1 Season,Anime Series,0,1
s629,TV Show,StarBeam,United States,2021.0,2021,TV-Y,4 Seasons,Kids' TV,0,1
s631,Movie,Killing Them Softly,United States,2021.0,2012,R,97 min,Dramas,1,0
s632,TV Show,The Seven Deadly Sins,Japan,2021.0,2021,TV-14,5 Seasons,Anime Series,0,1
s635,Movie,Wonder Boy,France,2021.0,2019,TV-14,83 min,Documentaries,1,0
s636,Movie,Here Comes the Rain,Lebanon,2021.0,2010,TV-MA,101 min,Dramas,1,0
s637,Movie,The Ice Road,United States,2021.0,2021,PG-13,109 min,Action & Adventure,1,0
s639,TV Show,Sex/Life,United States,2021.0,2021,TV-MA,1 Season,Romantic TV Shows,0,1
s643,TV Show,The Naked Director,Japan,2021.0,2021,TV-MA,2 Seasons,International TV Shows,0,1
s644,Movie,The Seventh Day,United States,2021.0,2021,R,87 min,Horror Movies,1,0
s649,TV Show,Too Hot to Handle,United States,2021.0,2021,TV-MA,2 Seasons,Reality TV,0,1
s651,Movie,O Vendedor de Sonhos,Brazil,2021.0,2016,TV-14,96 min,Dramas,1,0
s652,Movie,Osuofia in London,Nigeria,2021.0,2003,TV-MA,84 min,Comedies,1,0
s655,Movie,#Selfie,Romania,2021.0,2014,TV-MA,125 min,Comedies,1,0
s656,Movie,#Selfie 69,Romania,2021.0,2016,TV-MA,119 min,Comedies,1,0
s657,Movie,Love Is a Story,Romania,2021.0,2015,TV-MA,105 min,International Movies,1,0
s658,TV Show,The Mole,United States,2021.0,2001,TV-14,2 Seasons,Reality TV,0,1
s660,TV Show,Bangkok Love Stories: Innocence,Thailand,2021.0,2018,TV-14,1 Season,International TV Shows,0,1
s661,TV Show,Black Lightning,United States,2021.0,2021,TV-14,4 Seasons,TV Action & Adventure,0,1
s662,TV Show,Call My Agent!,France,2021.0,2018,TV-MA,4 Seasons,International TV Shows,0,1
s663,TV Show,Champions,United States,2021.0,2018,TV-14,1 Season,TV Comedies,0,1
s665,TV Show,Cleo & Cuquin,Spain,2021.0,2020,TV-Y,2 Seasons,Kids' TV,0,1
s666,TV Show,Deadwind,Finland,2021.0,2020,TV-MA,2 Seasons,Crime TV Shows,0,1
s668,TV Show,Glee,United States,2021.0,2015,TV-14,6 Seasons,TV Comedies,0,1
s669,TV Show,Hap and Leonard,United States,2021.0,2018,TV-MA,3 Seasons,Crime TV Shows,0,1
s670,TV Show,Locked Up,Spain,2021.0,2020,TV-MA,5 Seasons,Crime TV Shows,0,1
s674,TV Show,No Time for Shame,Argentina,2021.0,2019,TV-MA,1 Season,International TV Shows,0,1
s675,TV Show,Pose,United States,2021.0,2019,TV-MA,2 Seasons,TV Dramas,0,1
s676,TV Show,REA(L)OVE,Japan,2021.0,2018,TV-MA,1 Season,International TV Shows,0,1
s677,TV Show,Riverdale,United States,2021.0,2019,TV-14,4 Seasons,Crime TV Shows,0,1
s678,TV Show,Schitt's Creek,Canada,2021.0,2020,TV-MA,6 Seasons,TV Comedies,0,1
s679,TV Show,The Assassination of Gianni Versace,United States,2021.0,2018,TV-MA,1 Season,Crime TV Shows,0,1
s680,TV Show,The Judgement,Thailand,2021.0,2018,TV-MA,1 Season,Crime TV Shows,0,1
s681,TV Show,The Last Dance,United States,2021.0,2020,TV-MA,1 Season,Docuseries,0,1
s682,TV Show,They've Gotta Have Us,United Kingdom,2021.0,2018,TV-MA,1 Season,British TV Shows,0,1
s683,TV Show,Why Are You Like This,Australia,2021.0,2021,TV-MA,1 Season,International TV Shows,0,1
s685,TV Show,Elite,Spain,2021.0,2021,TV-MA,4 Seasons,Crime TV Shows,0,1
s686,Movie,Fatherhood,United States,2021.0,2021,PG-13,111 min,Dramas,1,0
s687,TV Show,Hospital Playlist,South Korea,2021.0,2021,TV-14,2 Seasons,International TV Shows,0,1
s689,Movie,Kambili: The Whole 30 Yards,Nigeria,2021.0,2020,TV-14,119 min,Comedies,1,0
s695,Movie,Aziza,Lebanon,2021.0,2019,TV-PG,13 min,Comedies,1,0
s697,TV Show,Black Summer,Canada,2021.0,2021,TV-MA,2 Seasons,TV Action & Adventure,0,1
s699,Movie,Fan Girl,Philippines,2021.0,2020,TV-MA,101 min,Dramas,1,0
s700,TV Show,Katla,Iceland,2021.0,2021,TV-MA,1 Season,International TV Shows,0,1
s702,Movie,Red Snow,Canada,2021.0,2019,TV-MA,96 min,Dramas,1,0
s703,Movie,Silver Linings Playbook,United States,2021.0,2012,R,122 min,Comedies,1,0
s704,TV Show,The Gift,Turkey,2021.0,2021,TV-MA,3 Seasons,International TV Shows,0,1
s706,Movie,Biking Borders,Germany,2021.0,2019,TV-14,89 min,Documentaries,1,0
s709,Movie,Lowriders,United States,2021.0,2016,PG-13,98 min,Dramas,1,0
s710,TV Show,Millennials,Argentina,2021.0,2020,TV-MA,3 Seasons,International TV Shows,0,1
s712,Movie,Security,Italy,2021.0,2021,TV-MA,119 min,Dramas,1,0
s714,TV Show,Avengers Climate Conundrum,United States,2021.0,2020,TV-Y7,1 Season,Kids' TV,0,1
s717,Movie,FTA,United States,2021.0,1972,TV-MA,104 min,Documentaries,1,0
s719,Movie,Life of Crime,United States,2021.0,2013,R,101 min,Comedies,1,0
s720,TV Show,Power Rangers Dino Fury,United States,2021.0,2021,TV-G,1 Season,Kids' TV,0,1
s722,Movie,Rogue Warfare: Death of a Nation,United States,2021.0,2020,R,99 min,Action & Adventure,1,0
s723,Movie,Sir! No Sir!,United States,2021.0,2005,TV-MA,84 min,Documentaries,1,0
s724,TV Show,The American Bible Challenge,United States,2021.0,2014,TV-G,1 Season,Reality TV,0,1
s725,Movie,The Reason I Jump,United States,2021.0,2021,TV-14,82 min,Documentaries,1,0
s727,TV Show,Metallica: Some Kind of Monster,United States,2021.0,2014,TV-MA,1 Season,TV Shows,0,1
s728,Movie,Picture a Scientist,United States,2021.0,2020,TV-MA,97 min,Documentaries,1,0
s729,Movie,The Devil Below,United States,2021.0,2021,TV-MA,89 min,Horror Movies,1,0
s732,TV Show,Love (ft. Marriage and Divorce),South Korea,2021.0,2021,TV-14,2 Seasons,International TV Shows,0,1
s734,TV Show,LEGO Friends: The Power of Friendship,Denmark,2021.0,2016,TV-Y7,2 Seasons,Kids' TV,0,1
s735,TV Show,Lupin,France,2021.0,2021,TV-MA,2 Seasons,Crime TV Shows,0,1
s736,Movie,Sarbath,India,2021.0,2021,TV-PG,113 min,Comedies,1,0
s737,Movie,Skater Girl,United States,2021.0,2021,PG,110 min,Children & Family Movies,1,0
s738,TV Show,Trese,Philippines,2021.0,2021,TV-MA,1 Season,Anime Series,0,1
s740,Movie,Wish Dragon,China,2021.0,2021,PG,102 min,Children & Family Movies,1,0
s741,Movie,A Haunted House 2,United States,2021.0,2014,R,86 min,Comedies,1,0
s742,Movie,Blind Intersections,Lebanon,2021.0,2012,TV-MA,91 min,Dramas,1,0
s743,Movie,Camellia Sisters,Vietnam,2021.0,2021,TV-MA,117 min,Dramas,1,0
s744,Movie,Copenhagen,Canada,2021.0,2014,TV-MA,99 min,Dramas,1,0
s745,TV Show,Locombianos,Colombia,2021.0,2021,TV-MA,1 Season,International TV Shows,0,1
s746,Movie,Until Midnight,United Arab Emirates,2021.0,2019,TV-14,77 min,International Movies,1,0
s747,Movie,Awake,United States,2021.0,2021,TV-MA,97 min,Dramas,1,0
s748,Movie,Confusion Na Wa,Nigeria,2021.0,2013,TV-MA,106 min,Comedies,1,0
s749,TV Show,"Fresh, Fried & Crispy",United States,2021.0,2021,TV-PG,1 Season,Reality TV,0,1
s750,TV Show,L.A.’s Finest,United States,2021.0,2021,TV-MA,2 Seasons,Crime TV Shows,0,1
s751,Movie,Tragic Jungle,Mexico,2021.0,2021,TV-MA,97 min,Dramas,1,0
s753,Movie,Vampire Academy,United States,2021.0,2014,PG-13,104 min,Action & Adventure,1,0
s754,TV Show,"Newly Rich, Newly Poor",Colombia,2021.0,2007,TV-MA,1 Season,International TV Shows,0,1
s755,Movie,A Private War,United Kingdom,2021.0,2018,R,110 min,Dramas,1,0
s756,Movie,Kitty Love: An Homage to Cats,Netherlands,2021.0,2021,TV-G,61 min,Children & Family Movies,1,0
s757,Movie,Small Chops,Nigeria,2021.0,2020,TV-MA,98 min,Dramas,1,0
s758,Movie,Breaking Boundaries: The Science Of Our Planet,United States,2021.0,2021,TV-PG,74 min,Documentaries,1,0
s759,TV Show,Feel Good,United Kingdom,2021.0,2021,TV-MA,2 Seasons,Romantic TV Shows,0,1
s763,Movie,Sweet & Sour,South Korea,2021.0,2021,TV-14,103 min,Comedies,1,0
s764,TV Show,Sweet Tooth,United States,2021.0,2021,TV-14,1 Season,TV Action & Adventure,0,1
s765,Movie,Trippin' with the Kandasamys,South Africa,2021.0,2021,TV-14,94 min,Comedies,1,0
s766,Movie,Xtreme,Spain,2021.0,2021,TV-MA,112 min,Action & Adventure,1,0
s767,Movie,Alan Saldaña: Locked Up,Mexico,2021.0,2021,TV-MA,49 min,Stand-Up Comedy,1,0
s768,TV Show,Creator's File: GOLD,Japan,2021.0,2021,TV-14,1 Season,International TV Shows,0,1
s769,Movie,Dancing Queens,Sweden,2021.0,2021,TV-MA,111 min,Comedies,1,0
s770,Movie,From Stress to Happiness,Argentina,2021.0,2020,TV-G,58 min,Documentaries,1,0
s771,Movie,Myriam Fares: The Journey,United Arab Emirates,2021.0,2021,TV-14,72 min,Documentaries,1,0
s773,TV Show,Summertime,Italy,2021.0,2021,TV-MA,2 Seasons,International TV Shows,0,1
s774,Movie,The Girl and the Gun,Philippines,2021.0,2019,TV-MA,78 min,Dramas,1,0
s775,Movie,2 Hearts,United States,2021.0,2020,PG-13,101 min,Dramas,1,0
s776,Movie,A Perfect Ending,United States,2021.0,2012,TV-MA,110 min,Dramas,1,0
s777,Movie,American Outlaws,United States,2021.0,2001,PG-13,94 min,Action & Adventure,1,0
s778,Movie,And Then Came Lola,United States,2021.0,2009,TV-MA,70 min,Comedies,1,0
s779,TV Show,Attack on Titan,Japan,2021.0,2013,TV-MA,1 Season,Anime Series,0,1
s780,Movie,Battlefield Earth,United States,2021.0,2000,PG-13,118 min,Action & Adventure,1,0
s781,TV Show,Ben & Holly's Little Kingdom,United Kingdom,2021.0,2019,TV-Y,2 Seasons,Kids' TV,0,1
s783,Movie,Bliss,Canada,2021.0,1997,R,103 min,Dramas,1,0
s784,Movie,Carnaval,Brazil,2021.0,2021,TV-MA,95 min,Comedies,1,0
s785,Movie,Cloudburst,United States,2021.0,2011,TV-MA,93 min,Comedies,1,0
s786,TV Show,Cocomelon,United States,2021.0,2021,TV-Y,3 Seasons,Kids' TV,0,1
s787,Movie,Company of Heroes,United States,2021.0,2013,R,101 min,Action & Adventure,1,0
s788,Movie,Cradle 2 the Grave,United States,2021.0,2003,R,101 min,Action & Adventure,1,0
s789,Movie,Domestic Disturbance,United States,2021.0,2001,PG-13,89 min,Thrillers,1,0
s790,TV Show,Downton Abbey,United Kingdom,2021.0,2015,TV-14,6 Seasons,British TV Shows,0,1
s791,Movie,Dream/Killer,United States,2021.0,2015,TV-MA,109 min,Documentaries,1,0
s792,Movie,Felon,United States,2021.0,2008,R,104 min,Action & Adventure,1,0
s793,Movie,Flipped,United States,2021.0,2010,PG,90 min,Comedies,1,0
s794,Movie,Fools Rush In,United States,2021.0,1997,PG-13,109 min,Comedies,1,0
s795,Movie,Gold Statue,Nigeria,2021.0,2019,TV-14,145 min,Comedies,1,0
s796,TV Show,Happy Endings,United States,2021.0,2012,TV-14,3 Seasons,TV Comedies,0,1
s797,Movie,Hostel: Part III,United States,2021.0,2011,R,88 min,Cult Movies,1,0
s798,Movie,I Am Sam,United States,2021.0,2001,PG-13,132 min,Dramas,1,0
s799,Movie,Love Jones,United States,2021.0,1997,R,109 min,Comedies,1,0
s800,Movie,Million Dollar Baby,United States,2021.0,2004,PG-13,133 min,Dramas,1,0
s801,Movie,Mosquita y Mari,United States,2021.0,2012,TV-14,85 min,Dramas,1,0
s802,Movie,Never Back Down 2: The Beatdown,United States,2021.0,2011,R,104 min,Action & Adventure,1,0
s803,Movie,Ninja Assassin,Germany,2021.0,2009,R,99 min,Action & Adventure,1,0
s804,TV Show,Ouran High School Host Club,Japan,2021.0,2006,TV-PG,1 Season,Anime Series,0,1
s805,Movie,Population 436,Canada,2021.0,2006,R,93 min,Horror Movies,1,0
s809,Movie,Sniper: Legacy,United States,2021.0,2014,R,98 min,Action & Adventure,1,0
s810,Movie,Starsky & Hutch,United States,2021.0,2004,PG-13,101 min,Action & Adventure,1,0
s811,Movie,Streets of Fire,United States,2021.0,1984,PG,94 min,Action & Adventure,1,0
s813,Movie,Swordfish,United States,2021.0,2001,R,99 min,Action & Adventure,1,0
s814,TV Show,The Adventures of Sonic the Hedgehog,United States,2021.0,1993,TV-Y7,1 Season,Kids' TV,0,1
s815,Movie,The Four Seasons,United States,2021.0,1981,PG,108 min,Comedies,1,0
s817,Movie,The Interpreter,United Kingdom,2021.0,2005,PG-13,128 min,Thrillers,1,0
s818,Movie,The Meddler,United States,2021.0,2015,PG-13,104 min,Comedies,1,0
s819,Movie,The Mirror Has Two Faces,United States,2021.0,1996,PG-13,127 min,Comedies,1,0
s820,Movie,The Outlaw Josey Wales,United States,2021.0,1976,PG,136 min,Action & Adventure,1,0
s821,TV Show,The Platform,United Arab Emirates,2021.0,2021,TV-14,3 Seasons,International TV Shows,0,1
s822,Movie,The Wedding Guest,United Kingdom,2021.0,2018,R,97 min,Dramas,1,0
s823,Movie,The Wind,United States,2021.0,2019,R,88 min,Horror Movies,1,0
s824,Movie,Then Came You,United States,2021.0,2019,TV-MA,97 min,Comedies,1,0
s825,Movie,Welcome Home,United States,2021.0,2018,R,97 min,Thrillers,1,0
s826,TV Show,Dirty John,United States,2021.0,2020,TV-MA,2 Seasons,Crime TV Shows,0,1
s827,Movie,Bo Burnham: Inside,United States,2021.0,2021,TV-MA,88 min,Stand-Up Comedy,1,0
s829,Movie,Collateral Beauty,United States,2021.0,2016,PG-13,97 min,Dramas,1,0
s831,TV Show,The Kominsky Method,United States,2021.0,2021,TV-MA,3 Seasons,TV Comedies,0,1
s834,TV Show,Black Space,Israel,2021.0,2021,TV-MA,1 Season,Crime TV Shows,0,1
s835,Movie,Blue Miracle,United States,2021.0,2021,TV-PG,97 min,Children & Family Movies,1,0
s837,Movie,Ghost Lab,Thailand,2021.0,2021,TV-MA,118 min,Horror Movies,1,0
s838,TV Show,Ragnarok,Norway,2021.0,2021,TV-MA,2 Seasons,International TV Shows,0,1
s839,Movie,Soy Rada: Serendipity,Argentina,2021.0,2021,TV-MA,70 min,Stand-Up Comedy,1,0
s840,Movie,The Day I lost My Shadow,Syria,2021.0,2018,TV-MA,91 min,Dramas,1,0
s841,Movie,Baggio: The Divine Ponytail,Italy,2021.0,2021,TV-MA,92 min,Dramas,1,0
s844,TV Show,JoJo's Bizarre Adventure,Japan,2021.0,2016,TV-MA,3 Seasons,Anime Series,0,1
s847,Movie,Home,United States,2021.0,2015,PG,94 min,Children & Family Movies,1,0
s849,TV Show,Master of None,United States,2021.0,2021,TV-MA,3 Seasons,TV Comedies,0,1
s851,Movie,99 Songs,India,2021.0,2021,TV-14,131 min,Dramas,1,0
s854,Movie,Army of the Dead,United States,2021.0,2021,R,148 min,Action & Adventure,1,0
s856,TV Show,Jurassic World Camp Cretaceous,United States,2021.0,2021,TV-Y7,3 Seasons,Kids' TV,0,1
s858,TV Show,The Neighbor,Spain,2021.0,2021,TV-MA,2 Seasons,International TV Shows,0,1
s860,Movie,Asmaa,Egypt,2021.0,2011,TV-14,92 min,Dramas,1,0
s861,Movie,Hating Peter Tatchell,Australia,2021.0,2020,TV-MA,91 min,Documentaries,1,0
s863,TV Show,Special,United States,2021.0,2021,TV-MA,2 Seasons,TV Comedies,0,1
s864,Movie,Spy Kids: All the Time in the World,United States,2021.0,2011,PG,88 min,Children & Family Movies,1,0
s866,Movie,Sabotage,United States,2021.0,2014,R,109 min,Action & Adventure,1,0
s867,Movie,Small Town Crime,United States,2021.0,2017,R,92 min,Thrillers,1,0
s868,Movie,The Last Days,United States,2021.0,1998,PG-13,87 min,Documentaries,1,0
s869,TV Show,The Magic School Bus,Canada,2021.0,1997,TV-Y,1 Season,Kids' TV,0,1
s870,TV Show,Who Killed Sara?,Mexico,2021.0,2021,TV-MA,2 Seasons,Crime TV Shows,0,1
s871,Movie,Amy Tan: Unintended Memoir,United States,2021.0,2021,TV-14,101 min,Documentaries,1,0
s872,Movie,Sardar Ka Grandson,India,2021.0,2021,TV-14,140 min,Comedies,1,0
s873,Movie,Sleight,United States,2021.0,2016,R,89 min,Dramas,1,0
s874,Movie,Ahaan,India,2021.0,2021,TV-MA,81 min,Dramas,1,0
s875,TV Show,Booba: Food Puzzle,United Kingdom,2021.0,2021,TV-Y,1 Season,Kids' TV,0,1
s877,TV Show,Alma Matters,India,2021.0,2021,TV-MA,1 Season,Docuseries,0,1
s878,Movie,Cinema Bandi,India,2021.0,2021,TV-MA,99 min,Comedies,1,0
s879,Movie,Ferry,Belgium,2021.0,2021,TV-MA,107 min,Dramas,1,0
s880,TV Show,Halston,United States,2021.0,2021,TV-MA,1 Season,TV Dramas,0,1
s881,TV Show,Haunted,United States,2021.0,2021,TV-MA,3 Seasons,Reality TV,0,1
s882,Movie,I Am All Girls,South Africa,2021.0,2021,TV-MA,107 min,Dramas,1,0
s883,Movie,Jungle Beat: The Movie,Mauritius,2021.0,2021,TV-Y7,90 min,Children & Family Movies,1,0
s884,TV Show,"Love, Death & Robots",United States,2021.0,2021,TV-MA,2 Seasons,TV Action & Adventure,0,1
s885,TV Show,Move to Heaven,South Korea,2021.0,2021,TV-MA,1 Season,International TV Shows,0,1
s886,Movie,Table Manners,Canada,2021.0,2018,TV-MA,104 min,Comedies,1,0
s888,Movie,The Strange House,Austria,2021.0,2020,TV-MA,100 min,Horror Movies,1,0
s890,Movie,The Woman in the Window,United States,2021.0,2021,R,102 min,Dramas,1,0
s891,TV Show,Castlevania,United States,2021.0,2021,TV-MA,4 Seasons,Anime Series,0,1
s892,Movie,Layer Cake,United Kingdom,2021.0,2004,R,105 min,Independent Movies,1,0
s893,Movie,Tottaa Pataaka Item Maal,India,2021.0,2018,TV-MA,107 min,Dramas,1,0
s895,Movie,Dance of the Forty One,Mexico,2021.0,2021,TV-MA,99 min,Dramas,1,0
s896,Movie,Oxygen,France,2021.0,2021,TV-14,102 min,Dramas,1,0
s897,TV Show,The Upshaws,United States,2021.0,2021,TV-14,1 Season,TV Comedies,0,1
s900,Movie,Illegal Woman,Spain,2021.0,2020,TV-MA,119 min,Dramas,1,0
s901,TV Show,"Money, Explained",United States,2021.0,2021,TV-14,1 Season,Docuseries,0,1
s902,Movie,Deadly Switch,United States,2021.0,2019,TV-PG,86 min,Independent Movies,1,0
s903,TV Show,Mine,South Korea,2021.0,2021,TV-14,1 Season,International TV Shows,0,1
s904,Movie,Nayattu,India,2021.0,2021,TV-MA,122 min,Dramas,1,0
s905,Movie,Sleepless,United States,2021.0,2017,R,95 min,Action & Adventure,1,0
s906,Movie,Super Me,China,2021.0,2021,TV-14,104 min,Action & Adventure,1,0
s907,Movie,Have You Ever Seen Fireflies? - Theatre Play,Turkey,2021.0,1999,TV-MA,118 min,Dramas,1,0
s908,Movie,In Our Mothers' Gardens,United States,2021.0,2020,TV-MA,85 min,Documentaries,1,0
s909,TV Show,Jupiter's Legacy,United States,2021.0,2021,TV-MA,1 Season,TV Action & Adventure,0,1
s910,Movie,Milestone,India,2021.0,2021,TV-14,98 min,Dramas,1,0
s911,Movie,Monster,United States,2021.0,2021,TV-MA,99 min,Dramas,1,0
s912,TV Show,Sab Jholmaal Hai,India,2021.0,2017,TV-Y7,2 Seasons,Kids' TV,0,1
s914,Movie,Time to Dance,India,2021.0,2020,TV-PG,107 min,Dramas,1,0
s915,Movie,Unrest,United Kingdom,2021.0,2017,TV-MA,97 min,Documentaries,1,0
s916,Movie,And Tomorrow the Entire World,Germany,2021.0,2020,TV-MA,112 min,Dramas,1,0
s917,Movie,Dead Man Down,United States,2021.0,2013,R,118 min,Action & Adventure,1,0
s918,Movie,Framing John DeLorean,United States,2021.0,2019,TV-MA,109 min,Documentaries,1,0
s919,TV Show,Lava Ka Dhaava,India,2021.0,2021,TV-PG,1 Season,Reality TV,0,1
s920,TV Show,The Sons of Sam: A Descent into Darkness,United States,2021.0,2021,TV-MA,1 Season,Crime TV Shows,0,1
s921,TV Show,Selena: The Series,Mexico,2021.0,2020,TV-PG,2 Seasons,TV Dramas,0,1
s922,TV Show,StartUp,United States,2021.0,2018,TV-MA,3 Seasons,Crime TV Shows,0,1
s923,Movie,The Clovehitch Killer,United States,2021.0,2018,TV-MA,109 min,Dramas,1,0
s925,Movie,Aliens Stole My Body,United States,2021.0,2020,PG,88 min,Children & Family Movies,1,0
s927,Movie,Au coeur des gangs,United States,2021.0,2006,R,97 min,Action & Adventure,1,0
s929,Movie,Best of the Best,United States,2021.0,1989,PG-13,97 min,Action & Adventure,1,0
s931,Movie,Due Date,United States,2021.0,2010,R,95 min,Action & Adventure,1,0
s932,Movie,Fun with Dick & Jane,United States,2021.0,2005,PG-13,91 min,Comedies,1,0
s933,Movie,Green Zone,United Kingdom,2021.0,2010,R,115 min,Action & Adventure,1,0
s934,Movie,Hachi: A Dog's Tale,United Kingdom,2021.0,2009,G,93 min,Children & Family Movies,1,0
s935,Movie,JT LeRoy,United Kingdom,2021.0,2018,R,109 min,Dramas,1,0
s936,Movie,Madagascar 3: Europe's Most Wanted,United States,2021.0,2012,PG,96 min,Children & Family Movies,1,0
s943,Movie,Mystic River,United States,2021.0,2003,R,138 min,Dramas,1,0
s944,Movie,Never Back Down,United States,2021.0,2008,PG-13,113 min,Action & Adventure,1,0
s945,Movie,S.M.A.R.T Chase,China,2021.0,2018,TV-MA,94 min,Action & Adventure,1,0
s946,Movie,Sitting in Limbo,United Kingdom,2021.0,2020,TV-MA,89 min,Dramas,1,0
s947,Movie,Stargate,United States,2021.0,1994,PG-13,121 min,Action & Adventure,1,0
s948,Movie,State of Play,United States,2021.0,2009,PG-13,127 min,Dramas,1,0
s949,Movie,Swiped,United States,2021.0,2018,TV-14,94 min,Comedies,1,0
s950,Movie,The Darkest Hour,United States,2021.0,2011,PG-13,89 min,Action & Adventure,1,0
s951,Movie,The Lovely Bones,United States,2021.0,2009,PG-13,136 min,Dramas,1,0
s952,Movie,The Sweetest Thing,United States,2021.0,2002,R,89 min,Comedies,1,0
s953,Movie,The Whole Nine Yards,United States,2021.0,2000,R,99 min,Action & Adventure,1,0
s954,Movie,The Whole Truth,United States,2021.0,2016,R,93 min,Dramas,1,0
s955,Movie,The Yeti Adventures,Canada,2021.0,2018,TV-PG,85 min,Children & Family Movies,1,0
s956,Movie,Under Siege,France,2021.0,1992,R,102 min,Action & Adventure,1,0
s957,Movie,Zack and Miri Make a Porno,United States,2021.0,2008,R,101 min,Comedies,1,0
s960,Movie,The Disciple,India,2021.0,2021,TV-MA,128 min,Dramas,1,0
s963,Movie,The Strangers: Prey at Night,United States,2021.0,2018,R,85 min,Horror Movies,1,0
s967,Movie,Get the Grift,Brazil,2021.0,2021,TV-MA,95 min,Comedies,1,0
s969,TV Show,Sexify,Poland,2021.0,2021,TV-MA,1 Season,International TV Shows,0,1
s970,Movie,August: Osage County,United States,2021.0,2014,R,121 min,Dramas,1,0
s971,Movie,Battle: Los Angeles,United States,2021.0,2011,PG-13,116 min,Action & Adventure,1,0
s972,Movie,Between Worlds,Spain,2021.0,2018,R,91 min,Thrillers,1,0
s973,TV Show,Fatma,Turkey,2021.0,2021,TV-MA,1 Season,International TV Shows,0,1
s974,Movie,One,India,2021.0,2020,TV-PG,149 min,Dramas,1,0
s975,Movie,Ram Prasad Ki Tehrvi,India,2021.0,2019,TV-14,113 min,Dramas,1,0
s976,Movie,Shadow and Bone - The Afterparty,United States,2021.0,2021,TV-14,33 min,Action & Adventure,1,0
s977,Movie,Among Family,Turkey,2021.0,2017,TV-14,127 min,Comedies,1,0
s978,Movie,Dedemin Fisi,Turkey,2021.0,2016,TV-14,101 min,Comedies,1,0
s979,Movie,Deliha,Turkey,2021.0,2014,TV-MA,102 min,Comedies,1,0
s980,Movie,Düğün Dernek,Turkey,2021.0,2013,TV-MA,102 min,Comedies,1,0
s981,Movie,Dügün Dernek 2: Sünnet,Turkey,2021.0,2015,TV-MA,107 min,Comedies,1,0
s982,Movie,G.O.R.A,Turkey,2021.0,2004,TV-MA,123 min,Action & Adventure,1,0
s983,Movie,Hayat Öpücügü,Turkey,2021.0,2015,TV-14,98 min,Comedies,1,0
s984,Movie,Heroes: Silence and Rock & Roll,Spain,2021.0,2021,TV-MA,95 min,Documentaries,1,0
s985,Movie,Kara Bela,Turkey,2021.0,2015,TV-MA,101 min,Comedies,1,0
s986,Movie,Kocan Kadar Konus,Turkey,2021.0,2015,TV-MA,104 min,Comedies,1,0
s987,Movie,Kocan Kadar Konus 2: Dirilis,Turkey,2021.0,2016,TV-14,104 min,Comedies,1,0
s989,TV Show,Let's Fight Ghost,Thailand,2021.0,2021,TV-14,1 Season,International TV Shows,0,1
s990,Movie,My Travel Buddy,Turkey,2021.0,2017,TV-MA,111 min,Comedies,1,0
s991,Movie,Niyazi Gül Dörtnala,Turkey,2021.0,2015,TV-MA,102 min,Comedies,1,0
s992,Movie,One Like It,Egypt,2021.0,2020,TV-G,15 min,Dramas,1,0
s994,TV Show,Shadow and Bone,United States,2021.0,2021,TV-14,1 Season,TV Action & Adventure,0,1
s995,Movie,This Lady Called Life,Nigeria,2021.0,2020,TV-14,120 min,Dramas,1,0
s996,Movie,Vizontele,Turkey,2021.0,2001,TV-MA,106 min,Comedies,1,0
s997,Movie,HOMUNCULUS,Japan,2021.0,2021,TV-MA,116 min,Horror Movies,1,0
s998,TV Show,Life in Color with David Attenborough,Australia,2021.0,2021,TV-PG,1 Season,British TV Shows,0,1
s999,Movie,Searching For Sheela,India,2021.0,2021,TV-14,58 min,Documentaries,1,0
s1000,Movie,Stowaway,Germany,2021.0,2021,TV-MA,116 min,Dramas,1,0
s1002,Movie,Oloibiri,Canada,2021.0,2015,TV-14,86 min,Dramas,1,0
s1003,Movie,Tell Me When,Mexico,2021.0,2021,TV-MA,97 min,Comedies,1,0
s1004,TV Show,Zero,Italy,2021.0,2021,TV-MA,1 Season,International TV Shows,0,1
s1005,TV Show,Izzy's Koala World,Australia,2021.0,2021,TV-Y,2 Seasons,Kids' TV,0,1
s1012,Movie,Free to Play,United States,2021.0,2014,TV-14,76 min,Documentaries,1,0
s1013,TV Show,Luis Miguel - The Series,Mexico,2021.0,2021,TV-MA,2 Seasons,International TV Shows,0,1
s1014,Movie,Miss Sloane,France,2021.0,2016,R,132 min,Thrillers,1,0
s1015,TV Show,PJ Masks,France,2021.0,2019,TV-Y,3 Seasons,Kids' TV,0,1
s1016,Movie,American Me,United States,2021.0,1992,R,126 min,Dramas,1,0
s1017,Movie,Delhi Belly,India,2021.0,2011,TV-MA,101 min,Action & Adventure,1,0
s1018,Movie,Dhobi Ghat (Mumbai Diaries),India,2021.0,2010,TV-MA,102 min,Dramas,1,0
s1019,Movie,Jaane Tu... Ya Jaane Na,India,2021.0,2008,TV-14,147 min,Comedies,1,0
s1020,Movie,Lagaan,India,2021.0,2001,PG,224 min,Dramas,1,0
s1021,Movie,Madness in the Desert,India,2021.0,2004,TV-14,141 min,Documentaries,1,0
s1022,Movie,Peepli Live,India,2021.0,2010,TV-MA,109 min,Comedies,1,0
s1023,Movie,Taare Zameen Par,India,2021.0,2007,PG,162 min,Dramas,1,0
s1024,Movie,Ajeeb Daastaans,India,2021.0,2021,TV-MA,142 min,Dramas,1,0
s1025,Movie,Arlo the Alligator Boy,United States,2021.0,2021,TV-Y7,93 min,Children & Family Movies,1,0
s1027,Movie,Barbie & Chelsea: The Lost Birthday,United States,2021.0,2021,TV-Y,60 min,Children & Family Movies,1,0
s1028,Movie,Crimson Peak,Canada,2021.0,2015,R,119 min,Horror Movies,1,0
s1030,Movie,Doctor Bello,United States,2021.0,2013,TV-MA,96 min,Dramas,1,0
s1031,Movie,Four Sisters Before the Wedding,Philippines,2021.0,2020,TV-MA,116 min,Children & Family Movies,1,0
s1032,Movie,Into the Beat,Germany,2021.0,2020,TV-14,102 min,Dramas,1,0
s1033,TV Show,Love Naggers,South Korea,2021.0,2021,TV-14,1 Season,International TV Shows,0,1
s1034,Movie,Rush,United Kingdom,2021.0,2013,R,123 min,Action & Adventure,1,0
s1035,Movie,Synchronic,United States,2021.0,2020,R,102 min,Thrillers,1,0
s1036,Movie,The Zookeeper's Wife,Czech Republic,2021.0,2017,PG-13,127 min,Dramas,1,0
s1037,Movie,Time Trap,United States,2021.0,2017,TV-14,88 min,Action & Adventure,1,0
s1038,Movie,Tuesdays & Fridays,India,2021.0,2021,TV-14,106 min,Comedies,1,0
s1040,Movie,Dark City Beneath the Beat,United States,2021.0,2020,TV-MA,65 min,Documentaries,1,0
s1041,TV Show,Durarara!!,Japan,2021.0,2016,TV-MA,1 Season,Anime Series,0,1
s1042,Movie,GANTZ:O,Japan,2021.0,2016,TV-MA,96 min,Action & Adventure,1,0
s1043,TV Show,Garth Brooks: The Road I’m On,United States,2021.0,2019,TV-PG,1 Season,Docuseries,0,1
s1044,TV Show,Gilmore Girls,United States,2021.0,2006,TV-14,7 Seasons,Romantic TV Shows,0,1
s1045,TV Show,High-Rise Invasion,Japan,2021.0,2021,TV-MA,1 Season,Anime Series,0,1
s1046,TV Show,Next in Fashion,United States,2021.0,2020,TV-14,1 Season,Reality TV,0,1
s1047,Movie,Only Mine,United States,2021.0,2019,TV-14,88 min,Thrillers,1,0
s1048,TV Show,Peasants Rebellion,Lebanon,2021.0,2018,TV-14,1 Season,International TV Shows,0,1
s1049,TV Show,Power Players,United States,2021.0,2020,TV-Y,3 Seasons,Kids' TV,0,1
s1050,TV Show,Ricky Zoom,China,2021.0,2019,TV-Y,1 Season,British TV Shows,0,1
s1051,Movie,Ride or Die,Japan,2021.0,2021,TV-MA,143 min,Dramas,1,0
s1052,TV Show,Sonic X,Japan,2021.0,2003,TV-Y7,2 Seasons,Anime Series,0,1
s1053,Movie,The Master,United States,2021.0,2012,R,137 min,Dramas,1,0
s1054,Movie,Time Is Illmatic,United States,2021.0,2014,TV-MA,75 min,Documentaries,1,0
s1056,Movie,Zoot Suit,United States,2021.0,1981,R,103 min,Cult Movies,1,0
s1058,TV Show,Dad Stop Embarrassing Me!,United States,2021.0,2021,TV-14,1 Season,TV Comedies,0,1
s1059,TV Show,Fate: The Winx Saga,Italy,2021.0,2021,TV-MA,1 Season,British TV Shows,0,1
s1060,TV Show,House of Cards,United States,2021.0,2018,TV-MA,6 Seasons,TV Dramas,0,1
s1061,TV Show,Indian Matchmaking,United States,2021.0,2020,TV-14,1 Season,Reality TV,0,1
s1062,TV Show,Jeffrey Epstein: Filthy Rich,United States,2021.0,2020,TV-MA,1 Season,Crime TV Shows,0,1
s1063,TV Show,Law School,South Korea,2021.0,2021,TV-14,1 Season,Crime TV Shows,0,1
s1064,TV Show,Living with Yourself,United States,2021.0,2019,TV-MA,1 Season,TV Comedies,0,1
s1065,TV Show,Signal,South Korea,2021.0,2016,TV-MA,1 Season,Crime TV Shows,0,1
s1066,TV Show,Slasher,Canada,2021.0,2019,TV-MA,3 Seasons,TV Horror,0,1
s1067,Movie,The Soul,China,2021.0,2021,TV-MA,130 min,Dramas,1,0
s1068,TV Show,The Underclass,Thailand,2021.0,2020,TV-MA,1 Season,International TV Shows,0,1
s1069,TV Show,Unnatural Selection,United States,2021.0,2019,TV-MA,1 Season,Docuseries,0,1
s1070,Movie,Uppena,India,2021.0,2020,TV-14,145 min,Dramas,1,0
s1071,Movie,Why Did You Kill Me?,United States,2021.0,2021,TV-MA,84 min,Documentaries,1,0
s1076,TV Show,My Love: Six Stories of True Love,United States,2021.0,2021,TV-PG,1 Season,Docuseries,0,1
s1080,TV Show,The Baker and the Beauty,Israel,2021.0,2020,TV-PG,1 Season,Romantic TV Shows,0,1
s1081,Movie,New Gods: Nezha Reborn,China,2021.0,2021,TV-14,118 min,Action & Adventure,1,0
s1082,TV Show,"Nicky, Ricky, Dicky & Dawn",United States,2021.0,2018,TV-G,4 Seasons,Kids' TV,0,1
s1084,Movie,The Stand-In,United States,2021.0,2020,R,102 min,Comedies,1,0
s1085,TV Show,Heaven Official's Blessing,China,2021.0,2020,TV-14,1 Season,Anime Series,0,1
s1086,Movie,Night in Paradise,South Korea,2021.0,2021,TV-MA,132 min,Dramas,1,0
s1087,Movie,Ojukokoro: Greed,Nigeria,2021.0,2016,TV-MA,108 min,Dramas,1,0
s1088,Movie,Roohi,India,2021.0,2021,TV-14,133 min,Comedies,1,0
s1089,Movie,Thunder Force,United States,2021.0,2021,PG-13,107 min,Action & Adventure,1,0
s1090,Movie,Two Distant Strangers,United States,2021.0,2021,TV-MA,32 min,Dramas,1,0
s1091,Movie,Story of Kale: When Someone's in Love,Indonesia,2021.0,2020,TV-PG,78 min,Dramas,1,0
s1092,TV Show,The Way of the Househusband,Japan,2021.0,2021,TV-MA,1 Season,Anime Series,0,1
s1094,TV Show,The Big Day,India,2021.0,2021,TV-14,2 Seasons,International TV Shows,0,1
s1098,Movie,Coded Bias,United States,2021.0,2020,TV-MA,86 min,Documentaries,1,0
s1099,Movie,Mandela,India,2021.0,2021,TV-14,140 min,Comedies,1,0
s1100,Movie,The Fisherman's Diary,Cameroon,2021.0,2020,TV-MA,143 min,Dramas,1,0
s1101,Movie,What Lies Below,United States,2021.0,2020,TV-MA,88 min,Horror Movies,1,0
s1102,Movie,Escape from Planet Earth,United States,2021.0,2013,PG,89 min,Children & Family Movies,1,0
s1103,Movie,Accepted,United States,2021.0,2006,PG-13,93 min,Comedies,1,0
s1104,Movie,Air Strike,China,2021.0,2018,R,97 min,Action & Adventure,1,0
s1105,Movie,An American Girl: McKenna Shoots for the Stars,United States,2021.0,2012,TV-Y,94 min,Children & Family Movies,1,0
s1106,Movie,Concrete Cowboy,United Kingdom,2021.0,2021,R,112 min,Dramas,1,0
s1107,Movie,Cross: Rise of the Villains,United States,2021.0,2019,R,100 min,Action & Adventure,1,0
s1108,Movie,God Calling,Nigeria,2021.0,2018,TV-MA,120 min,Dramas,1,0
s1109,Movie,Irul,India,2021.0,2021,TV-MA,91 min,International Movies,1,0
s1110,Movie,Just Say Yes,Netherlands,2021.0,2021,TV-MA,98 min,Comedies,1,0
s1111,Movie,Madame Claude,France,2021.0,2021,TV-MA,113 min,Dramas,1,0
s1112,Movie,Wild Child,United States,2021.0,2008,PG-13,98 min,Comedies,1,0
s1113,Movie,Woody Woodpecker,United States,2021.0,2017,PG,91 min,Children & Family Movies,1,0
s1114,Movie,2012,United States,2021.0,2009,PG-13,158 min,Action & Adventure,1,0
s1115,Movie,3 Idiots,India,2021.0,2009,PG-13,164 min,Comedies,1,0
s1116,Movie,Ferrari Ki Sawaari,India,2021.0,2012,TV-PG,133 min,Comedies,1,0
s1118,Movie,Ibrahim a Fate to Define,Lebanon,2021.0,2019,TV-PG,75 min,Documentaries,1,0
s1119,Movie,Insidious,United States,2021.0,2010,PG-13,103 min,Horror Movies,1,0
s1120,Movie,Into the Grizzly Maze,United States,2021.0,2015,R,90 min,Action & Adventure,1,0
s1121,Movie,Kingsglaive: Final Fantasy XV,Japan,2021.0,2016,PG-13,116 min,Action & Adventure,1,0
s1122,Movie,Legally Blonde,United States,2021.0,2001,PG-13,96 min,Comedies,1,0
s1123,Movie,Madam Chief Minister,India,2021.0,2020,TV-14,121 min,Dramas,1,0
s1124,TV Show,Magical Andes,Uruguay,2021.0,2021,TV-G,2 Seasons,Docuseries,0,1
s1125,Movie,Maximum Risk,United States,2021.0,1996,R,101 min,Action & Adventure,1,0
s1126,TV Show,Murder Maps,United Kingdom,2021.0,2017,TV-MA,2 Seasons,British TV Shows,0,1
s1127,Movie,My Fair Lady,United States,2021.0,1964,G,173 min,Classic Movies,1,0
s1128,TV Show,Prank Encounters,United States,2021.0,2021,TV-MA,2 Seasons,Reality TV,0,1
s1129,Movie,S.W.A.T.: Under Siege,United States,2021.0,2017,R,89 min,Action & Adventure,1,0
s1130,TV Show,Secrets of Great British Castles,United Kingdom,2021.0,2016,TV-PG,2 Seasons,British TV Shows,0,1
s1132,Movie,Seven Souls in the Skull Castle: Season Flower,Japan,2021.0,2017,TV-14,181 min,Action & Adventure,1,0
s1134,Movie,Sniper: Ghost Shooter,United States,2021.0,2016,R,99 min,Action & Adventure,1,0
s1135,Movie,Starship Troopers: Traitor of Mars,United States,2021.0,2017,R,88 min,Action & Adventure,1,0
s1136,Movie,Takers,United States,2021.0,2010,PG-13,107 min,Action & Adventure,1,0
s1137,Movie,Tersanjung the Movie,Indonesia,2021.0,2021,TV-14,114 min,Dramas,1,0
s1138,Movie,The Knight and the Princess,Egypt,2021.0,2019,TV-PG,96 min,Action & Adventure,1,0
s1139,Movie,The Pianist,United Kingdom,2021.0,2002,R,149 min,Dramas,1,0
s1140,Movie,The Stepfather,United States,2021.0,2009,PG-13,102 min,Horror Movies,1,0
s1141,Movie,Universal Soldier: The Return,United States,2021.0,1999,R,83 min,Action & Adventure,1,0
s1142,Movie,Wazir,India,2021.0,2016,TV-14,98 min,Dramas,1,0
s1143,Movie,White Boy,United States,2021.0,2017,TV-MA,83 min,Documentaries,1,0
s1144,TV Show,Worn Stories,United States,2021.0,2021,TV-MA,1 Season,Docuseries,0,1
s1145,Movie,Yes Man,United States,2021.0,2008,PG-13,104 min,Comedies,1,0
s1146,Movie,At Eternity's Gate,Ireland,2021.0,2018,PG-13,111 min,Dramas,1,0
s1147,TV Show,Haunted: Latin America,United States,2021.0,2021,TV-14,1 Season,International TV Shows,0,1
s1148,Movie,Not a Game,United Kingdom,2021.0,2020,TV-MA,98 min,Documentaries,1,0
s1149,TV Show,Robocar Poli,South Korea,2021.0,2015,TV-Y,2 Seasons,Kids' TV,0,1
s1150,TV Show,Yu-Gi-Oh!,Japan,2021.0,2005,TV-Y7,1 Season,Anime Series,0,1
s1151,Movie,7 Yards: The Chris Norton Story,United States,2021.0,2021,TV-PG,93 min,Documentaries,1,0
s1152,Movie,Octonauts & the Ring of Fire,China,2021.0,2021,TV-Y,73 min,Children & Family Movies,1,0
s1153,TV Show,Rainbow High,United States,2021.0,2020,TV-Y,1 Season,Kids' TV,0,1
s1154,Movie,Mandela: Long Walk to Freedom,United Kingdom,2021.0,2013,PG-13,141 min,Dramas,1,0
s1155,Movie,Lawless,United States,2021.0,2012,R,116 min,Dramas,1,0
s1156,Movie,Marked,Nigeria,2021.0,2021,TV-PG,21 min,Documentaries,1,0
s1157,Movie,A Week Away,United States,2021.0,2021,TV-PG,98 min,Children & Family Movies,1,0
s1158,Movie,Bad Trip,United States,2021.0,2021,TV-MA,87 min,Comedies,1,0
s1159,TV Show,Big Time Rush,United States,2021.0,2013,TV-G,4 Seasons,Kids' TV,0,1
s1161,Movie,Croupier,Ireland,2021.0,1998,TV-MA,95 min,Dramas,1,0
s1162,Movie,Elizabeth and Margaret: Love and Loyalty,United Kingdom,2021.0,2020,TV-PG,87 min,Documentaries,1,0
s1163,Movie,Keeping the Bees,Turkey,2021.0,2020,TV-14,93 min,Dramas,1,0
s1164,TV Show,Magic for Humans Spain,Spain,2021.0,2021,TV-MA,1 Season,International TV Shows,0,1
s1165,Movie,Ni de coña,Spain,2021.0,2020,TV-MA,97 min,Comedies,1,0
s1166,Movie,Pagglait,India,2021.0,2021,TV-PG,114 min,Comedies,1,0
s1167,TV Show,The Irregulars,United Kingdom,2021.0,2021,TV-14,1 Season,British TV Shows,0,1
s1168,Movie,Caught by a Wave,Italy,2021.0,2021,TV-14,100 min,Dramas,1,0
s1169,TV Show,DOTA: Dragon's Blood,United States,2021.0,2021,TV-MA,1 Season,Anime Series,0,1
s1170,TV Show,Pui Pui Molcar,Japan,2021.0,2021,TV-Y7,1 Season,Kids' TV,0,1
s1171,Movie,Secret Magic Control Agency,Russia,2021.0,2021,TV-Y7,105 min,Children & Family Movies,1,0
s1172,Movie,Seaspiracy,United States,2021.0,2021,TV-14,90 min,Documentaries,1,0
s1173,Movie,Loyiso Gola: Unlearning,South Africa,2021.0,2021,TV-MA,60 min,Stand-Up Comedy,1,0
s1174,TV Show,Men on a Mission,South Korea,2021.0,2021,TV-14,6 Seasons,International TV Shows,0,1
s1175,TV Show,Navillera,South Korea,2021.0,2021,TV-14,1 Season,International TV Shows,0,1
s1176,Movie,Philomena,United Kingdom,2021.0,2013,PG-13,98 min,Dramas,1,0
s1177,Movie,Any Crybabies Around?,Japan,2021.0,2020,TV-MA,108 min,Dramas,1,0
s1178,Movie,Hospital,Taiwan,2021.0,2020,TV-MA,90 min,Horror Movies,1,0
s1179,Movie,Jiu Jitsu,United States,2021.0,2020,R,102 min,Action & Adventure,1,0
s1180,TV Show,Mighty Morphin Power Rangers,United States,2021.0,2010,TV-Y7,4 Seasons,Kids' TV,0,1
s1182,TV Show,Country Comfort,United States,2021.0,2021,TV-PG,1 Season,TV Comedies,0,1
s1183,TV Show,Formula 1: Drive to Survive,United Kingdom,2021.0,2021,TV-MA,3 Seasons,Docuseries,0,1
s1185,Movie,The Yin Yang Master,China,2021.0,2021,TV-14,120 min,Action & Adventure,1,0
s1186,Movie,Who's the Boss,Nigeria,2021.0,2020,TV-MA,106 min,Comedies,1,0
s1187,TV Show,B: The Beginning,Japan,2021.0,2021,TV-MA,2 Seasons,Anime Series,0,1
s1188,Movie,Deadly Illusions,United States,2021.0,2021,R,115 min,Thrillers,1,0
s1189,Movie,Get the Goat,Brazil,2021.0,2021,TV-14,98 min,Action & Adventure,1,0
s1190,Movie,Nate Bargatze: The Greatest Average American,United States,2021.0,2021,TV-G,60 min,Stand-Up Comedy,1,0
s1191,Movie,Skylines,United Kingdom,2021.0,2020,R,113 min,Action & Adventure,1,0
s1192,Movie,The Fluffy Movie,United States,2021.0,2014,PG-13,101 min,Stand-Up Comedy,1,0
s1193,Movie,The Present,United Kingdom,2021.0,2020,TV-MA,24 min,Dramas,1,0
s1195,Movie,Catch.er,Nigeria,2021.0,2017,TV-14,80 min,Dramas,1,0
s1196,Movie,Operation Varsity Blues: The College Admissions Scandal,United States,2021.0,2021,R,100 min,Documentaries,1,0
s1197,TV Show,Under Suspicion: Uncovering the Wesphael Case,Belgium,2021.0,2021,TV-14,1 Season,Crime TV Shows,0,1
s1198,Movie,Get on Up,United Kingdom,2021.0,2014,PG-13,139 min,Dramas,1,0
s1199,Movie,RebellComedy: Straight Outta the Zoo,Germany,2021.0,2021,TV-MA,74 min,Stand-Up Comedy,1,0
s1200,Movie,Savages,United States,2021.0,2012,R,131 min,Dramas,1,0
s1201,TV Show,Waffles + Mochi,United States,2021.0,2021,TV-Y,1 Season,Kids' TV,0,1
s1202,TV Show,Abla Fahita: Drama Queen,Egypt,2021.0,2021,TV-14,1 Season,Crime TV Shows,0,1
s1203,Movie,C/O Kaadhal,India,2021.0,2021,TV-14,131 min,Dramas,1,0
s1204,Movie,The BFG,United States,2021.0,2016,PG,118 min,Children & Family Movies,1,0
s1205,Movie,The Last Blockbuster,United States,2021.0,2020,TV-14,87 min,Documentaries,1,0
s1206,TV Show,The Lost Pirate Kingdom,United States,2021.0,2021,TV-MA,1 Season,Docuseries,0,1
s1207,TV Show,Zero Chill,United Kingdom,2021.0,2021,TV-G,1 Season,British TV Shows,0,1
s1209,Movie,Çarsi Pazar,Turkey,2021.0,2015,TV-MA,97 min,Comedies,1,0
s1210,Movie,Just In Time,Kenya,2021.0,2020,TV-G,92 min,Comedies,1,0
s1211,TV Show,Love Alarm,South Korea,2021.0,2021,TV-MA,2 Seasons,International TV Shows,0,1
s1212,Movie,Mucize,Turkey,2021.0,2015,TV-14,136 min,Dramas,1,0
s1213,Movie,Paper Lives,Turkey,2021.0,2021,TV-MA,97 min,Dramas,1,0
s1214,TV Show,Paradise PD,United States,2021.0,2021,TV-MA,3 Seasons,TV Comedies,0,1
s1216,Movie,Romantik Komedi,Turkey,2021.0,2010,TV-MA,110 min,Comedies,1,0
s1217,Movie,Romantik Komedi 2: Bekarlığa Veda,Turkey,2021.0,2013,TV-MA,105 min,Comedies,1,0
s1218,TV Show,The One,United Kingdom,2021.0,2021,TV-MA,1 Season,British TV Shows,0,1
s1219,Movie,YES DAY,United States,2021.0,2021,PG,90 min,Children & Family Movies,1,0
s1220,Movie,You're Everything To Me,Turkey,2021.0,2016,TV-PG,107 min,Comedies,1,0
s1221,Movie,Coven of Sisters,Spain,2021.0,2021,TV-MA,92 min,Dramas,1,0
s1222,Movie,Generasi 90an: Melankolia,Indonesia,2021.0,2020,TV-14,94 min,Dramas,1,0
s1223,Movie,The Block Island Sound,United States,2021.0,2020,TV-MA,99 min,Horror Movies,1,0
s1224,TV Show,Dealer,France,2021.0,2021,TV-MA,1 Season,Crime TV Shows,0,1
s1227,TV Show,The Houseboat,Germany,2021.0,2021,TV-14,1 Season,Docuseries,0,1
s1228,TV Show,Bombay Begums,India,2021.0,2021,TV-MA,1 Season,International TV Shows,0,1
s1229,Movie,Bombay Rose,India,2021.0,2021,PG-13,97 min,Dramas,1,0
s1230,TV Show,My Way,Egypt,2021.0,2015,TV-14,1 Season,International TV Shows,0,1
s1231,Movie,Aelay,India,2021.0,2021,TV-14,151 min,Comedies,1,0
s1232,TV Show,City of Ghosts,United States,2021.0,2021,TV-Y7,1 Season,Kids' TV,0,1
s1233,Movie,Dogwashers,Colombia,2021.0,2021,TV-MA,108 min,Comedies,1,0
s1234,Movie,Fate of Alakada,Nigeria,2021.0,2020,TV-14,113 min,Comedies,1,0
s1235,TV Show,Nevenka: Breaking the Silence,Spain,2021.0,2021,TV-MA,1 Season,Docuseries,0,1
s1237,Movie,Sentinelle,France,2021.0,2021,TV-MA,81 min,Action & Adventure,1,0
s1238,Movie,Mariposa,Indonesia,2021.0,2020,TV-14,116 min,Comedies,1,0
s1239,TV Show,Pacific Rim: The Black,United States,2021.0,2021,TV-14,1 Season,Anime Series,0,1
s1240,Movie,Parker,United States,2021.0,2013,R,119 min,Action & Adventure,1,0
s1241,Movie,Safe Haven,United States,2021.0,2013,PG-13,116 min,Dramas,1,0
s1242,Movie,Moxie,United States,2021.0,2021,PG-13,112 min,Comedies,1,0
s1243,TV Show,Murder Among the Mormons,United States,2021.0,2021,TV-14,1 Season,Crime TV Shows,0,1
s1244,Movie,Black or White,United States,2021.0,2014,PG-13,121 min,Dramas,1,0
s1245,Movie,Indoo Ki Jawani,India,2021.0,2020,TV-14,115 min,Action & Adventure,1,0
s1246,TV Show,Word Party,United States,2021.0,2021,TV-Y,5 Seasons,Kids' TV,0,1
s1249,Movie,Biggie: I Got a Story to Tell,United States,2021.0,2021,R,98 min,Documentaries,1,0
s1252,Movie,Dances with Wolves,United States,2021.0,1990,PG-13,181 min,Action & Adventure,1,0
s1253,Movie,How to Be Really Bad,Germany,2021.0,2018,TV-14,100 min,Comedies,1,0
s1254,Movie,LEGO Marvel Spider-Man: Vexed by Venom,United States,2021.0,2019,TV-Y,22 min,Children & Family Movies,1,0
s1255,Movie,Rain Man,United States,2021.0,1988,R,134 min,Classic Movies,1,0
s1257,Movie,Tenacious D in The Pick of Destiny,United States,2021.0,2006,R,94 min,Comedies,1,0
s1258,TV Show,TIGER & BUNNY,Japan,2021.0,2011,TV-14,1 Season,Anime Series,0,1
s1259,Movie,Bigfoot Family,Belgium,2021.0,2021,TV-Y7,88 min,Children & Family Movies,1,0
s1260,Movie,Captain Fantastic,United States,2021.0,2016,R,119 min,Comedies,1,0
s1261,Movie,Crazy About Her,Spain,2021.0,2021,TV-MA,107 min,Comedies,1,0
s1262,Movie,Fuga,Argentina,2021.0,2006,TV-MA,112 min,Dramas,1,0
s1264,Movie,No Escape,United States,2021.0,2015,R,103 min,Action & Adventure,1,0
s1265,Movie,Our Idiot Brother,United States,2021.0,2011,R,90 min,Comedies,1,0
s1266,Movie,The Girl on the Train,India,2021.0,2021,TV-MA,120 min,International Movies,1,0
s1267,Movie,Tony Manero,Chile,2021.0,2008,TV-MA,97 min,Dramas,1,0
s1268,Movie,Who Am I,Germany,2021.0,2014,TV-MA,102 min,International Movies,1,0
s1269,TV Show,El final del paraíso,United States,2021.0,2019,TV-MA,1 Season,Crime TV Shows,0,1
s1270,Movie,Geez & Ann,Indonesia,2021.0,2021,TV-PG,106 min,Dramas,1,0
s1271,TV Show,Sin senos sí hay paraíso,United States,2021.0,2018,TV-MA,3 Seasons,International TV Shows,0,1
s1273,TV Show,Age of Samurai: Battle for Japan,United States,2021.0,2021,TV-MA,1 Season,Docuseries,0,1
s1274,Movie,"Blue, Painful, Fragile",Japan,2021.0,2020,TV-14,119 min,International Movies,1,0
s1275,TV Show,Canine Intervention,United States,2021.0,2021,TV-PG,1 Season,Reality TV,0,1
s1276,TV Show,Ginny & Georgia,United States,2021.0,2021,TV-14,1 Season,Romantic TV Shows,0,1
s1278,TV Show,Two Sentence Horror Stories,United States,2021.0,2021,TV-14,2 Seasons,TV Horror,0,1
s1279,Movie,Brian Regan: On the Rocks,United States,2021.0,2021,TV-G,58 min,Stand-Up Comedy,1,0
s1280,Movie,Made You Look: A True Story About Fake Art,Canada,2021.0,2020,TV-14,90 min,Documentaries,1,0
s1281,Movie,Pelé,United Kingdom,2021.0,2021,TV-14,109 min,Documentaries,1,0
s1282,Movie,Red,India,2021.0,2021,TV-14,143 min,Dramas,1,0
s1283,TV Show,Zindagi in Short,India,2021.0,2020,TV-MA,1 Season,International TV Shows,0,1
s1284,Movie,The Conjuring,United States,2021.0,2013,R,112 min,Horror Movies,1,0
s1285,Movie,The Conjuring 2,Canada,2021.0,2016,R,134 min,Horror Movies,1,0
s1286,TV Show,Vincenzo,South Korea,2021.0,2021,TV-14,1 Season,International TV Shows,0,1
s1287,Movie,Classmates Minus,Taiwan,2021.0,2020,TV-MA,123 min,Comedies,1,0
s1288,Movie,Fate: The Winx Saga - The Afterparty,United Kingdom,2021.0,2021,TV-14,36 min,Comedies,1,0
s1289,Movie,Operation Finale,United States,2021.0,2018,PG-13,123 min,Dramas,1,0
s1291,Movie,I Care a Lot,United Kingdom,2021.0,2021,R,118 min,Comedies,1,0
s1292,Movie,Love,India,2021.0,2020,TV-14,91 min,Dramas,1,0
s1293,Movie,Perú: Tesoro escondido,Uruguay,2021.0,2017,TV-PG,76 min,Documentaries,1,0
s1294,TV Show,Pitta Kathalu,India,2021.0,2021,TV-MA,1 Season,International TV Shows,0,1
s1295,TV Show,Tribes of Europa,Germany,2021.0,2021,TV-MA,1 Season,International TV Shows,0,1
s1296,Movie,Eeb Allay Ooo!,India,2021.0,2019,TV-MA,97 min,Comedies,1,0
s1297,TV Show,"Hello, Me!",South Korea,2021.0,2021,TV-14,1 Season,International TV Shows,0,1
s1298,Movie,No Escape Room,United States,2021.0,2018,TV-14,85 min,Horror Movies,1,0
s1299,TV Show,Sisyphus,South Korea,2021.0,2021,TV-14,1 Season,International TV Shows,0,1
s1301,TV Show,Amend: The Fight for America,United States,2021.0,2021,TV-MA,1 Season,Docuseries,0,1
s1302,TV Show,Behind Her Eyes,United Kingdom,2021.0,2021,TV-MA,1 Season,British TV Shows,0,1
s1303,TV Show,MeatEater,United States,2021.0,2021,TV-14,4 Seasons,Docuseries,0,1
s1304,Movie,The Most Unknown,United States,2021.0,2018,TV-PG,92 min,Documentaries,1,0
s1305,Movie,Animals on the Loose: A You vs. Wild Movie,United States,2021.0,2021,TV-PG,139 min,Children & Family Movies,1,0
s1306,Movie,Awara Paagal Deewana,India,2021.0,2002,TV-14,162 min,Action & Adventure,1,0
s1307,TV Show,Good Girls,United States,2021.0,2020,TV-MA,3 Seasons,Crime TV Shows,0,1
s1308,Movie,The Resurrection of Gavin Stone,United States,2021.0,2017,PG,92 min,Children & Family Movies,1,0
s1309,TV Show,Booba,United Kingdom,2021.0,2021,TV-Y7,4 Seasons,Kids' TV,0,1
s1310,Movie,"My Teacher, My Obsession",United States,2021.0,2018,TV-14,86 min,Thrillers,1,0
s1311,TV Show,The Crew,United States,2021.0,2021,TV-14,1 Season,TV Comedies,0,1
s1312,Movie,Namaste Wahala,Nigeria,2021.0,2021,TV-14,107 min,Comedies,1,0
s1313,Movie,Monsoon,United Kingdom,2021.0,2020,TV-MA,85 min,Dramas,1,0
s1314,TV Show,Buried by the Bernards,United States,2021.0,2021,TV-14,1 Season,Reality TV,0,1
s1315,TV Show,Chappelle's Show,United States,2021.0,2005,TV-MA,2 Seasons,TV Comedies,0,1
s1316,Movie,Hate by Dani Rovira,Spain,2021.0,2021,TV-MA,83 min,Stand-Up Comedy,1,0
s1317,Movie,Mundina Nildana,India,2021.0,2019,TV-MA,104 min,Dramas,1,0
s1318,TV Show,Nadiya Bakes,United Kingdom,2021.0,2021,TV-G,1 Season,British TV Shows,0,1
s1319,Movie,To All The Boys: Always And Forever,United States,2021.0,2021,TV-14,116 min,Comedies,1,0
s1320,Movie,Xico's Journey,Mexico,2021.0,2021,TV-Y7,87 min,Children & Family Movies,1,0
s1321,TV Show,Capitani,Luxembourg,2021.0,2019,TV-MA,1 Season,Crime TV Shows,0,1
s1322,TV Show,El Chema,Mexico,2021.0,2016,TV-MA,1 Season,Crime TV Shows,0,1
s1323,Movie,Growing up and other problems,Spain,2021.0,2018,TV-14,91 min,Comedies,1,0
s1324,Movie,Layla Majnun,Indonesia,2021.0,2020,TV-14,119 min,Dramas,1,0
s1325,Movie,Middle of Nowhere,United States,2021.0,2012,R,102 min,Dramas,1,0
s1326,Movie,Red Dot,Sweden,2021.0,2021,TV-MA,86 min,International Movies,1,0
s1327,Movie,Squared Love,Poland,2021.0,2021,TV-14,102 min,Comedies,1,0
s1328,Movie,This Is the Life,United States,2021.0,2008,TV-MA,98 min,Documentaries,1,0
s1329,TV Show,Crime Scene: The Vanishing at the Cecil Hotel,United States,2021.0,2021,TV-MA,1 Season,Crime TV Shows,0,1
s1330,Movie,The Misadventures of Hedi and Cokeman,France,2021.0,2021,TV-MA,99 min,Comedies,1,0
s1331,Movie,The World We Make,United States,2021.0,2019,PG,108 min,Dramas,1,0
s1332,TV Show,Five Came Back: The Reference Films,United States,2021.0,1945,TV-MA,1 Season,TV Shows,0,1
s1333,TV Show,ICarly,United States,2021.0,2008,TV-G,2 Seasons,Kids' TV,0,1
s1334,Movie,War Dogs,United States,2021.0,2016,R,114 min,Comedies,1,0
s1335,Movie,Monster Run,China,2021.0,2020,TV-14,104 min,Action & Adventure,1,0
s1336,TV Show,The Sinner,United States,2021.0,2020,TV-MA,3 Seasons,Crime TV Shows,0,1
s1337,Movie,Blanche Gardin: I talk to myself,France,2021.0,2017,TV-MA,88 min,Stand-Up Comedy,1,0
s1338,Movie,Doob: No Bed of Roses,Bangladesh,2021.0,2017,TV-PG,104 min,Dramas,1,0
s1339,TV Show,Hache,Spain,2021.0,2021,TV-MA,2 Seasons,Crime TV Shows,0,1
s1340,TV Show,Invisible City,Brazil,2021.0,2021,TV-MA,1 Season,Crime TV Shows,0,1
s1341,Movie,Little Big Women,Taiwan,2021.0,2020,TV-14,123 min,Dramas,1,0
s1342,Movie,Malcolm & Marie,United States,2021.0,2021,R,106 min,Dramas,1,0
s1343,Movie,Space Sweepers,South Korea,2021.0,2021,TV-MA,138 min,Action & Adventure,1,0
s1344,Movie,"Strip Down, Rise Up",United States,2021.0,2021,R,113 min,Documentaries,1,0
s1345,Movie,The Last Paradiso,Italy,2021.0,2020,TV-MA,107 min,Dramas,1,0
s1346,Movie,The Yin-Yang Master: Dream Of Eternity,China,2021.0,2021,TV-14,133 min,Action & Adventure,1,0
s1347,Movie,All My Friends Are Dead,Poland,2021.0,2020,TV-MA,97 min,Comedies,1,0
s1348,Movie,Black Beach,Spain,2021.0,2020,TV-MA,116 min,Action & Adventure,1,0
s1349,TV Show,Firefly Lane,United States,2021.0,2021,TV-MA,1 Season,Romantic TV Shows,0,1
s1350,TV Show,"Pablo Escobar, el patrón del mal",Colombia,2021.0,2012,TV-MA,1 Season,Crime TV Shows,0,1
s1351,TV Show,Power Rangers Ninja Steel,United States,2021.0,2018,TV-Y7,2 Seasons,Kids' TV,0,1
s1352,Movie,"Our Lady of San Juan, Four Centuries of Miracles",Mexico,2021.0,2020,TV-PG,123 min,Dramas,1,0
s1353,TV Show,Tiffany Haddish Presents: They Ready,United States,2021.0,2021,TV-MA,2 Seasons,Stand-Up Comedy & Talk Shows,0,1
s1354,Movie,Beverly Hills Ninja,United States,2021.0,1997,PG-13,89 min,Action & Adventure,1,0
s1355,TV Show,Heartland,Canada,2021.0,2019,TV-14,13 Seasons,TV Dramas,0,1
s1356,TV Show,Love Daily,United States,2021.0,2018,TV-14,1 Season,Romantic TV Shows,0,1
s1357,TV Show,My Dead Ex,United States,2021.0,2018,TV-14,1 Season,TV Comedies,0,1
s1358,Movie,Rocks,United Kingdom,2021.0,2019,TV-MA,93 min,Dramas,1,0
s1359,Movie,Shutter Island,United States,2021.0,2010,R,139 min,Thrillers,1,0
s1360,Movie,The Bank Job,United Kingdom,2021.0,2008,R,112 min,Dramas,1,0
s1361,TV Show,The House Arrest of Us,Philippines,2021.0,2020,TV-MA,1 Season,International TV Shows,0,1
s1362,TV Show,The Unsettling,United States,2021.0,2019,TV-14,1 Season,TV Horror,0,1
s1363,TV Show,Total Drama,Canada,2021.0,2015,TV-PG,7 Seasons,Kids' TV,0,1
s1364,TV Show,Zac and Mia,United States,2021.0,2019,TV-14,2 Seasons,Romantic TV Shows,0,1
s1365,Movie,Zathura,United States,2021.0,2005,PG,101 min,Children & Family Movies,1,0
s1366,TV Show,Zig & Sharko,France,2021.0,2019,TV-Y7,2 Seasons,Kids' TV,0,1
s1367,Movie,Fatima,Portugal,2021.0,2020,PG-13,113 min,Dramas,1,0
s1368,Movie,Hell Fest,United States,2021.0,2018,R,89 min,Horror Movies,1,0
s1369,Movie,Below Zero,Spain,2021.0,2021,TV-MA,107 min,Action & Adventure,1,0
s1370,Movie,Finding ‘Ohana,United States,2021.0,2021,PG,123 min,Children & Family Movies,1,0
s1371,Movie,The Dig,United Kingdom,2021.0,2021,PG-13,113 min,Dramas,1,0
s1372,TV Show,We Are: The Brooklyn Saints,United States,2021.0,2021,TV-14,1 Season,Docuseries,0,1
s1373,Movie,June & Kopi,Indonesia,2021.0,2021,TV-PG,90 min,Children & Family Movies,1,0
s1374,TV Show,50M2,Turkey,2021.0,2021,TV-MA,1 Season,International TV Shows,0,1
s1375,Movie,Accomplice,United States,2021.0,2021,TV-14,52 min,Documentaries,1,0
s1376,TV Show,BONDING,United States,2021.0,2021,TV-MA,2 Seasons,TV Comedies,0,1
s1377,Movie,Kilometers and Kilometers,India,2021.0,2020,TV-MA,127 min,Comedies,1,0
s1378,TV Show,Outlander,United States,2021.0,2018,TV-MA,4 Seasons,Romantic TV Shows,0,1
s1379,Movie,Penguin Bloom,Australia,2021.0,2021,TV-14,95 min,Children & Family Movies,1,0
s1380,Movie,Black Rose,Nigeria,2021.0,2018,TV-14,121 min,Dramas,1,0
s1381,TV Show,Go Dog Go,United States,2021.0,2021,TV-Y,1 Season,Kids' TV,0,1
s1384,TV Show,Blown Away,Canada,2021.0,2021,TV-14,2 Seasons,International TV Shows,0,1
s1385,TV Show,Busted!,South Korea,2021.0,2021,TV-14,3 Seasons,Crime TV Shows,0,1
s1386,TV Show,Demon Slayer: Kimetsu no Yaiba,Japan,2021.0,2019,TV-14,1 Season,Anime Series,0,1
s1387,Movie,So My Grandma’s a Lesbian!,Portugal,2021.0,2020,TV-MA,95 min,Comedies,1,0
s1388,Movie,The Next Three Days,United States,2021.0,2010,PG-13,133 min,Dramas,1,0
s1389,Movie,The White Tiger,India,2021.0,2021,R,127 min,Dramas,1,0
s1390,Movie,Friendsgiving,United States,2021.0,2020,R,95 min,Comedies,1,0
s1391,Movie,The Shadow of Violence,United Kingdom,2021.0,2020,R,101 min,Dramas,1,0
s1392,Movie,Cut Throat City,United States,2021.0,2020,R,123 min,Dramas,1,0
s1393,TV Show,Daughter From Another Mother,Mexico,2021.0,2021,TV-MA,1 Season,International TV Shows,0,1
s1394,Movie,Sightless,United States,2021.0,2020,TV-14,89 min,Thrillers,1,0
s1395,TV Show,Spycraft,United States,2021.0,2021,TV-MA,1 Season,Docuseries,0,1
s1396,TV Show,Hello Ninja,United States,2021.0,2021,TV-Y,4 Seasons,Kids' TV,0,1
s1397,Movie,Homefront,United States,2021.0,2013,R,100 min,Action & Adventure,1,0
s1398,Movie,A Monster Calls,United Kingdom,2021.0,2016,PG-13,108 min,Dramas,1,0
s1399,Movie,Death of Me,United States,2021.0,2020,R,94 min,Horror Movies,1,0
s1400,Movie,Radium Girls,United States,2021.0,2018,TV-14,103 min,Dramas,1,0
s1401,TV Show,Bling Empire,United States,2021.0,2021,TV-MA,1 Season,Reality TV,0,1
s1402,TV Show,Carmen Sandiego,United States,2021.0,2021,TV-Y7,4 Seasons,Kids' TV,0,1
s1403,TV Show,Disenchantment,United States,2021.0,2021,TV-14,3 Seasons,TV Action & Adventure,0,1
s1404,Movie,Double Dad,Brazil,2021.0,2020,TV-G,105 min,Children & Family Movies,1,0
s1405,TV Show,Henry Danger,United States,2021.0,2016,TV-G,3 Seasons,Kids' TV,0,1
s1406,Movie,Outside the Wire,Hungary,2021.0,2021,R,116 min,Action & Adventure,1,0
s1407,Movie,Penguins of Madagascar: The Movie,United States,2021.0,2014,PG,92 min,Children & Family Movies,1,0
s1408,Movie,Pinkfong & Baby Shark's Space Adventure,United States,2021.0,2019,TV-Y,65 min,Children & Family Movies,1,0
s1409,TV Show,The Magicians,United States,2021.0,2020,TV-MA,5 Seasons,TV Dramas,0,1
s1410,Movie,The Vanished,United States,2021.0,2020,R,115 min,Thrillers,1,0
s1411,Movie,Tribhanga - Tedhi Medhi Crazy,India,2021.0,2021,TV-MA,96 min,Dramas,1,0
s1412,Movie,What Would Sophia Loren Do?,United States,2021.0,2021,TV-14,32 min,Documentaries,1,0
s1413,Movie,Wish You,South Korea,2021.0,2021,TV-PG,102 min,Dramas,1,0
s1414,Movie,Tanda Tanya,Indonesia,2021.0,2011,TV-MA,102 min,Dramas,1,0
s1415,Movie,The Heartbreak Club,Indonesia,2021.0,2020,TV-14,101 min,Comedies,1,0
s1416,Movie,An Imperfect Murder,United States,2021.0,2017,R,71 min,Dramas,1,0
s1417,TV Show,Night Stalker: The Hunt for a Serial Killer,United States,2021.0,2021,TV-MA,1 Season,Crime TV Shows,0,1
s1418,Movie,Al acecho,Argentina,2021.0,2019,TV-MA,81 min,International Movies,1,0
s1420,TV Show,Last Tango in Halifax,United Kingdom,2021.0,2020,TV-MA,4 Seasons,British TV Shows,0,1
s1421,Movie,"Crack: Cocaine, Corruption & Conspiracy",United States,2021.0,2021,TV-MA,90 min,Documentaries,1,0
s1422,Movie,The Intouchables,France,2021.0,2011,R,112 min,Comedies,1,0
s1423,Movie,Apaharan,India,2021.0,2005,TV-14,161 min,Dramas,1,0
s1424,Movie,BluffMaster!,India,2021.0,2005,TV-14,129 min,Comedies,1,0
s1425,Movie,Charming,Canada,2021.0,2021,TV-Y7,85 min,Children & Family Movies,1,0
s1426,Movie,Creating The Queen's Gambit,United States,2021.0,2021,TV-14,14 min,Documentaries,1,0
s1427,Movie,Gangaajal,India,2021.0,2003,TV-MA,148 min,Dramas,1,0
s1428,TV Show,Inside the World’s Toughest Prisons,United Kingdom,2021.0,2021,TV-MA,5 Seasons,British TV Shows,0,1
s1429,Movie,Is Love Enough? Sir,India,2021.0,2018,TV-MA,99 min,Dramas,1,0
s1430,TV Show,Mighty Little Bheem: Kite Festival,India,2021.0,2021,TV-Y,1 Season,Kids' TV,0,1
s1431,TV Show,Pretend It’s a City,United States,2021.0,2021,TV-14,1 Season,Docuseries,0,1
s1432,Movie,Stuck Apart,Turkey,2021.0,2021,TV-MA,97 min,Comedies,1,0
s1433,TV Show,The Idhun Chronicles,Spain,2021.0,2021,TV-14,2 Seasons,Anime Series,0,1
s1434,Movie,100% Halal,Indonesia,2021.0,2020,TV-14,101 min,Dramas,1,0
s1435,Movie,Leap!,France,2021.0,2016,PG,89 min,Children & Family Movies,1,0
s1436,Movie,Pieces of a Woman,Canada,2021.0,2020,R,128 min,Dramas,1,0
s1438,TV Show,Surviving Death,United States,2021.0,2021,TV-MA,1 Season,Docuseries,0,1
s1439,Movie,Tony Parker: The Final Shot,France,2021.0,2020,TV-14,99 min,Documentaries,1,0
s1440,TV Show,History of Swear Words,United States,2021.0,2021,TV-MA,1 Season,Docuseries,0,1
s1441,TV Show,Nailed It! Mexico,Mexico,2021.0,2021,TV-PG,3 Seasons,International TV Shows,0,1
s1442,Movie,Hello Brother,India,2021.0,1999,TV-14,126 min,Action & Adventure,1,0
s1444,TV Show,QB1: Beyond the Lights,United States,2021.0,2019,TV-14,1 Season,Docuseries,0,1
s1445,Movie,Playing for Keeps,United States,2021.0,2012,PG-13,106 min,Comedies,1,0
s1446,Movie,Asphalt Burning,Norway,2021.0,2020,TV-14,101 min,Action & Adventure,1,0
s1447,Movie,Bad Grandpa .5,United States,2021.0,2014,TV-MA,87 min,Comedies,1,0
s1448,Movie,Case 39,United States,2021.0,2009,R,111 min,Horror Movies,1,0
s1449,TV Show,Cobra Kai,United States,2021.0,2021,TV-14,3 Seasons,TV Action & Adventure,0,1
s1450,TV Show,Dream Home Makeover,United States,2021.0,2021,TV-G,2 Seasons,Reality TV,0,1
s1451,Movie,Eddie Murphy: Raw,United States,2021.0,1987,R,90 min,Stand-Up Comedy,1,0
s1452,Movie,Full Out 2: You Got This!,United States,2021.0,2020,TV-Y,91 min,Children & Family Movies,1,0
s1453,Movie,Gimme Shelter,United States,2021.0,2013,PG-13,101 min,Dramas,1,0
s1454,Movie,Good Burger,United States,2021.0,1997,PG,96 min,Children & Family Movies,1,0
s1455,Movie,Good Hair,United States,2021.0,2009,PG-13,96 min,Documentaries,1,0
s1456,TV Show,Headspace Guide to Meditation,United States,2021.0,2021,TV-G,1 Season,Docuseries,0,1
s1457,Movie,Into the Wild,United States,2021.0,2007,R,148 min,Action & Adventure,1,0
s1458,TV Show,Jenni Rivera: Mariposa de Barrio,United States,2021.0,2017,TV-MA,1 Season,Spanish-Language TV Shows,0,1
s1459,Movie,London Heist,United Kingdom,2021.0,2017,R,96 min,Action & Adventure,1,0
s1460,Movie,Mean Girls 2,United States,2021.0,2011,PG-13,98 min,Comedies,1,0
s1461,TV Show,Monarca,Mexico,2021.0,2021,TV-MA,2 Seasons,International TV Shows,0,1
s1462,Movie,Mystic Pizza,United States,2021.0,1988,R,104 min,Comedies,1,0
s1464,TV Show,The Cat in the Hat Knows a Lot About That!,Canada,2021.0,2014,TV-Y,1 Season,Kids' TV,0,1
s1465,Movie,The Creative Brain,United States,2021.0,2019,TV-14,53 min,Documentaries,1,0
s1466,TV Show,The Haunted Hathaways,United States,2021.0,2013,TV-G,2 Seasons,Kids' TV,0,1
s1467,Movie,The Minimalists: Less Is Now,United States,2021.0,2021,TV-14,54 min,Documentaries,1,0
s1468,Movie,Unknown,United Kingdom,2021.0,2011,PG-13,113 min,Action & Adventure,1,0
s1469,Movie,What Happened to Mr. Cha?,South Korea,2021.0,2021,TV-MA,102 min,Comedies,1,0
s1470,Movie,What's Eating Gilbert Grape,United States,2021.0,1993,PG-13,118 min,Classic Movies,1,0
s1471,Movie,Alaska Is a Drag,United States,2020.0,2017,TV-MA,83 min,Dramas,1,0
s1473,Movie,Bobby Jasoos,India,2020.0,2014,TV-14,116 min,Comedies,1,0
s1474,TV Show,Chilling Adventures of Sabrina,United States,2020.0,2020,TV-14,4 Seasons,TV Horror,0,1
s1475,Movie,Tarung Sarung,Indonesia,2020.0,2020,TV-PG,116 min,Action & Adventure,1,0
s1476,Movie,Too Handsome to Handle,Indonesia,2020.0,2019,TV-14,106 min,Comedies,1,0
s1477,TV Show,Best Leftovers Ever!,United States,2020.0,2020,TV-G,1 Season,Reality TV,0,1
s1478,TV Show,Dare Me,United States,2020.0,2019,TV-MA,1 Season,Crime TV Shows,0,1
s1479,TV Show,Equinox,Denmark,2020.0,2020,TV-MA,1 Season,International TV Shows,0,1
s1480,TV Show,SanPa: Sins of the Savior,Italy,2020.0,2020,TV-MA,1 Season,Crime TV Shows,0,1
s1481,TV Show,Still Game,United Kingdom,2020.0,2018,TV-14,9 Seasons,British TV Shows,0,1
s1482,Movie,The Rope Curse 2,Taiwan,2020.0,2020,TV-MA,105 min,Horror Movies,1,0
s1484,TV Show,A Love So Beautiful,South Korea,2020.0,2020,TV-PG,1 Season,International TV Shows,0,1
s1485,Movie,Cops and Robbers,United States,2020.0,2020,PG-13,8 min,Dramas,1,0
s1486,Movie,Rango,United States,2020.0,2011,PG,110 min,Children & Family Movies,1,0
s1487,Movie,Death to 2020,United States,2020.0,2020,TV-MA,71 min,Comedies,1,0
s1488,TV Show,Sakho & Mangane,Senegal,2020.0,2019,TV-MA,1 Season,Crime TV Shows,0,1
s1489,Movie,DNA,France,2020.0,2020,TV-MA,91 min,Dramas,1,0
s1490,TV Show,Regiment Diaries,India,2020.0,2020,TV-PG,2 Seasons,Docuseries,0,1
s1491,Movie,The Magic School Bus Rides Again In the Zone,Canada,2020.0,2020,TV-Y,46 min,Children & Family Movies,1,0
s1492,Movie,AK vs AK,India,2020.0,2020,TV-MA,109 min,Comedies,1,0
s1493,TV Show,Bridgerton,United States,2020.0,2020,TV-MA,1 Season,Romantic TV Shows,0,1
s1494,Movie,Isa Pa with Feelings,Philippines,2020.0,2019,TV-G,102 min,International Movies,1,0
s1495,Movie,We Can Be Heroes,United States,2020.0,2020,PG,101 min,Children & Family Movies,1,0
s1496,Movie,Bridezilla,Indonesia,2020.0,2019,TV-MA,94 min,Comedies,1,0
s1497,Movie,Cemara's Family,Indonesia,2020.0,2018,TV-G,110 min,Children & Family Movies,1,0
s1498,Movie,"Hello, Love, Goodbye",Philippines,2020.0,2019,TV-14,117 min,Dramas,1,0
s1499,Movie,The History of Future Folk,United States,2020.0,2012,TV-14,85 min,Action & Adventure,1,0
s1500,Movie,The Midnight Sky,United States,2020.0,2020,PG-13,119 min,Dramas,1,0
s1501,Movie,Your Name Engraved Herein,Taiwan,2020.0,2020,TV-MA,115 min,Dramas,1,0
s1502,Movie,After We Collided,United States,2020.0,2020,R,105 min,Dramas,1,0
s1503,Movie,London Hughes: To Catch a D*ck,United States,2020.0,2020,TV-MA,68 min,Stand-Up Comedy,1,0
s1504,TV Show,Lovestruck in the City,South Korea,2020.0,2020,TV-14,1 Season,International TV Shows,0,1
s1505,Movie,QLIMAX THE SOURCE,Netherlands,2020.0,2020,TV-14,57 min,Music & Musicals,1,0
s1506,TV Show,Rhyme Time Town Singalongs,United States,2020.0,2020,TV-Y,1 Season,Kids' TV,0,1
s1507,TV Show,Shaun the Sheep,United Kingdom,2020.0,2016,TV-Y,2 Seasons,British TV Shows,0,1
s1508,Movie,Shaun the Sheep: The Farmer’s Llamas,United Kingdom,2020.0,2020,TV-Y,28 min,Children & Family Movies,1,0
s1509,TV Show,Timmy Time,United Kingdom,2020.0,2010,TV-Y,1 Season,British TV Shows,0,1
s1510,Movie,"Ariana grande: excuse me, i love you",United States,2020.0,2020,TV-MA,98 min,Documentaries,1,0
s1511,Movie,The Con Is On,United States,2020.0,2018,R,95 min,Comedies,1,0
s1512,Movie,Mohamed Hussein,Egypt,2020.0,2019,TV-14,96 min,Comedies,1,0
s1513,Movie,Rhys Nicholson Live at the Athenaeum,United Kingdom,2020.0,2020,TV-MA,66 min,Stand-Up Comedy,1,0
s1514,Movie,Atlas Shrugged: Part II,United States,2020.0,2012,PG-13,112 min,Dramas,1,0
s1515,TV Show,Diamond City,South Africa,2020.0,2019,TV-MA,1 Season,Crime TV Shows,0,1
s1516,Movie,Guest House,United States,2020.0,2020,R,84 min,Comedies,1,0
s1517,TV Show,Home for Christmas,Norway,2020.0,2020,TV-MA,2 Seasons,International TV Shows,0,1
s1518,Movie,Ma Rainey's Black Bottom,United States,2020.0,2020,R,94 min,Dramas,1,0
s1520,Movie,Mukhsin,Malaysia,2020.0,2006,TV-PG,98 min,Children & Family Movies,1,0
s1521,TV Show,Paava Kadhaigal,India,2020.0,2020,TV-MA,1 Season,International TV Shows,0,1
s1522,Movie,Rabun,Malaysia,2020.0,2004,TV-PG,85 min,Dramas,1,0
s1523,Movie,Talentime,Malaysia,2020.0,2009,TV-14,120 min,Dramas,1,0
s1524,Movie,An Unremarkable Christmas,Colombia,2020.0,2020,TV-14,83 min,Comedies,1,0
s1525,Movie,Braven,Canada,2020.0,2018,R,94 min,Action & Adventure,1,0
s1526,Movie,Eggnoid: Love & Time Portal,Indonesia,2020.0,2019,TV-14,102 min,Dramas,1,0
s1527,Movie,Love You to the Stars and Back,Philippines,2020.0,2017,TV-14,111 min,Comedies,1,0
s1528,TV Show,Morphle,Netherlands,2020.0,2020,TV-Y,2 Seasons,British TV Shows,0,1
s1529,TV Show,Run On,South Korea,2020.0,2020,TV-MA,1 Season,International TV Shows,0,1
s1530,Movie,Sakaling Maging Tayo,Philippines,2020.0,2019,TV-14,90 min,International Movies,1,0
s1531,TV Show,Schulz Saves America,United States,2020.0,2020,TV-MA,1 Season,Stand-Up Comedy & Talk Shows,0,1
s1533,TV Show,Anitta: Made In Honório,Brazil,2020.0,2020,TV-MA,1 Season,Docuseries,0,1
s1535,Movie,Bwakaw,Philippines,2020.0,2012,TV-MA,110 min,Dramas,1,0
s1536,TV Show,How To Ruin Christmas,South Africa,2020.0,2020,TV-MA,1 Season,International TV Shows,0,1
s1537,Movie,Incarnate,United States,2020.0,2016,PG-13,87 min,Horror Movies,1,0
s1538,Movie,Lee Daniels' The Butler,United States,2020.0,2013,PG-13,132 min,Dramas,1,0
s1539,TV Show,Marvel Anime: Wolverine,United States,2020.0,2011,TV-14,1 Season,Anime Series,0,1
s1540,TV Show,Marvel Anime: X-Men,Japan,2020.0,2011,TV-14,1 Season,Anime Series,0,1
s1541,Movie,Nocturnal Animals,United States,2020.0,2016,R,117 min,Dramas,1,0
s1542,TV Show,The Ripper,United Kingdom,2020.0,2020,TV-MA,1 Season,British TV Shows,0,1
s1543,Movie,Vir Das: Outside In - The Lockdown Special,India,2020.0,2020,TV-MA,50 min,Stand-Up Comedy,1,0
s1544,TV Show,Black Ink Crew New York,United States,2020.0,2014,TV-14,2 Seasons,Reality TV,0,1
s1545,Movie,Grizzlies,Canada,2020.0,2018,R,106 min,Dramas,1,0
s1546,TV Show,Pup Academy,United States,2020.0,2020,TV-Y,2 Seasons,Kids' TV,0,1
s1547,TV Show,Song Exploder,United States,2020.0,2020,TV-MA,2 Seasons,Docuseries,0,1
s1548,TV Show,Teen Mom 2,United States,2020.0,2011,TV-14,2 Seasons,Reality TV,0,1
s1549,TV Show,The Challenge,United States,2020.0,2006,TV-14,2 Seasons,Reality TV,0,1
s1550,Movie,The Professor and the Madman,Ireland,2020.0,2019,TV-14,125 min,Dramas,1,0
s1551,Movie,A California Christmas,United States,2020.0,2020,PG-13,107 min,Comedies,1,0
s1552,TV Show,Hilda,United Kingdom,2020.0,2021,TV-Y7,2 Seasons,Kids' TV,0,1
s1553,TV Show,Tiny Pretty Things,United States,2020.0,2020,TV-MA,1 Season,TV Dramas,0,1
s1554,Movie,The Netflix Afterparty: The Best Shows of The Worst Year,United States,2020.0,2020,TV-MA,59 min,Comedies,1,0
s1555,TV Show,Children of Adam,Lebanon,2020.0,2020,TV-14,1 Season,International TV Shows,0,1
s1556,TV Show,Grizzy et les Lemmings,France,2020.0,2018,TV-Y,2 Seasons,Kids' TV,0,1
s1558,Movie,Canvas,United States,2020.0,2020,G,9 min,Children & Family Movies,1,0
s1559,Movie,Giving Voice,United States,2020.0,2020,PG-13,91 min,Documentaries,1,0
s1560,TV Show,The Mess You Leave Behind,Spain,2020.0,2020,TV-MA,1 Season,International TV Shows,0,1
s1561,Movie,The Prom,United States,2020.0,2020,PG-13,132 min,Comedies,1,0
s1562,Movie,Torbaaz,India,2020.0,2020,TV-MA,133 min,Dramas,1,0
s1563,TV Show,Alice in Borderland,Japan,2020.0,2020,TV-MA,1 Season,International TV Shows,0,1
s1564,Movie,Funny Boy,Canada,2020.0,2020,TV-MA,109 min,Dramas,1,0
s1566,Movie,Just The Way You Are,Philippines,2020.0,2016,TV-G,107 min,International Movies,1,0
s1567,Movie,She's the One,Philippines,2020.0,2013,TV-14,111 min,Dramas,1,0
s1568,Movie,The Panti Sisters,Philippines,2020.0,2019,TV-MA,108 min,Comedies,1,0
s1569,Movie,"Kalel, 15",Philippines,2020.0,2019,TV-MA,105 min,Dramas,1,0
s1570,TV Show,Masameer Classics,Saudi Arabia,2020.0,2013,TV-14,4 Seasons,International TV Shows,0,1
s1571,TV Show,Once Upon a Time,Egypt,2020.0,2019,TV-14,1 Season,International TV Shows,0,1
s1572,Movie,Rose Island,Italy,2020.0,2020,TV-14,119 min,Comedies,1,0
s1573,TV Show,The Big Show Show,United States,2020.0,2020,TV-G,2 Seasons,Kids' TV,0,1
s1574,TV Show,The Expanding Universe of Ashley Garcia,United States,2020.0,2020,TV-PG,3 Seasons,Kids' TV,0,1
s1575,TV Show,The Surgeon's Cut,United States,2020.0,2020,TV-14,1 Season,Docuseries,0,1
s1576,Movie,André & his olive tree,Singapore,2020.0,2020,TV-PG,104 min,Documentaries,1,0
s1577,Movie,Bobbleheads The Movie,United States,2020.0,2020,PG,83 min,Children & Family Movies,1,0
s1578,Movie,Emicida: AmarElo - It’s All For Yesterday,Brazil,2020.0,2020,TV-MA,90 min,Documentaries,1,0
s1579,TV Show,Juman,Kuwait,2020.0,2019,TV-PG,1 Season,International TV Shows,0,1
s1580,TV Show,Mr. Iglesias,United States,2020.0,2020,TV-14,3 Seasons,TV Comedies,0,1
s1581,Movie,Spirit Riding Free: Ride Along Adventure,United States,2020.0,2020,TV-Y7,79 min,Children & Family Movies,1,0
s1583,Movie,Triple 9,United States,2020.0,2016,R,115 min,Dramas,1,0
s1584,TV Show,100 Days My Prince,South Korea,2020.0,2018,TV-14,1 Season,International TV Shows,0,1
s1585,Movie,Ava,United States,2020.0,2020,R,97 min,Action & Adventure,1,0
s1587,TV Show,Room 2806: The Accusation,France,2020.0,2020,TV-MA,1 Season,Crime TV Shows,0,1
s1588,TV Show,Detention,Taiwan,2020.0,2020,TV-MA,1 Season,International TV Shows,0,1
s1589,Movie,Mighty Express: A Mighty Christmas,Canada,2020.0,2020,TV-Y,26 min,Children & Family Movies,1,0
s1590,TV Show,Bhaag Beanie Bhaag,India,2020.0,2020,TV-MA,1 Season,International TV Shows,0,1
s1591,TV Show,Big Mouth,United States,2020.0,2020,TV-MA,4 Seasons,TV Comedies,0,1
s1592,Movie,Captain Underpants Mega Blissmas,United States,2020.0,2020,TV-Y7,46 min,Children & Family Movies,1,0
s1593,Movie,Christmas Crossfire,Germany,2020.0,2020,TV-MA,106 min,Comedies,1,0
s1594,TV Show,Kings of Jo'Burg,South Africa,2020.0,2020,TV-MA,1 Season,Crime TV Shows,0,1
s1595,Movie,Leyla Everlasting,Turkey,2020.0,2020,TV-MA,113 min,Comedies,1,0
s1596,Movie,MANK,United States,2020.0,2020,R,133 min,Dramas,1,0
s1598,Movie,You Are My Home,United States,2020.0,2020,TV-PG,93 min,Children & Family Movies,1,0
s1599,Movie,Between Maybes,Philippines,2020.0,2019,TV-14,108 min,Dramas,1,0
s1600,Movie,Break,France,2020.0,2018,TV-MA,96 min,Comedies,1,0
s1602,Movie,Just Another Christmas,Brazil,2020.0,2020,TV-MA,101 min,Comedies,1,0
s1603,Movie,Must Be... Love,Philippines,2020.0,2013,TV-14,106 min,Comedies,1,0
s1604,TV Show,Alien Worlds,United Kingdom,2020.0,2020,TV-PG,1 Season,British TV Shows,0,1
s1605,Movie,Ari Eldjárn: Pardon My Icelandic,Iceland,2020.0,2020,TV-MA,54 min,Stand-Up Comedy,1,0
s1606,TV Show,Check The Store Next Door: The Next Chapter,Indonesia,2020.0,2020,TV-14,2 Seasons,International TV Shows,0,1
s1607,Movie,Fierce,Poland,2020.0,2020,TV-MA,118 min,Comedies,1,0
s1608,Movie,Hazel Brugger: Tropical,Germany,2020.0,2020,TV-MA,58 min,Stand-Up Comedy,1,0
s1609,Movie,3 Days to Kill,United States,2020.0,2014,PG-13,117 min,Action & Adventure,1,0
s1610,Movie,Angela's Christmas Wish,United States,2020.0,2020,TV-Y,48 min,Children & Family Movies,1,0
s1611,Movie,Angels & Demons,United States,2020.0,2009,PG-13,139 min,Thrillers,1,0
s1612,TV Show,Are You The One,United States,2020.0,2014,TV-14,2 Seasons,Reality TV,0,1
s1613,Movie,Chef,United States,2020.0,2014,R,115 min,Comedies,1,0
s1614,Movie,Effie Gray,United Kingdom,2020.0,2014,PG-13,109 min,Dramas,1,0
s1615,TV Show,Gormiti,Spain,2020.0,2018,TV-Y,1 Season,Kids' TV,0,1
s1616,TV Show,Ink Master,United States,2020.0,2012,TV-14,2 Seasons,Reality TV,0,1
s1617,Movie,Monster House,United States,2020.0,2006,PG,91 min,Children & Family Movies,1,0
s1618,Movie,Natalie Palamides: Nate - A One Man Show,United States,2020.0,2020,TV-MA,60 min,Comedies,1,0
s1619,TV Show,Octonauts,United States,2020.0,2015,TV-Y,4 Seasons,British TV Shows,0,1
s1620,TV Show,Oddbods,United Kingdom,2020.0,2017,TV-Y,1 Season,Kids' TV,0,1
s1621,Movie,Peppermint,Hong Kong,2020.0,2018,R,102 min,Action & Adventure,1,0
s1622,Movie,Quigley Down Under,Australia,2020.0,1990,PG-13,120 min,Action & Adventure,1,0
s1623,TV Show,Stargate SG-1,United States,2020.0,2006,TV-MA,10 Seasons,Classic & Cult TV,0,1
s1624,TV Show,The Bachelorette,United States,2020.0,2010,TV-14,1 Season,Reality TV,0,1
s1625,Movie,The Da Vinci Code,United States,2020.0,2006,PG-13,149 min,Thrillers,1,0
s1626,TV Show,The Guest,South Korea,2020.0,2018,TV-14,1 Season,International TV Shows,0,1
s1627,Movie,The Happytime Murders,United States,2020.0,2018,R,91 min,Action & Adventure,1,0
s1628,TV Show,The Holiday Movies That Made Us,United States,2020.0,2020,TV-PG,1 Season,Docuseries,0,1
s1629,TV Show,The Repair Shop,United Kingdom,2020.0,2018,TV-PG,1 Season,British TV Shows,0,1
s1630,Movie,U-Turn,Philippines,2020.0,2020,TV-MA,99 min,Horror Movies,1,0
s1631,Movie,Finding Agnes,Philippines,2020.0,2020,TV-PG,106 min,Dramas,1,0
s1632,Movie,Rust Creek,United States,2020.0,2018,R,108 min,Thrillers,1,0
s1633,Movie,Spookley and the Christmas Kittens,United States,2020.0,2019,TV-Y,45 min,Children & Family Movies,1,0
s1634,Movie,The 2nd,United States,2020.0,2020,TV-MA,93 min,Action & Adventure,1,0
s1635,TV Show,The Uncanny Counter,South Korea,2020.0,2020,TV-14,1 Season,International TV Shows,0,1
s1636,Movie,A Go! Go! Cory Carson Christmas,United States,2020.0,2020,TV-Y,22 min,Children & Family Movies,1,0
s1637,Movie,Dance Dreams: Hot Chocolate Nutcracker,United States,2020.0,2020,TV-PG,81 min,Children & Family Movies,1,0
s1638,Movie,Don’t Listen,Spain,2020.0,2020,TV-MA,98 min,Horror Movies,1,0
s1639,TV Show,Fabulous Lives of Bollywood Wives,India,2020.0,2020,TV-MA,1 Season,International TV Shows,0,1
s1640,TV Show,Heartbreak High,Australia,2020.0,1999,TV-14,7 Seasons,International TV Shows,0,1
s1641,TV Show,Over Christmas,Germany,2020.0,2020,TV-MA,1 Season,International TV Shows,0,1
s1642,TV Show,Sugar Rush Christmas,United States,2020.0,2020,TV-14,2 Seasons,Reality TV,0,1
s1643,Movie,The Beast,Italy,2020.0,2020,TV-MA,100 min,Action & Adventure,1,0
s1644,Movie,The Call,South Korea,2020.0,2020,TV-MA,112 min,International Movies,1,0
s1645,Movie,Fantastica,Philippines,2020.0,2018,TV-PG,114 min,Comedies,1,0
s1646,Movie,Larry the Cable Guy: Remain Seated,United States,2020.0,2020,TV-14,68 min,Stand-Up Comedy,1,0
s1647,Movie,Mosul,United States,2020.0,2020,TV-MA,103 min,Action & Adventure,1,0
s1648,Movie,Unexpectedly Yours,Philippines,2020.0,2017,TV-14,121 min,Comedies,1,0
s1649,Movie,Ghosts of War,United Kingdom,2020.0,2020,R,95 min,Horror Movies,1,0
s1650,TV Show,Great Pretender,Japan,2020.0,2020,TV-MA,2 Seasons,Anime Series,0,1
s1651,Movie,Shawn Mendes: Live in Concert,United Kingdom,2020.0,2020,TV-PG,87 min,Music & Musicals,1,0
s1652,Movie,The Christmas Chronicles: Part Two,Canada,2020.0,2020,PG,115 min,Children & Family Movies,1,0
s1654,Movie,Andhakaaram,India,2020.0,2020,TV-14,171 min,Horror Movies,1,0
s1655,TV Show,Before 30,Nigeria,2020.0,2015,TV-MA,1 Season,International TV Shows,0,1
s1656,Movie,Dragons: Rescue Riders: Huttsgalor Holiday,United States,2020.0,2020,TV-Y,46 min,Children & Family Movies,1,0
s1657,Movie,Hillbilly Elegy,United States,2020.0,2020,R,117 min,Dramas,1,0
s1658,Movie,Notes for My Son,Argentina,2020.0,2020,TV-MA,84 min,Dramas,1,0
s1659,TV Show,Valentino,Egypt,2020.0,2020,TV-14,1 Season,International TV Shows,0,1
s1660,Movie,Hard Kill,United States,2020.0,2020,R,98 min,Action & Adventure,1,0
s1661,Movie,Shawn Mendes: In Wonder,United States,2020.0,2020,TV-MA,83 min,Documentaries,1,0
s1662,TV Show,Strongest Deliveryman,South Korea,2020.0,2017,TV-MA,1 Season,International TV Shows,0,1
s1663,Movie,The Suit,Egypt,2020.0,2018,TV-14,97 min,Action & Adventure,1,0
s1664,Movie,Dolly Parton’s Christmas on the Square,United States,2020.0,2020,TV-PG,99 min,Children & Family Movies,1,0
s1665,Movie,Machete Kills,United States,2020.0,2013,R,108 min,Action & Adventure,1,0
s1666,Movie,40 Sticks,Kenya,2020.0,2019,TV-14,93 min,International Movies,1,0
s1667,Movie,Alien Xmas,United States,2020.0,2020,TV-Y,42 min,Children & Family Movies,1,0
s1668,TV Show,Flavorful Origins,China,2020.0,2020,TV-G,3 Seasons,Docuseries,0,1
s1670,Movie,If Anything Happens I Love You,United States,2020.0,2020,PG,13 min,Dramas,1,0
s1671,TV Show,Mismatched,India,2020.0,2020,TV-MA,1 Season,International TV Shows,0,1
s1672,Movie,The App That Stole Christmas,United States,2020.0,2020,TV-PG,64 min,Children & Family Movies,1,0
s1673,TV Show,Voices of Fire,United States,2020.0,2020,TV-PG,1 Season,Docuseries,0,1
s1674,Movie,Black Friday,India,2020.0,2004,TV-MA,162 min,Dramas,1,0
s1675,Movie,Bodyguard,India,2020.0,2011,TV-14,130 min,Action & Adventure,1,0
s1676,Movie,Break Ke Baad,India,2020.0,2010,TV-14,108 min,Comedies,1,0
s1677,Movie,Hawaizaada,India,2020.0,2015,TV-14,129 min,Dramas,1,0
s1678,Movie,My Amnesia Girl,Philippines,2020.0,2010,TV-14,105 min,International Movies,1,0
s1679,Movie,Raman Raghav 2.0,India,2020.0,2016,TV-MA,133 min,International Movies,1,0
s1680,Movie,Singham,India,2020.0,2011,TV-14,142 min,Action & Adventure,1,0
s1681,Movie,TE3N,India,2020.0,2016,TV-14,128 min,Dramas,1,0
s1682,Movie,The Princess Switch: Switched Again,United States,2020.0,2020,TV-G,97 min,Children & Family Movies,1,0
s1683,Movie,Three Words to Forever,Philippines,2020.0,2018,TV-G,107 min,Comedies,1,0
s1684,Movie,Well Done Abba,India,2020.0,2009,TV-14,135 min,Comedies,1,0
s1685,TV Show,Holiday Home Makeover with Mr. Christmas,United States,2020.0,2020,TV-G,1 Season,Reality TV,0,1
s1686,Movie,Ainu Mosir,United States,2020.0,2020,TV-PG,84 min,Dramas,1,0
s1687,Movie,Kevin Hart: Zero F**ks Given,United States,2020.0,2020,TV-MA,70 min,Stand-Up Comedy,1,0
s1688,TV Show,The Boss Baby: Back in Business,United States,2020.0,2020,TV-Y7,4 Seasons,Kids' TV,0,1
s1689,TV Show,We Are the Champions,United States,2020.0,2020,TV-MA,1 Season,Docuseries,0,1
s1690,Movie,Loving,United Kingdom,2020.0,2016,PG-13,124 min,Dramas,1,0
s1691,Movie,Whose Streets?,United States,2020.0,2017,R,102 min,Documentaries,1,0
s1692,Movie,A Very Country Christmas,United States,2020.0,2017,TV-G,84 min,Music & Musicals,1,0
s1693,TV Show,America's Next Top Model,United States,2020.0,2013,TV-14,2 Seasons,Reality TV,0,1
s1694,TV Show,Beyblade Burst Rise,Japan,2020.0,2019,TV-Y,1 Season,Anime Series,0,1
s1695,Movie,Cloudy with a Chance of Meatballs 2,United States,2020.0,2013,PG,95 min,Children & Family Movies,1,0
s1696,Movie,Hometown Holiday,Canada,2020.0,2018,TV-G,84 min,Romantic Movies,1,0
s1697,TV Show,Polly Pocket,Canada,2020.0,2021,TV-Y,2 Seasons,Kids' TV,0,1
s1698,TV Show,Survivor,United States,2020.0,2014,TV-14,2 Seasons,Reality TV,0,1
s1699,TV Show,The Crown,United Kingdom,2020.0,2020,TV-MA,4 Seasons,British TV Shows,0,1
s1700,Movie,White Christmas,United States,2020.0,1954,TV-G,120 min,Children & Family Movies,1,0
s1701,Movie,Killer Cove,United States,2020.0,2019,TV-14,87 min,Thrillers,1,0
s1702,TV Show,American Horror Story,United States,2020.0,2019,TV-MA,9 Seasons,TV Horror,0,1
s1703,Movie,Fukrey Boyzzz: Space Mein Fukrapanti,India,2020.0,2020,TV-Y7,75 min,Children & Family Movies,1,0
s1704,Movie,Jingle Jangle: A Christmas Journey,United States,2020.0,2020,PG,124 min,Children & Family Movies,1,0
s1705,Movie,The Beginning of Life 2: Outside,Brazil,2020.0,2020,TV-PG,92 min,Documentaries,1,0
s1706,Movie,The Life Ahead,Italy,2020.0,2020,PG-13,95 min,Dramas,1,0
s1707,TV Show,The Minions of Midas,Spain,2020.0,2020,TV-MA,1 Season,Crime TV Shows,0,1
s1708,Movie,A Very Special Love,Philippines,2020.0,2008,TV-G,107 min,International Movies,1,0
s1709,TV Show,Ethos,Turkey,2020.0,2020,TV-MA,1 Season,International TV Shows,0,1
s1710,Movie,First Love,Philippines,2020.0,2018,TV-MA,123 min,Dramas,1,0
s1711,Movie,Fruitvale Station,United States,2020.0,2013,R,85 min,Dramas,1,0
s1712,TV Show,Graceful Friends,South Korea,2020.0,2020,TV-MA,1 Season,Crime TV Shows,0,1
s1713,Movie,Ludo,India,2020.0,2020,TV-MA,150 min,Comedies,1,0
s1714,Movie,Memories of a Teenager,Argentina,2020.0,2019,TV-MA,97 min,Dramas,1,0
s1715,Movie,Prom Night,United States,2020.0,2008,PG-13,88 min,Horror Movies,1,0
s1716,TV Show,A Queen Is Born,Brazil,2020.0,2020,TV-14,1 Season,International TV Shows,0,1
s1717,TV Show,Aunty Donna's Big Ol' House of Fun,Australia,2020.0,2020,TV-MA,1 Season,TV Comedies,0,1
s1718,TV Show,The Liberator,United States,2020.0,2020,TV-MA,1 Season,TV Action & Adventure,0,1
s1719,TV Show,Trial 4,United States,2020.0,2020,TV-MA,1 Season,Crime TV Shows,0,1
s1720,Movie,We Are All For The Fatherland,Lebanon,2020.0,1979,TV-14,74 min,Documentaries,1,0
s1721,Movie,What We Wanted,Austria,2020.0,2020,TV-MA,93 min,Dramas,1,0
s1722,TV Show,A Lion in the House,United States,2020.0,2006,TV-14,1 Season,TV Shows,0,1
s1723,TV Show,DASH & LILY,United States,2020.0,2020,TV-14,1 Season,Romantic TV Shows,0,1
s1725,TV Show,Bakugan: Battle Planet,Japan,2020.0,2018,TV-PG,1 Season,Anime Series,0,1
s1726,Movie,Citation,Nigeria,2020.0,2020,TV-MA,151 min,Dramas,1,0
s1727,TV Show,Country Ever After,United States,2020.0,2020,TV-PG,1 Season,Reality TV,0,1
s1728,Movie,Girl's Revenge,Taiwan,2020.0,2020,TV-MA,82 min,Dramas,1,0
s1729,Movie,The Endless Trench,Spain,2020.0,2019,TV-MA,148 min,Dramas,1,0
s1730,Movie,The Late Bloomer,United States,2020.0,2016,R,95 min,Comedies,1,0
s1731,TV Show,Wrong Kind of Black,Australia,2020.0,2018,TV-MA,1 Season,International TV Shows,0,1
s1732,Movie,A New York Christmas Wedding,United States,2020.0,2020,TV-MA,90 min,Dramas,1,0
s1733,Movie,Alone/Together,Philippines,2020.0,2019,TV-14,103 min,Dramas,1,0
s1734,TV Show,Carmel: Who Killed Maria Marta?,Argentina,2020.0,2020,TV-14,1 Season,Crime TV Shows,0,1
s1735,Movie,Midnight at the Magnolia,Canada,2020.0,2020,TV-G,87 min,Comedies,1,0
s1736,Movie,One More Try,Philippines,2020.0,2012,TV-14,102 min,Dramas,1,0
s1737,Movie,Operation Christmas Drop,United States,2020.0,2020,TV-G,96 min,Children & Family Movies,1,0
s1738,TV Show,Paranormal,Egypt,2020.0,2020,TV-14,1 Season,International TV Shows,0,1
s1739,Movie,A Christmas Catch,Canada,2020.0,2018,TV-G,87 min,Dramas,1,0
s1740,Movie,Christmas with a Prince,Canada,2020.0,2018,TV-PG,86 min,Comedies,1,0
s1741,TV Show,Love & Anarchy,Sweden,2020.0,2020,TV-MA,1 Season,International TV Shows,0,1
s1742,Movie,Miss India,India,2020.0,2020,TV-PG,136 min,Dramas,1,0
s1743,Movie,Felix Lobrecht: Hype,Germany,2020.0,2020,TV-MA,60 min,Stand-Up Comedy,1,0
s1744,Movie,MOTHER,Japan,2020.0,2020,TV-14,127 min,Dramas,1,0
s1747,TV Show,Can You Hear Me?,Canada,2020.0,2020,TV-MA,2 Seasons,International TV Shows,0,1
s1748,Movie,Prospect,Canada,2020.0,2018,R,100 min,Sci-Fi & Fantasy,1,0
s1749,TV Show,60 Days In,United States,2020.0,2019,TV-MA,1 Season,Reality TV,0,1
s1750,Movie,Christmas Break-In,United States,2020.0,2019,TV-PG,87 min,Children & Family Movies,1,0
s1751,TV Show,Dawson's Creek,United States,2020.0,2002,TV-14,6 Seasons,Romantic TV Shows,0,1
s1752,Movie,Elf Pets: A Fox Cub’s Christmas Tale,United States,2020.0,2020,TV-Y,28 min,Children & Family Movies,1,0
s1753,Movie,Elf Pets: Santa’s Reindeer Rescue,United States,2020.0,2020,TV-Y,27 min,Children & Family Movies,1,0
s1754,Movie,Elliot the Littlest Reindeer,Canada,2020.0,2018,PG,90 min,Children & Family Movies,1,0
s1755,TV Show,Forged in Fire,United States,2020.0,2019,TV-14,1 Season,Reality TV,0,1
s1756,TV Show,Leah Remini: Scientology and the Aftermath,United States,2020.0,2018,TV-14,3 Seasons,Docuseries,0,1
s1757,TV Show,LEGO Jurassic World: Legend of Isla Nublar,United States,2020.0,2019,TV-Y,1 Season,Kids' TV,0,1
s1758,TV Show,LEGO Jurassic World: Secret Exhibit,United States,2020.0,2018,TV-Y,1 Season,Kids' TV,0,1
s1759,TV Show,LEGO Ninjago,Canada,2020.0,2020,TV-Y7,2 Seasons,Kids' TV,0,1
s1760,TV Show,LEGO Ninjago: Masters of Spinjitzu,Denmark,2020.0,2019,TV-Y7,10 Seasons,Kids' TV,0,1
s1761,TV Show,LEGO: CITY Adventures,United States,2020.0,2019,TV-Y,1 Season,Kids' TV,0,1
s1762,Movie,Little Monsters,United States,2020.0,1989,PG,102 min,Children & Family Movies,1,0
s1763,Movie,Mile 22,United States,2020.0,2018,R,94 min,Action & Adventure,1,0
s1764,Movie,Piercing,United States,2020.0,2018,R,81 min,Dramas,1,0
s1765,Movie,Snowden,United Kingdom,2020.0,2016,R,134 min,Dramas,1,0
s1766,TV Show,The Garfield Show,France,2020.0,2018,TV-Y,4 Seasons,Kids' TV,0,1
s1767,TV Show,The Good Detective,South Korea,2020.0,2020,TV-MA,1 Season,Crime TV Shows,0,1
s1768,Movie,The Impossible,Spain,2020.0,2012,PG-13,114 min,Dramas,1,0
s1769,Movie,The Next Karate Kid,United States,2020.0,1994,PG,107 min,Action & Adventure,1,0
s1770,TV Show,Voice,South Korea,2020.0,2018,TV-14,2 Seasons,Crime TV Shows,0,1
s1771,Movie,Wheels of Fortune,United States,2020.0,2020,R,107 min,Comedies,1,0
s1772,TV Show,Afronta! Facing It!,Brazil,2020.0,2017,TV-PG,1 Season,Docuseries,0,1
s1773,Movie,The 12th Man,Norway,2020.0,2018,TV-MA,130 min,Action & Adventure,1,0
s1774,TV Show,Zumbo's Just Desserts,Australia,2020.0,2019,TV-PG,1 Season,International TV Shows,0,1
s1775,Movie,Hidden in Plain Sight,United States,2020.0,2019,TV-14,87 min,Dramas,1,0
s1776,Movie,His House,United Kingdom,2020.0,2020,TV-14,93 min,Horror Movies,1,0
s1777,Movie,In Line,Nigeria,2020.0,2017,TV-14,114 min,Dramas,1,0
s1778,Movie,Kaali Khuhi,India,2020.0,2020,TV-14,91 min,Horror Movies,1,0
s1780,TV Show,Marvel's Agents of S.H.I.E.L.D.,United States,2020.0,2020,TV-14,7 Seasons,TV Action & Adventure,0,1
s1781,Movie,Rogue City,France,2020.0,2020,TV-MA,116 min,Dramas,1,0
s1782,TV Show,Somebody Feed Phil,United States,2020.0,2020,TV-14,4 Seasons,Docuseries,0,1
s1783,TV Show,Suburra: Blood on Rome,Italy,2020.0,2020,TV-MA,3 Seasons,Crime TV Shows,0,1
s1784,Movie,The Day of the Lord,Mexico,2020.0,2020,TV-MA,93 min,Horror Movies,1,0
s1785,Movie,Pagpag: Nine Lives,Philippines,2020.0,2013,TV-14,106 min,Horror Movies,1,0
s1786,Movie,Holidate,United States,2020.0,2020,TV-MA,105 min,Comedies,1,0
s1788,Movie,Metallica Through The Never,United States,2020.0,2013,R,93 min,Music & Musicals,1,0
s1789,Movie,Nobody Sleeps in the Woods Tonight,Poland,2020.0,2020,TV-MA,103 min,Horror Movies,1,0
s1790,Movie,Secrets of the Saqqara Tomb,United States,2020.0,2020,TV-PG,114 min,Documentaries,1,0
s1791,TV Show,Blood of Zeus,United States,2020.0,2020,TV-MA,1 Season,Anime Series,0,1
s1792,TV Show,Chico Bon Bon: Monkey with a Tool Belt,United States,2020.0,2020,TV-Y,4 Seasons,Kids' TV,0,1
s1793,Movie,Guillermo Vilas: Settling the Score,Argentina,2020.0,2020,TV-14,95 min,Documentaries,1,0
s1794,Movie,Sarah Cooper: Everything's Fine,United States,2020.0,2020,TV-MA,50 min,Comedies,1,0
s1795,TV Show,The Devil Punisher,Taiwan,2020.0,2020,TV-14,1 Season,International TV Shows,0,1
s1796,Movie,Ajab Prem Ki Ghazab Kahani,India,2020.0,2009,TV-14,150 min,Comedies,1,0
s1797,Movie,Black '47,Ireland,2020.0,2018,R,100 min,Action & Adventure,1,0
s1798,Movie,I Am Woman,Australia,2020.0,2019,TV-MA,117 min,Dramas,1,0
s1799,Movie,Alice Junior,Brazil,2020.0,2019,TV-MA,87 min,Comedies,1,0
s1800,TV Show,Barbarians,Germany,2020.0,2020,TV-MA,1 Season,International TV Shows,0,1
s1801,TV Show,Move,United States,2020.0,2020,TV-MA,1 Season,Docuseries,0,1
s1802,Movie,Over the Moon,China,2020.0,2020,PG,100 min,Children & Family Movies,1,0
s1803,Movie,Shattered Memories,United States,2020.0,2018,TV-14,86 min,Dramas,1,0
s1804,TV Show,Stolen Away,Spain,2020.0,2020,TV-MA,1 Season,Crime TV Shows,0,1
s1805,TV Show,The Queen's Gambit,United States,2020.0,2020,TV-MA,1 Season,TV Dramas,0,1
s1806,Movie,Bending the Arc,United States,2020.0,2017,TV-MA,102 min,Documentaries,1,0
s1807,Movie,Cadaver,Norway,2020.0,2020,TV-MA,87 min,Horror Movies,1,0
s1808,Movie,Exes Baggage,Philippines,2020.0,2018,TV-MA,103 min,Dramas,1,0
s1809,Movie,Fisherman's Friends,United Kingdom,2020.0,2019,PG-13,112 min,Comedies,1,0
s1810,Movie,The Hows of Us,Philippines,2020.0,2018,TV-14,120 min,Dramas,1,0
s1811,Movie,The Hummingbird Project,Canada,2020.0,2018,R,111 min,Dramas,1,0
s1812,Movie,"Yes, God, Yes",United States,2020.0,2020,R,78 min,Comedies,1,0
s1813,Movie,Brave Blue World: Racing to Solve Our Water Crisis,Canada,2020.0,2020,TV-PG,51 min,Documentaries,1,0
s1814,TV Show,My Next Guest Needs No Introduction With David Letterman,United States,2020.0,2020,TV-MA,3 Seasons,Stand-Up Comedy & Talk Shows,0,1
s1815,Movie,Rebecca,United Kingdom,2020.0,2020,PG-13,123 min,Dramas,1,0
s1816,Movie,The Magic School Bus Rides Again The Frizz Connection,Canada,2020.0,2020,TV-Y,46 min,Children & Family Movies,1,0
s1817,Movie,Tremors: Shrieker Island,United States,2020.0,2020,PG-13,102 min,Action & Adventure,1,0
s1818,Movie,Beirut Oh Beirut,Lebanon,2020.0,1975,TV-14,106 min,Classic Movies,1,0
s1819,Movie,Bosta,Lebanon,2020.0,2005,TV-14,112 min,Dramas,1,0
s1820,Movie,Ghadi,Lebanon,2020.0,2013,TV-MA,101 min,Comedies,1,0
s1821,Movie,Heritages,Lebanon,2020.0,2014,TV-14,96 min,Documentaries,1,0
s1822,Movie,Listen,Lebanon,2020.0,2017,TV-MA,103 min,Dramas,1,0
s1823,Movie,Out of Life,France,2020.0,1991,TV-MA,94 min,Classic Movies,1,0
s1824,Movie,Panoptic,Lebanon,2020.0,2017,TV-MA,69 min,Documentaries,1,0
s1825,Movie,Taxi Ballad,Lebanon,2020.0,2012,TV-MA,81 min,Dramas,1,0
s1826,Movie,The Kite,Lebanon,2020.0,2003,TV-MA,76 min,Dramas,1,0
s1827,Movie,The Little Wars,France,2020.0,1982,TV-14,108 min,Dramas,1,0
s1828,Movie,Under the Bombs,France,2020.0,2007,TV-MA,94 min,Dramas,1,0
s1830,Movie,West Beirut,France,2020.0,1999,TV-MA,106 min,Dramas,1,0
s1831,Movie,What Did I Mess,Lebanon,2020.0,2018,TV-14,98 min,Comedies,1,0
s1832,Movie,Whispers,Lebanon,2020.0,1980,TV-14,93 min,Documentaries,1,0
s1833,Movie,Zozo,Sweden,2020.0,2005,TV-MA,99 min,Dramas,1,0
s1834,Movie,ParaNorman,United States,2020.0,2012,PG,93 min,Children & Family Movies,1,0
s1835,TV Show,Start-Up,South Korea,2020.0,2020,TV-14,1 Season,International TV Shows,0,1
s1836,Movie,I Am Vengeance: Retaliation,United Kingdom,2020.0,2020,R,82 min,Action & Adventure,1,0
s1837,Movie,Disconnect,Kenya,2020.0,2018,TV-MA,107 min,Comedies,1,0
s1838,TV Show,Grand Army,United States,2020.0,2020,TV-MA,1 Season,TV Dramas,0,1
s1839,Movie,In a Valley of Violence,United States,2020.0,2016,R,104 min,Action & Adventure,1,0
s1840,TV Show,La Révolution,France,2020.0,2020,TV-MA,1 Season,International TV Shows,0,1
s1841,TV Show,Someone Has to Die,Mexico,2020.0,2020,TV-MA,1 Season,Crime TV Shows,0,1
s1842,TV Show,The Last Kids on Earth,United States,2020.0,2020,TV-Y7,3 Seasons,Kids' TV,0,1
s1843,Movie,The Trial of the Chicago 7,United States,2020.0,2020,R,130 min,Dramas,1,0
s1844,Movie,Unfriended,United States,2020.0,2014,R,83 min,Horror Movies,1,0
s1845,Movie,A Babysitter's Guide to Monster Hunting,United States,2020.0,2020,TV-PG,99 min,Children & Family Movies,1,0
s1846,Movie,Batman: The Killing Joke,United States,2020.0,2016,R,77 min,Action & Adventure,1,0
s1847,Movie,El-Khawaga's Dilemma,Egypt,2020.0,2018,TV-14,94 min,Action & Adventure,1,0
s1848,TV Show,Fireman Sam,United Kingdom,2020.0,2018,TV-Y,4 Seasons,British TV Shows,0,1
s1849,TV Show,Half & Half,United States,2020.0,2005,TV-14,4 Seasons,TV Comedies,0,1
s1850,Movie,Kartini: Princess of Java,Indonesia,2020.0,2017,TV-PG,118 min,Dramas,1,0
s1851,Movie,Love Like the Falling Rain,Indonesia,2020.0,2020,TV-14,87 min,Dramas,1,0
s1852,TV Show,One on One,United States,2020.0,2006,TV-14,5 Seasons,TV Comedies,0,1
s1853,TV Show,Power Rangers Beast Morphers,United States,2020.0,2020,TV-Y7,2 Seasons,Kids' TV,0,1
s1854,Movie,Rooting for Roona,India,2020.0,2020,TV-PG,42 min,Documentaries,1,0
s1855,TV Show,Social Distance,United States,2020.0,2020,TV-MA,1 Season,TV Comedies,0,1
s1856,Movie,A Choo,Taiwan,2020.0,2020,TV-14,101 min,Action & Adventure,1,0
s1857,Movie,BLACKPINK: Light Up the Sky,United States,2020.0,2020,TV-14,80 min,Documentaries,1,0
s1858,Movie,The Three Deaths of Marisela Escobedo,Mexico,2020.0,2020,TV-MA,110 min,Documentaries,1,0
s1859,Movie,Fida,India,2020.0,2004,TV-14,117 min,International Movies,1,0
s1860,Movie,Octonauts & the Great Barrier Reef,United Kingdom,2020.0,2020,TV-Y,47 min,Children & Family Movies,1,0
s1861,TV Show,The Cabin with Bert Kreischer,United States,2020.0,2020,TV-MA,1 Season,Reality TV,0,1
s1862,Movie,Dil,India,2020.0,1990,TV-14,165 min,Comedies,1,0
s1863,Movie,Disco Dancer,India,2020.0,1982,TV-14,134 min,Cult Movies,1,0
s1864,Movie,Hunterrr,India,2020.0,2015,TV-MA,140 min,Comedies,1,0
s1865,TV Show,Kipo and the Age of Wonderbeasts,United States,2020.0,2020,TV-Y7,3 Seasons,Kids' TV,0,1
s1866,Movie,Phir Hera Pheri,India,2020.0,2006,TV-14,150 min,Comedies,1,0
s1867,Movie,The Legend of Bhagat Singh,India,2020.0,2002,TV-14,156 min,Dramas,1,0
s1868,Movie,House of the Witch,United States,2020.0,2017,TV-MA,86 min,Horror Movies,1,0
s1869,TV Show,Deaf U,United States,2020.0,2020,TV-MA,1 Season,Docuseries,0,1
s1870,Movie,Ginny Weds Sunny,India,2020.0,2020,TV-MA,126 min,Comedies,1,0
s1871,Movie,My Step Dad: The Hippie,Turkey,2020.0,2018,TV-MA,100 min,Comedies,1,0
s1872,Movie,Super Monsters: Dia de los Monsters,Canada,2020.0,2020,TV-Y,25 min,Children & Family Movies,1,0
s1873,Movie,The Forty-Year-Old Version,United States,2020.0,2020,R,124 min,Comedies,1,0
s1874,TV Show,The Haunting of Bly Manor,United States,2020.0,2020,TV-MA,1 Season,TV Dramas,0,1
s1875,Movie,Bigflo & Oli: Hip Hop Frenzy,France,2020.0,2020,TV-MA,100 min,Documentaries,1,0
s1876,TV Show,Do Do Sol Sol La La Sol,South Korea,2020.0,2020,TV-14,1 Season,International TV Shows,0,1
s1877,Movie,Palermo Hollywood,Argentina,2020.0,2004,TV-MA,106 min,Dramas,1,0
s1878,TV Show,Private Lives,South Korea,2020.0,2020,TV-14,1 Season,Crime TV Shows,0,1
s1879,TV Show,The 100,United States,2020.0,2020,TV-MA,7 Seasons,TV Action & Adventure,0,1
s1880,Movie,Hubie Halloween,United States,2020.0,2020,PG-13,104 min,Comedies,1,0
s1881,TV Show,To the Lake,Russia,2020.0,2020,TV-MA,1 Season,International TV Shows,0,1
s1882,Movie,American Pie 9: Girls' Rules,United States,2020.0,2020,R,96 min,Comedies,1,0
s1883,Movie,Dolly Parton: Here I Am,United Kingdom,2020.0,2019,TV-14,90 min,Documentaries,1,0
s1884,Movie,StarBeam: Halloween Hero,Canada,2020.0,2020,TV-Y,33 min,Children & Family Movies,1,0
s1885,Movie,Walk Away from Love,United States,2020.0,2017,TV-14,81 min,Dramas,1,0
s1886,TV Show,Bad Boy Billionaires: India,India,2020.0,2020,TV-14,1 Season,British TV Shows,0,1
s1887,Movie,David Attenborough: A Life on Our Planet,United States,2020.0,2020,PG,84 min,Documentaries,1,0
s1888,Movie,"Best Wishes, Warmest Regards: A Schitt's Creek Farewell",Canada,2020.0,2020,TV-MA,44 min,Documentaries,1,0
s1889,Movie,Good Game: The Beginning,Turkey,2020.0,2018,TV-14,115 min,Dramas,1,0
s1892,Movie,A Chaster Marriage,Turkey,2020.0,2016,TV-14,94 min,Comedies,1,0
s1894,TV Show,DreamWorks Happy Holidays from Madagascar,United States,2020.0,2005,TV-PG,1 Season,Kids' TV,0,1
s1895,TV Show,Emily in Paris,United States,2020.0,2020,TV-MA,1 Season,Romantic TV Shows,0,1
s1896,TV Show,H2O: Just Add Water,Australia,2020.0,2009,TV-PG,3 Seasons,Kids' TV,0,1
s1897,Movie,Òlòtūré,Nigeria,2020.0,2020,TV-MA,107 min,Dramas,1,0
s1898,Movie,Serious Men,India,2020.0,2020,TV-MA,115 min,Comedies,1,0
s1899,Movie,The Binding,Italy,2020.0,2020,TV-MA,93 min,Horror Movies,1,0
s1900,Movie,Turkish Dance School,Turkey,2020.0,2017,TV-MA,107 min,Comedies,1,0
s1901,Movie,Vampires vs. the Bronx,United States,2020.0,2020,PG-13,86 min,Comedies,1,0
s1902,Movie,You've Got This,Mexico,2020.0,2020,TV-MA,112 min,Comedies,1,0
s1903,Movie,All Because of You,Malaysia,2020.0,2020,TV-PG,102 min,Action & Adventure,1,0
s1904,Movie,An Ordinary Man,Serbia,2020.0,2017,R,91 min,Dramas,1,0
s1905,Movie,Carlos Almaraz: Playing with Fire,United States,2020.0,2019,TV-14,83 min,Documentaries,1,0
s1906,Movie,Cold Harbour,South Africa,2020.0,2013,TV-MA,73 min,Action & Adventure,1,0
s1907,TV Show,Evil,United States,2020.0,2019,TV-14,1 Season,TV Dramas,0,1
s1908,TV Show,Familiar Wife,South Korea,2020.0,2018,TV-MA,1 Season,International TV Shows,0,1
s1909,TV Show,Food Wars!: Shokugeki no Soma,Japan,2020.0,2016,TV-MA,2 Seasons,Anime Series,0,1
s1910,Movie,Free State of Jones,United States,2020.0,2016,R,139 min,Action & Adventure,1,0
s1911,TV Show,"Good Morning, Verônica",Brazil,2020.0,2020,TV-MA,1 Season,Crime TV Shows,0,1
s1912,Movie,Human Nature,United States,2020.0,2019,TV-14,95 min,Documentaries,1,0
s1913,Movie,Hunt for the Wilderpeople,New Zealand,2020.0,2016,PG-13,101 min,Action & Adventure,1,0
s1914,Movie,I'm Leaving Now,United States,2020.0,2019,TV-MA,75 min,Documentaries,1,0
s1916,TV Show,Oktoberfest: Beer & Blood,Germany,2020.0,2020,TV-MA,1 Season,International TV Shows,0,1
s1917,Movie,Rize,United States,2020.0,2005,PG-13,87 min,Documentaries,1,0
s1918,TV Show,Secreto bien guardado,Argentina,2020.0,2019,TV-MA,1 Season,International TV Shows,0,1
s1919,TV Show,Sword Art Online,Japan,2020.0,2018,TV-MA,3 Seasons,Anime Series,0,1
s1921,Movie,The Book of Sun,Saudi Arabia,2020.0,2020,TV-14,120 min,Comedies,1,0
s1922,Movie,The Outpost,United States,2020.0,2020,R,123 min,Action & Adventure,1,0
s1923,TV Show,The Parkers,United States,2020.0,2003,TV-PG,5 Seasons,TV Comedies,0,1
s1924,TV Show,The Unicorn,United States,2020.0,2019,TV-14,1 Season,TV Comedies,0,1
s1925,Movie,We Have Always Lived in the Castle,United States,2020.0,2018,TV-14,95 min,Dramas,1,0
s1926,TV Show,You Cannot Hide,Mexico,2020.0,2020,TV-MA,1 Season,Crime TV Shows,0,1
s1927,Movie,American Murder: The Family Next Door,United States,2020.0,2020,TV-MA,84 min,Documentaries,1,0
s1928,Movie,Baxu and the Giants,Namibia,2020.0,2019,TV-PG,29 min,Dramas,1,0
s1929,TV Show,Black Butler,Japan,2020.0,2010,TV-MA,3 Seasons,Anime Series,0,1
s1930,TV Show,Man with a Plan,United States,2020.0,2020,TV-PG,4 Seasons,TV Comedies,0,1
s1931,Movie,Poacher,United Kingdom,2020.0,2018,TV-MA,28 min,Dramas,1,0
s1932,Movie,The Boys in the Band,United States,2020.0,2020,R,122 min,Dramas,1,0
s1933,Movie,The Boys in the Band: Something Personal,United States,2020.0,2020,TV-MA,28 min,Documentaries,1,0
s1934,TV Show,Wentworth,Australia,2020.0,2020,TV-MA,8 Seasons,Crime TV Shows,0,1
s1935,Movie,Bully,United States,2020.0,2012,PG-13,98 min,Documentaries,1,0
s1936,Movie,Michelle Buteau: Welcome to Buteaupia,United States,2020.0,2020,TV-MA,59 min,Stand-Up Comedy,1,0
s1937,Movie,Welcome to Sudden Death,United States,2020.0,2020,R,80 min,Action & Adventure,1,0
s1938,Movie,Amandla! A Revolution in Four Part Harmony,South Africa,2020.0,2002,PG-13,103 min,Documentaries,1,0
s1939,Movie,Ankhon Dekhi,India,2020.0,2013,TV-PG,104 min,Dramas,1,0
s1940,Movie,Dedh Ishqiya,India,2020.0,2014,TV-14,146 min,Comedies,1,0
s1941,Movie,Golmaal Returns,India,2020.0,2008,TV-MA,135 min,Comedies,1,0
s1942,Movie,Ishq Vishk,India,2020.0,2003,TV-PG,129 min,Comedies,1,0
s1943,Movie,Ishqiya,India,2020.0,2009,TV-14,115 min,Comedies,1,0
s1944,Movie,Jab We Met,India,2020.0,2007,TV-14,143 min,Comedies,1,0
s1945,Movie,Mann,India,2020.0,1999,TV-14,173 min,Dramas,1,0
s1946,Movie,Manorama Six Feet Under,India,2020.0,2007,TV-14,129 min,Dramas,1,0
s1947,Movie,Welcome,India,2020.0,2007,TV-PG,149 min,Comedies,1,0
s1948,TV Show,"Whose Vote Counts, Explained",United States,2020.0,2020,TV-PG,1 Season,Docuseries,0,1
s1949,TV Show,Van Helsing,United States,2020.0,2019,TV-MA,4 Seasons,International TV Shows,0,1
s1950,TV Show,The Good Place,United States,2020.0,2020,TV-14,4 Seasons,TV Comedies,0,1
s1951,Movie,Time Out,India,2020.0,2015,TV-14,98 min,Dramas,1,0
s1952,TV Show,A Perfect Crime,Germany,2020.0,2020,TV-14,1 Season,Crime TV Shows,0,1
s1955,TV Show,Sneakerheads,United States,2020.0,2020,TV-MA,1 Season,TV Comedies,0,1
s1956,TV Show,The School Nurse Files,South Korea,2020.0,2020,TV-MA,1 Season,International TV Shows,0,1
s1958,Movie,Real Steel,United States,2020.0,2011,PG-13,127 min,Action & Adventure,1,0
s1959,TV Show,The Chef Show,United States,2020.0,2020,TV-MA,4 Seasons,Docuseries,0,1
s1960,Movie,Enola Holmes,United Kingdom,2020.0,2020,PG-13,124 min,Action & Adventure,1,0
s1961,Movie,Kiss the Ground,United States,2020.0,2020,TV-G,85 min,Documentaries,1,0
s1962,TV Show,The Playbook,United States,2020.0,2020,TV-MA,1 Season,Docuseries,0,1
s1963,Movie,A Love Song for Latasha,United States,2020.0,2020,TV-PG,20 min,Documentaries,1,0
s1964,Movie,DTC Yukemuri Junjo Hen From High & Low,Japan,2020.0,2018,TV-PG,102 min,Dramas,1,0
s1965,Movie,High & Low The Movie,Japan,2020.0,2016,TV-MA,129 min,Action & Adventure,1,0
s1966,Movie,High & Low The Movie 2 / End of Sky,Japan,2020.0,2017,TV-MA,124 min,Action & Adventure,1,0
s1967,Movie,High & Low The Movie 3 / Final Mission,Japan,2020.0,2017,TV-MA,118 min,Action & Adventure,1,0
s1968,Movie,High & Low The Red Rain,Japan,2020.0,2016,TV-MA,111 min,Action & Adventure,1,0
s1970,Movie,Road To High & Low,Japan,2020.0,2016,TV-MA,94 min,Action & Adventure,1,0
s1971,Movie,The Blue Elephant 2,Egypt,2020.0,2019,TV-MA,130 min,Horror Movies,1,0
s1972,Movie,Bhaji In Problem,India,2020.0,2013,TV-14,117 min,Comedies,1,0
s1973,Movie,Black,India,2020.0,2015,TV-14,137 min,Action & Adventure,1,0
s1975,Movie,Saheb Biwi Aur Gangster Returns,India,2020.0,2013,TV-MA,139 min,Dramas,1,0
s1976,Movie,Santa Banta Pvt Ltd,India,2020.0,2016,TV-14,111 min,Comedies,1,0
s1977,Movie,The Royal Bengal Tiger,India,2020.0,2014,TV-MA,103 min,Dramas,1,0
s1978,Movie,Dolly Kitty Aur Woh Chamakte Sitare,India,2020.0,2020,TV-MA,120 min,Dramas,1,0
s1979,TV Show,Ratched,United States,2020.0,2020,TV-MA,1 Season,TV Dramas,0,1
s1980,TV Show,The American Barbecue Showdown,United States,2020.0,2020,TV-G,1 Season,Reality TV,0,1
s1981,TV Show,The Blacklist,United States,2020.0,2019,TV-14,7 Seasons,Crime TV Shows,0,1
s1982,Movie,Whipped,Indonesia,2020.0,2020,TV-14,98 min,Comedies,1,0
s1983,Movie,Anaamika,India,2020.0,2014,TV-14,130 min,International Movies,1,0
s1985,Movie,GIMS: On the Record,France,2020.0,2020,TV-MA,96 min,Documentaries,1,0
s1986,Movie,Horrid Henry's Gross Day Out,United Kingdom,2020.0,2020,TV-Y,61 min,Children & Family Movies,1,0
s1988,Movie,Residue,United States,2020.0,2020,TV-MA,90 min,Dramas,1,0
s1989,TV Show,The Last Word,Germany,2020.0,2020,TV-MA,1 Season,International TV Shows,0,1
s1990,TV Show,Baby,Italy,2020.0,2020,TV-MA,3 Seasons,International TV Shows,0,1
s1991,TV Show,Challenger,United States,2020.0,2020,TV-14,1 Season,Docuseries,0,1
s1992,TV Show,Criminal: UK,United Kingdom,2020.0,2020,TV-MA,2 Seasons,British TV Shows,0,1
s1994,TV Show,Signs,Poland,2020.0,2020,TV-MA,2 Seasons,Crime TV Shows,0,1
s1995,TV Show,Sing On!,United States,2020.0,2020,TV-PG,1 Season,Reality TV,0,1
s1996,Movie,The Devil All The Time,United States,2020.0,2020,R,139 min,Dramas,1,0
s1997,Movie,The Paramedic,Spain,2020.0,2020,TV-MA,94 min,Dramas,1,0
s1998,Movie,The Take,United Kingdom,2020.0,2016,R,92 min,Action & Adventure,1,0
s1999,TV Show,Call the Midwife,United Kingdom,2020.0,2020,TV-MA,9 Seasons,British TV Shows,0,1
s2000,Movie,Hope Frozen: A Quest to Live Twice,Thailand,2020.0,2020,TV-PG,80 min,Documentaries,1,0
s2001,Movie,Michael McIntyre: Showman,United Kingdom,2020.0,2020,TV-MA,63 min,Stand-Up Comedy,1,0
s2002,Movie,Raising Victor Vargas,France,2020.0,2002,R,88 min,Dramas,1,0
s2003,TV Show,Taco Chronicles,United States,2020.0,2020,TV-MA,2 Seasons,Docuseries,0,1
s2004,Movie,The Smurfs 2,United States,2020.0,2013,PG,105 min,Children & Family Movies,1,0
s2006,Movie,Lara and the Beat,Nigeria,2020.0,2018,TV-MA,140 min,Dramas,1,0
s2007,TV Show,Buddi,United Kingdom,2020.0,2020,TV-Y,2 Seasons,British TV Shows,0,1
s2008,Movie,Dad Wanted,Mexico,2020.0,2020,TV-14,103 min,Children & Family Movies,1,0
s2009,TV Show,Family Business,France,2020.0,2020,TV-MA,2 Seasons,International TV Shows,0,1
s2010,TV Show,Girlfriends,United States,2020.0,2007,TV-14,8 Seasons,TV Comedies,0,1
s2011,Movie,How to Train Your Dragon 2,United States,2020.0,2014,PG,102 min,Children & Family Movies,1,0
s2012,Movie,Pets United,Germany,2020.0,2020,TV-Y7,93 min,Children & Family Movies,1,0
s2013,TV Show,The Barrier,Spain,2020.0,2020,TV-MA,1 Season,International TV Shows,0,1
s2014,TV Show,The Duchess,United Kingdom,2020.0,2020,TV-MA,1 Season,British TV Shows,0,1
s2016,Movie,Aapla Manus,India,2020.0,2018,TV-14,133 min,Dramas,1,0
s2017,Movie,Ani... Dr. Kashinath Ghanekar,India,2020.0,2018,TV-14,157 min,Dramas,1,0
s2018,Movie,Bhai: Vyakti Ki Valli - Poorvardha,India,2020.0,2019,TV-14,116 min,Dramas,1,0
s2019,Movie,Bhai: Vyakti Ki Valli - Uttarardh,India,2020.0,2019,TV-PG,112 min,Dramas,1,0
s2020,Movie,Cycle,India,2020.0,2018,TV-PG,96 min,Comedies,1,0
s2021,Movie,Dhh,India,2020.0,2017,TV-G,127 min,Children & Family Movies,1,0
s2022,TV Show,Greenleaf,United States,2020.0,2020,TV-14,5 Seasons,TV Dramas,0,1
s2023,TV Show,Julie and the Phantoms,United States,2020.0,2020,TV-G,1 Season,Kids' TV,0,1
s2024,Movie,Kaagar,India,2020.0,2019,TV-MA,130 min,Dramas,1,0
s2025,Movie,Night of Knots,Turkey,2020.0,2018,TV-MA,93 min,Comedies,1,0
s2026,Movie,PhotoCopy,India,2020.0,2016,TV-14,138 min,Comedies,1,0
s2027,Movie,Poshter Girl,India,2020.0,2016,TV-14,138 min,Comedies,1,0
s2028,Movie,Satria Heroes: Revenge of the Darkness,Indonesia,2020.0,2017,TV-G,92 min,Children & Family Movies,1,0
s2029,Movie,Son Of Adam,Egypt,2020.0,2018,TV-14,110 min,Dramas,1,0
s2030,Movie,The Babysitter: Killer Queen,United States,2020.0,2020,TV-MA,102 min,Comedies,1,0
s2031,Movie,Cargo,India,2020.0,2020,TV-14,113 min,Comedies,1,0
s2032,Movie,Cuties,France,2020.0,2020,TV-MA,96 min,Dramas,1,0
s2033,TV Show,Get Organized with The Home Edit,United States,2020.0,2020,TV-PG,1 Season,Reality TV,0,1
s2034,TV Show,La Línea: Shadow of Narco,Spain,2020.0,2020,TV-MA,1 Season,Crime TV Shows,0,1
s2035,Movie,So Much Love to Give,Argentina,2020.0,2020,TV-14,108 min,Comedies,1,0
s2036,Movie,The Social Dilemma,United States,2020.0,2020,PG-13,94 min,Documentaries,1,0
s2037,Movie,#Alive,South Korea,2020.0,2020,TV-MA,99 min,Horror Movies,1,0
s2038,TV Show,Record of Youth,South Korea,2020.0,2020,TV-14,1 Season,International TV Shows,0,1
s2039,Movie,My Octopus Teacher,South Africa,2020.0,2020,TV-G,86 min,Children & Family Movies,1,0
s2040,Movie,Toll Booth,Turkey,2020.0,2010,TV-MA,98 min,Dramas,1,0
s2042,Movie,"Waiting for ""Superman""",United States,2020.0,2010,PG,111 min,Documentaries,1,0
s2043,TV Show,Cleverman,Australia,2020.0,2017,TV-MA,1 Season,TV Dramas,0,1
s2044,Movie,Villain,United Kingdom,2020.0,2020,R,97 min,Dramas,1,0
s2045,TV Show,Away,United States,2020.0,2020,TV-14,1 Season,Romantic TV Shows,0,1
s2046,Movie,I'm Thinking of Ending Things,United States,2020.0,2020,R,135 min,Dramas,1,0
s2047,Movie,Kandasamys: The Wedding,South Africa,2020.0,2019,TV-14,93 min,Comedies,1,0
s2048,TV Show,Spirit Riding Free: Riding Academy,United States,2020.0,2020,TV-Y7,2 Seasons,Kids' TV,0,1
s2049,Movie,The Lost Okoroshi,Nigeria,2020.0,2019,TV-MA,94 min,Comedies,1,0
s2050,Movie,You're My Boss,Philippines,2020.0,2015,TV-14,117 min,Comedies,1,0
s2051,Movie,Afonso Padilha: Classless,Brazil,2020.0,2020,TV-MA,63 min,Stand-Up Comedy,1,0
s2052,Movie,Ave Maryam,Indonesia,2020.0,2018,TV-PG,73 min,Dramas,1,0
s2053,Movie,"Love, Guaranteed",United States,2020.0,2020,TV-PG,91 min,Comedies,1,0
s2054,TV Show,Young Wallander,United Kingdom,2020.0,2020,TV-MA,1 Season,Crime TV Shows,0,1
s2055,TV Show,Chef's Table: BBQ,United States,2020.0,2020,TV-14,1 Season,Docuseries,0,1
s2056,Movie,Freaks – You're One of Us,Germany,2020.0,2020,TV-MA,93 min,Dramas,1,0
s2057,Movie,Hotel for Dogs,Germany,2020.0,2009,PG,101 min,Children & Family Movies,1,0
s2058,Movie,Sky Tour: The Movie,Vietnam,2020.0,2020,TV-G,93 min,Documentaries,1,0
s2060,Movie,Adrift,Hong Kong,2020.0,2018,PG-13,96 min,Action & Adventure,1,0
s2061,Movie,Always Be My Maybe,Philippines,2020.0,2016,TV-14,112 min,International Movies,1,0
s2062,Movie,Barbie Princess Adventure,Netherlands,2020.0,2020,TV-Y,72 min,Children & Family Movies,1,0
s2063,TV Show,Blue Exorcist,Japan,2020.0,2017,TV-MA,2 Seasons,Anime Series,0,1
s2064,TV Show,Bookmarks,United States,2020.0,2020,TV-Y,1 Season,Kids' TV,0,1
s2065,TV Show,Borgen,Denmark,2020.0,2012,TV-MA,3 Seasons,International TV Shows,0,1
s2066,Movie,Children of the Sea,Japan,2020.0,2019,TV-PG,112 min,Anime Features,1,0
s2067,TV Show,Erased,Japan,2020.0,2016,TV-14,1 Season,Anime Series,0,1
s2068,Movie,Fate/Grand Order -First Order-,Japan,2020.0,2016,TV-14,72 min,Action & Adventure,1,0
s2069,TV Show,Felipe Esparza: Bad Decisions,United States,2020.0,2020,TV-MA,1 Season,Stand-Up Comedy & Talk Shows,0,1
s2070,TV Show,H,France,2020.0,2002,TV-MA,4 Seasons,International TV Shows,0,1
s2071,TV Show,Heidi,France,2020.0,2020,TV-Y7,1 Season,Kids' TV,0,1
s2072,Movie,Puss in Boots,United States,2020.0,2011,PG,92 min,Children & Family Movies,1,0
s2073,Movie,Sex Drive,United States,2020.0,2008,R,109 min,Comedies,1,0
s2074,TV Show,"Sister, Sister",United States,2020.0,1998,TV-PG,6 Seasons,TV Comedies,0,1
s2075,Movie,Soldier,India,2020.0,1998,TV-14,155 min,Comedies,1,0
s2076,Movie,"Take the Ball, Pass the Ball",Spain,2020.0,2018,TV-MA,109 min,Documentaries,1,0
s2077,Movie,The Boss Baby: Get That Baby!,United States,2020.0,2020,TV-Y7,115 min,Children & Family Movies,1,0
s2078,Movie,The Match,Italy,2020.0,2020,TV-MA,97 min,Dramas,1,0
s2079,TV Show,The Promised Neverland,Japan,2020.0,2019,TV-14,1 Season,Anime Series,0,1
s2080,Movie,The Smurfs,United States,2020.0,2011,PG,103 min,Children & Family Movies,1,0
s2081,TV Show,Thomas and Friends,United Kingdom,2020.0,2020,TV-Y,2 Seasons,British TV Shows,0,1
s2082,Movie,True: Friendship Day,Canada,2020.0,2020,TV-Y,24 min,Children & Family Movies,1,0
s2083,Movie,Maniyarayile Ashokan,India,2020.0,2020,TV-14,110 min,Comedies,1,0
s2084,Movie,The Debt Collector 2,United States,2020.0,2020,TV-MA,97 min,Action & Adventure,1,0
s2085,Movie,All Together Now,United States,2020.0,2020,PG,94 min,Dramas,1,0
s2086,TV Show,I AM A KILLER: RELEASED,United Kingdom,2020.0,2020,TV-MA,1 Season,British TV Shows,0,1
s2087,TV Show,Masaba Masaba,India,2020.0,2020,TV-MA,1 Season,International TV Shows,0,1
s2088,Movie,Santana,South Africa,2020.0,2020,TV-MA,107 min,Action & Adventure,1,0
s2089,Movie,Unknown Origins,Spain,2020.0,2020,TV-MA,97 min,International Movies,1,0
s2090,TV Show,Aggretsuko,Japan,2020.0,2020,TV-14,3 Seasons,Anime Series,0,1
s2091,Movie,Edge of Seventeen,United States,2020.0,1998,TV-MA,103 min,Comedies,1,0
s2092,Movie,The Bridge Curse,Taiwan,2020.0,2020,TV-MA,88 min,Horror Movies,1,0
s2093,Movie,The Young Messiah,United States,2020.0,2016,PG-13,111 min,Dramas,1,0
s2094,TV Show,Her Mother's Killer,Colombia,2020.0,2020,TV-MA,1 Season,International TV Shows,0,1
s2095,Movie,Lingua Franca,United States,2020.0,2019,TV-MA,94 min,Dramas,1,0
s2096,Movie,Making The Witcher,United States,2020.0,2020,TV-MA,33 min,Documentaries,1,0
s2097,TV Show,Million Dollar Beach House,United States,2020.0,2020,TV-MA,1 Season,Reality TV,0,1
s2098,Movie,Rising Phoenix,United Kingdom,2020.0,2020,PG-13,107 min,Documentaries,1,0
s2099,TV Show,Emily's Wonder Lab,United States,2020.0,2020,TV-Y,1 Season,Kids' TV,0,1
s2100,TV Show,Trinkets,United States,2020.0,2020,TV-MA,2 Seasons,TV Dramas,0,1
s2101,Movie,Septembers of Shiraz,United States,2020.0,2016,PG-13,110 min,Dramas,1,0
s2103,TV Show,Ojos in d' House,Nigeria,2020.0,2013,TV-G,1 Season,International TV Shows,0,1
s2104,Movie,Class of '83,India,2020.0,2020,TV-14,98 min,Dramas,1,0
s2105,Movie,Dark Forces,Mexico,2020.0,2020,TV-MA,81 min,Horror Movies,1,0
s2106,TV Show,Hoops,United States,2020.0,2020,TV-MA,1 Season,TV Comedies,0,1
s2107,TV Show,Rust Valley Restorers,Canada,2020.0,2020,TV-14,3 Seasons,International TV Shows,0,1
s2108,Movie,The Sleepover,United States,2020.0,2020,TV-PG,104 min,Action & Adventure,1,0
s2109,TV Show,Goedam,South Korea,2020.0,2020,TV-MA,1 Season,International TV Shows,0,1
s2110,Movie,John Was Trying to Contact Aliens,United States,2020.0,2020,TV-PG,17 min,Documentaries,1,0
s2111,Movie,Scarecrow,Egypt,2020.0,2019,TV-MA,121 min,Comedies,1,0
s2112,Movie,The Crimes That Bind,Argentina,2020.0,2020,TV-14,100 min,Dramas,1,0
s2113,TV Show,DeMarcus Family Rules,United States,2020.0,2020,TV-14,1 Season,Reality TV,0,1
s2114,TV Show,High Score,United States,2020.0,2020,TV-14,1 Season,Docuseries,0,1
s2116,Movie,Drunk Parents,United States,2020.0,2019,R,97 min,Comedies,1,0
s2117,Movie,Meet the In-Laws,Nigeria,2020.0,2017,TV-PG,75 min,Comedies,1,0
s2118,Movie,Crazy Awesome Teachers,Indonesia,2020.0,2020,TV-PG,102 min,Comedies,1,0
s2119,TV Show,Glitch Techs,United States,2020.0,2020,TV-Y7,2 Seasons,Kids' TV,0,1
s2120,Movie,Islands of Faith,Indonesia,2020.0,2018,TV-PG,88 min,Documentaries,1,0
s2121,Movie,Les Misérables,United Kingdom,2020.0,2012,PG-13,158 min,Dramas,1,0
s2122,Movie,Seventh Son,United States,2020.0,2014,PG-13,102 min,Action & Adventure,1,0
s2123,TV Show,Stranger,South Korea,2020.0,2020,TV-MA,2 Seasons,Crime TV Shows,0,1
s2125,TV Show,Rita,Denmark,2020.0,2020,TV-MA,5 Seasons,International TV Shows,0,1
s2126,TV Show,Takki,Saudi Arabia,2020.0,2014,TV-14,2 Seasons,International TV Shows,0,1
s2127,Movie,What's Your Raashee?,India,2020.0,2009,TV-PG,203 min,Comedies,1,0
s2128,TV Show,3%,Brazil,2020.0,2020,TV-MA,4 Seasons,International TV Shows,0,1
s2130,Movie,Fearless,Canada,2020.0,2020,TV-Y7,92 min,Children & Family Movies,1,0
s2131,Movie,Nigerian Prince,United States,2020.0,2018,TV-MA,104 min,Dramas,1,0
s2132,Movie,Octonauts & the Caves of Sac Actun,United Kingdom,2020.0,2020,TV-Y,72 min,Children & Family Movies,1,0
s2133,Movie,Project Power,United States,2020.0,2020,R,113 min,Action & Adventure,1,0
s2134,TV Show,Teenage Bounty Hunters,United States,2020.0,2020,TV-MA,1 Season,Crime TV Shows,0,1
s2135,TV Show,The Great Heist,Colombia,2020.0,2020,TV-MA,1 Season,Crime TV Shows,0,1
s2136,TV Show,The Legend of Korra,United States,2020.0,2014,TV-Y7,4 Seasons,Kids' TV,0,1
s2137,TV Show,Zoids Wild,Japan,2020.0,2018,TV-Y7,1 Season,Anime Series,0,1
s2138,Movie,An Easy Girl,France,2020.0,2019,TV-MA,93 min,Comedies,1,0
s2139,Movie,Christine,United Kingdom,2020.0,2016,R,119 min,Dramas,1,0
s2140,Movie,Simon Killer,United States,2020.0,2012,TV-MA,105 min,Dramas,1,0
s2141,TV Show,(Un)Well,United States,2020.0,2020,TV-MA,1 Season,Reality TV,0,1
s2142,Movie,Gunjan Saxena: The Kargil Girl,India,2020.0,2020,TV-14,113 min,Action & Adventure,1,0
s2143,Movie,Mr. Peabody & Sherman,United States,2020.0,2014,PG,93 min,Children & Family Movies,1,0
s2144,Movie,"Rob Schneider: Asian Momma, Mexican Kids",United States,2020.0,2020,TV-MA,44 min,Stand-Up Comedy,1,0
s2145,TV Show,GAME ON: A Comedy Crossover Event,United States,2020.0,2020,TV-G,1 Season,Kids' TV,0,1
s2146,TV Show,Terrace House: Tokyo 2019-2020,Japan,2020.0,2019,TV-MA,2 Seasons,International TV Shows,0,1
s2147,Movie,The Lost Husband,United States,2020.0,2020,PG-13,110 min,Dramas,1,0
s2149,TV Show,The Governor,Nigeria,2020.0,2016,TV-14,1 Season,International TV Shows,0,1
s2150,Movie,We Summon the Darkness,United States,2020.0,2020,R,90 min,Horror Movies,1,0
s2151,Movie,"Berlin, Berlin: Lolle on the Run",Germany,2020.0,2020,TV-MA,82 min,Comedies,1,0
s2152,TV Show,High Seas,Spain,2020.0,2020,TV-MA,3 Seasons,Crime TV Shows,0,1
s2154,TV Show,Sing On! Germany,Germany,2020.0,2020,TV-PG,1 Season,International TV Shows,0,1
s2155,Movie,Stars in the Sky: A Hunting Story,United States,2020.0,2018,TV-14,69 min,Documentaries,1,0
s2156,Movie,The Magic School Bus Rides Again Kids In Space,United States,2020.0,2020,TV-Y,46 min,Children & Family Movies,1,0
s2157,TV Show,Tiny Creatures,United States,2020.0,2020,TV-PG,1 Season,Docuseries,0,1
s2158,TV Show,Wizards: Tales of Arcadia,United States,2020.0,2020,TV-Y7,1 Season,Kids' TV,0,1
s2159,TV Show,Word Party Songs,United States,2020.0,2020,TV-Y,1 Season,Kids' TV,0,1
s2160,Movie,Work It,United States,2020.0,2020,TV-14,94 min,Comedies,1,0
s2161,TV Show,Ever After High,Canada,2020.0,2016,TV-Y7,5 Seasons,Kids' TV,0,1
s2162,Movie,Nasha Natasha,Uruguay,2020.0,2020,TV-PG,72 min,Documentaries,1,0
s2163,TV Show,The Rain,Denmark,2020.0,2020,TV-MA,3 Seasons,International TV Shows,0,1
s2164,Movie,Anelka: Misunderstood,France,2020.0,2020,TV-14,95 min,Documentaries,1,0
s2166,TV Show,World's Most Wanted,United States,2020.0,2020,TV-14,1 Season,Crime TV Shows,0,1
s2168,Movie,Malibu Rescue: The Next Wave,United States,2020.0,2020,TV-G,71 min,Children & Family Movies,1,0
s2169,TV Show,Mystery Lab,Brazil,2020.0,2020,TV-PG,1 Season,Docuseries,0,1
s2170,Movie,Sam Jay: 3 In The Morning,United States,2020.0,2020,TV-MA,64 min,Stand-Up Comedy,1,0
s2171,TV Show,Immigration Nation,United States,2020.0,2020,TV-MA,1 Season,Docuseries,0,1
s2172,Movie,Almost Love,United States,2020.0,2020,TV-MA,92 min,Comedies,1,0
s2173,Movie,Killing Hasselhoff,United States,2020.0,2017,R,80 min,Comedies,1,0
s2174,TV Show,Moesha,United States,2020.0,2000,TV-PG,6 Seasons,TV Comedies,0,1
s2175,TV Show,My Perfect Landing,Canada,2020.0,2020,TV-G,1 Season,Kids' TV,0,1
s2176,TV Show,Nagi-Asu: A Lull in the Sea,Japan,2020.0,2014,TV-14,1 Season,Anime Series,0,1
s2177,Movie,Rogue Warfare: The Hunt,United States,2020.0,2020,R,104 min,Action & Adventure,1,0
s2178,Movie,Super Monsters: The New Class,Canada,2020.0,2020,TV-Y,25 min,Children & Family Movies,1,0
s2179,TV Show,The Next Step,Canada,2020.0,2018,TV-G,1 Season,Kids' TV,0,1
s2180,Movie,The Ottoman Lieutenant,Turkey,2020.0,2017,R,111 min,Dramas,1,0
s2181,TV Show,Toradora!,Japan,2020.0,2008,TV-14,1 Season,Anime Series,0,1
s2182,TV Show,Transformers Rescue Bots Academy,United States,2020.0,2020,TV-Y,2 Seasons,Kids' TV,0,1
s2184,Movie,What Keeps You Alive,Canada,2020.0,2018,R,99 min,LGBTQ Movies,1,0
s2185,TV Show,Get Even,United Kingdom,2020.0,2020,TV-PG,1 Season,British TV Shows,0,1
s2186,Movie,Latte and the Magic Waterstone,Germany,2020.0,2020,TV-Y,83 min,Children & Family Movies,1,0
s2187,Movie,Raat Akeli Hai,India,2020.0,2020,TV-MA,150 min,Dramas,1,0
s2188,Movie,Seriously Single,South Africa,2020.0,2020,TV-MA,108 min,Comedies,1,0
s2189,Movie,Sugar High,United States,2020.0,2020,TV-G,44 min,Children & Family Movies,1,0
s2190,TV Show,Sugar Rush,United States,2020.0,2020,TV-PG,3 Seasons,Reality TV,0,1
s2191,TV Show,The Umbrella Academy,United States,2020.0,2020,TV-14,2 Seasons,TV Action & Adventure,0,1
s2192,Movie,Retablo,Peru,2020.0,2017,TV-MA,102 min,Dramas,1,0
s2193,TV Show,Transformers: War For Cybertron Trilogy,United States,2020.0,2020,TV-Y7,1 Season,Anime Series,0,1
s2194,Movie,Uma Maheswara Ugra Roopasya,India,2020.0,2020,TV-MA,137 min,Comedies,1,0
s2196,Movie,It's Her Day,Nigeria,2020.0,2016,TV-MA,112 min,Comedies,1,0
s2197,Movie,Redemption,Mozambique,2020.0,2019,TV-MA,102 min,Dramas,1,0
s2198,Movie,Shine Your Eyes,Brazil,2020.0,2020,TV-MA,103 min,Dramas,1,0
s2199,Movie,The Hater,Poland,2020.0,2020,TV-MA,136 min,Dramas,1,0
s2200,Movie,The Speed Cubers,United States,2020.0,2020,TV-PG,41 min,Documentaries,1,0
s2201,Movie,Tread,United States,2020.0,2019,TV-MA,88 min,Documentaries,1,0
s2202,TV Show,Last Chance U,United States,2020.0,2020,TV-MA,5 Seasons,Docuseries,0,1
s2203,Movie,Banana Split,United States,2020.0,2020,TV-MA,84 min,Comedies,1,0
s2204,TV Show,Shameless (U.S.),United States,2020.0,2019,TV-MA,10 Seasons,TV Comedies,0,1
s2205,Movie,Door Ke Darshan,India,2020.0,2020,TV-14,114 min,Comedies,1,0
s2206,Movie,Double World,China,2020.0,2020,TV-14,110 min,Action & Adventure,1,0
s2207,Movie,Project Marathwada,India,2020.0,2016,TV-MA,103 min,Dramas,1,0
s2208,Movie,Animal Crackers,China,2020.0,2020,TV-Y7,106 min,Children & Family Movies,1,0
s2209,Movie,Dragons: Rescue Riders: Secrets of the Songwing,United States,2020.0,2020,TV-Y,46 min,Children & Family Movies,1,0
s2210,Movie,Nimbe,Nigeria,2020.0,2019,TV-MA,115 min,Dramas,1,0
s2211,Movie,Offering to the Storm,Spain,2020.0,2020,TV-MA,140 min,International Movies,1,0
s2212,Movie,Romance Doll,Japan,2020.0,2020,TV-MA,124 min,Dramas,1,0
s2213,TV Show,Sing On! Spain,Spain,2020.0,2020,TV-G,1 Season,International TV Shows,0,1
s2214,Movie,The Kissing Booth 2,United Kingdom,2020.0,2020,TV-14,133 min,Comedies,1,0
s2215,TV Show,Sinatra: All or Nothing at All,United States,2020.0,2015,TV-14,1 Season,Docuseries,0,1
s2216,Movie,The Larva Island Movie,South Korea,2020.0,2020,TV-Y7,91 min,Children & Family Movies,1,0
s2217,Movie,The Letter Reader,South Africa,2020.0,2019,TV-PG,30 min,Dramas,1,0
s2218,TV Show,Fear City: New York vs The Mafia,United States,2020.0,2020,TV-MA,1 Season,Crime TV Shows,0,1
s2219,TV Show,Norsemen,Norway,2020.0,2020,TV-MA,3 Seasons,International TV Shows,0,1
s2220,Movie,The Remix: Hip Hop X Fashion,United States,2020.0,2019,TV-MA,67 min,Documentaries,1,0
s2221,Movie,Ip Man 4: The Finale,Hong Kong,2020.0,2019,TV-MA,105 min,Action & Adventure,1,0
s2222,Movie,Jack Whitehall: I'm Only Joking,United Kingdom,2020.0,2020,TV-MA,58 min,Stand-Up Comedy,1,0
s2224,TV Show,Killer Women with Piers Morgan,United Kingdom,2020.0,2017,TV-MA,1 Season,British TV Shows,0,1
s2225,Movie,Funan,France,2020.0,2018,TV-14,87 min,Dramas,1,0
s2226,TV Show,Gigantosaurus,France,2020.0,2019,TV-Y,1 Season,Kids' TV,0,1
s2227,TV Show,Single Wives,Australia,2020.0,2018,TV-MA,1 Season,Reality TV,0,1
s2228,TV Show,Cursed,United Kingdom,2020.0,2020,TV-MA,1 Season,TV Action & Adventure,0,1
s2229,Movie,Father Soldier Son,United States,2020.0,2020,R,100 min,Documentaries,1,0
s2230,TV Show,In The Dark,United States,2020.0,2020,TV-14,2 Seasons,Crime TV Shows,0,1
s2231,TV Show,Kissing Game,Brazil,2020.0,2020,TV-MA,1 Season,International TV Shows,0,1
s2232,Movie,The Millions,Nigeria,2020.0,2019,TV-MA,95 min,Comedies,1,0
s2233,Movie,Fatal Affair,United States,2020.0,2020,TV-14,90 min,Thrillers,1,0
s2234,Movie,MILF,France,2020.0,2018,TV-MA,102 min,Comedies,1,0
s2235,Movie,Cold Feet,Nigeria,2020.0,2019,TV-14,98 min,Dramas,1,0
s2236,TV Show,Dark Desire,Mexico,2020.0,2020,TV-MA,1 Season,Crime TV Shows,0,1
s2238,TV Show,Skin Decision: Before and After,United States,2020.0,2020,TV-MA,1 Season,Reality TV,0,1
s2239,TV Show,Sunny Bunnies,Belarus,2020.0,2016,TV-Y,2 Seasons,British TV Shows,0,1
s2240,Movie,Sylvia,Nigeria,2020.0,2018,TV-14,104 min,Dramas,1,0
s2241,Movie,The Players,Italy,2020.0,2020,TV-MA,89 min,Comedies,1,0
s2242,TV Show,The Business of Drugs,United States,2020.0,2020,TV-MA,1 Season,Docuseries,0,1
s2243,Movie,Urzila Carlson: Overqualified Loser,Australia,2020.0,2020,TV-MA,62 min,Stand-Up Comedy,1,0
s2244,Movie,We Are One,France,2020.0,2020,TV-MA,86 min,Documentaries,1,0
s2245,Movie,Hole in the Wall,South Africa,2020.0,2016,TV-MA,104 min,Dramas,1,0
s2246,TV Show,Dating Around: Brazil,Brazil,2020.0,2020,TV-14,1 Season,International TV Shows,0,1
s2247,TV Show,Down to Earth with Zac Efron,United States,2020.0,2020,TV-PG,1 Season,Docuseries,0,1
s2248,Movie,Mama's Boy,Egypt,2020.0,2018,TV-14,101 min,Comedies,1,0
s2249,Movie,The Claudia Kishi Club,United States,2020.0,2020,TV-14,17 min,Documentaries,1,0
s2250,TV Show,The Epic Tales of Captain Underpants in Space,United States,2020.0,2020,TV-Y7,1 Season,Kids' TV,0,1
s2251,Movie,The Old Guard,United States,2020.0,2020,R,126 min,Action & Adventure,1,0
s2252,TV Show,The Twelve,Belgium,2020.0,2019,TV-MA,1 Season,Crime TV Shows,0,1
s2254,TV Show,Japan Sinks: 2020,Japan,2020.0,2020,TV-MA,1 Season,Anime Series,0,1
s2255,TV Show,The Protector,Turkey,2020.0,2020,TV-MA,4 Seasons,International TV Shows,0,1
s2256,TV Show,Was It Love?,South Korea,2020.0,2020,TV-14,1 Season,International TV Shows,0,1
s2257,Movie,Born Racer,New Zealand,2020.0,2018,R,89 min,Documentaries,1,0
s2258,Movie,Mucho Mucho Amor: The Legend of Walter Mercado,United States,2020.0,2020,TV-14,96 min,Documentaries,1,0
s2259,TV Show,Stateless,Australia,2020.0,2020,TV-MA,1 Season,International TV Shows,0,1
s2260,Movie,The Long Dumb Road,United States,2020.0,2018,R,91 min,Comedies,1,0
s2261,Movie,Dr. Seuss' The Lorax,United States,2020.0,2012,PG,86 min,Children & Family Movies,1,0
s2263,Movie,A Kid from Coney Island,United States,2020.0,2019,TV-MA,89 min,Documentaries,1,0
s2265,Movie,Aiyyaa,India,2020.0,2012,TV-14,151 min,Comedies,1,0
s2266,Movie,Bbuddah Hoga Terra Baap,India,2020.0,2011,TV-14,116 min,Action & Adventure,1,0
s2267,Movie,Blood Money,India,2020.0,2012,TV-14,110 min,Dramas,1,0
s2268,Movie,Bombay Talkies,India,2020.0,2013,TV-MA,123 min,Dramas,1,0
s2269,Movie,Boss,India,2020.0,2013,TV-14,139 min,Action & Adventure,1,0
s2270,Movie,Budhia Singh: Born to Run,India,2020.0,2016,TV-MA,95 min,Dramas,1,0
s2271,Movie,Chashme Baddoor,India,2020.0,2013,TV-14,121 min,Comedies,1,0
s2272,Movie,Dharam Sankat Mein,India,2020.0,2015,TV-PG,127 min,Comedies,1,0
s2273,Movie,Drishyam,India,2020.0,2015,TV-14,162 min,Dramas,1,0
s2274,Movie,Gabbar Is Back,India,2020.0,2015,TV-14,128 min,Action & Adventure,1,0
s2275,Movie,Gollu Aur Pappu,India,2020.0,2014,TV-14,112 min,Action & Adventure,1,0
s2276,TV Show,Hook,Thailand,2020.0,2020,TV-MA,1 Season,International TV Shows,0,1
s2277,Movie,Inkaar,India,2020.0,2013,TV-MA,125 min,Dramas,1,0
s2278,Movie,Madras Café,India,2020.0,2013,TV-14,128 min,Dramas,1,0
s2279,Movie,Mary Kom,India,2020.0,2014,TV-PG,120 min,Dramas,1,0
s2280,Movie,Michael,India,2020.0,2011,TV-MA,86 min,Dramas,1,0
s2281,Movie,Mumbai Delhi Mumbai,India,2020.0,2014,TV-MA,107 min,Comedies,1,0
s2282,Movie,Oh My God,India,2020.0,2012,TV-PG,129 min,Comedies,1,0
s2283,Movie,One by Two,India,2020.0,2014,TV-14,135 min,Comedies,1,0
s2284,Movie,Only,United States,2020.0,2019,TV-MA,97 min,Dramas,1,0
s2285,Movie,Penalty,India,2020.0,2019,TV-14,125 min,Dramas,1,0
s2286,Movie,Players,India,2020.0,2012,TV-14,162 min,Action & Adventure,1,0
s2287,Movie,Pyaar Ka Punchnama 2,India,2020.0,2015,TV-MA,136 min,Comedies,1,0
s2288,Movie,Queen,India,2020.0,2014,TV-MA,138 min,Comedies,1,0
s2289,Movie,Shaitan,India,2020.0,2011,TV-MA,126 min,Action & Adventure,1,0
s2290,Movie,Special 26,India,2020.0,2013,TV-PG,137 min,Dramas,1,0
s2291,Movie,Tanu Weds Manu,India,2020.0,2011,TV-14,114 min,Comedies,1,0
s2292,Movie,What the Fish,India,2020.0,2013,TV-14,96 min,Comedies,1,0
s2293,TV Show,Little Singham,India,2020.0,2020,TV-Y7,2 Seasons,Kids' TV,0,1
s2294,TV Show,Cable Girls,Spain,2020.0,2019,TV-MA,6 Seasons,International TV Shows,0,1
s2295,Movie,Desperados,United States,2020.0,2020,TV-MA,107 min,Comedies,1,0
s2296,Movie,Hunter in the Blue Side of Manchester,Indonesia,2020.0,2020,TV-MA,89 min,Dramas,1,0
s2297,Movie,I Am Not Your Negro,Switzerland,2020.0,2017,PG-13,94 min,Documentaries,1,0
s2298,TV Show,JU-ON: Origins,Japan,2020.0,2020,TV-MA,1 Season,International TV Shows,0,1
s2299,TV Show,Southern Survival,United States,2020.0,2020,TV-PG,1 Season,Reality TV,0,1
s2300,TV Show,The Baby-Sitters Club,United States,2020.0,2020,TV-G,1 Season,Kids' TV,0,1
s2301,Movie,The Perfect Picture: Ten Years Later,Ghana,2020.0,2019,TV-MA,148 min,Comedies,1,0
s2302,TV Show,Supermarket Sweep,United States,2020.0,1993,TV-G,1 Season,Reality TV,0,1
s2303,Movie,Thiago Ventura: POKAS,Brazil,2020.0,2020,TV-MA,82 min,Stand-Up Comedy,1,0
s2304,TV Show,Warrior Nun,United States,2020.0,2020,TV-MA,1 Season,TV Action & Adventure,0,1
s2305,Movie,#AnneFrank - Parallel Stories,Italy,2020.0,2019,TV-14,95 min,Documentaries,1,0
s2306,TV Show,21 Again,United Kingdom,2020.0,2019,TV-MA,1 Season,British TV Shows,0,1
s2307,TV Show,A Touch of Green,Taiwan,2020.0,2016,TV-MA,1 Season,International TV Shows,0,1
s2308,TV Show,Abby Hatcher,United States,2020.0,2019,TV-Y,1 Season,Kids' TV,0,1
s2309,Movie,Adú,Spain,2020.0,2020,TV-MA,120 min,Dramas,1,0
s2310,Movie,Ali Baba ve 7 Cüceler,Turkey,2020.0,2015,TV-MA,115 min,Action & Adventure,1,0
s2311,Movie,David Foster: Off the Record,Canada,2020.0,2019,TV-MA,107 min,Documentaries,1,0
s2312,Movie,Double Jeopardy,United States,2020.0,1999,R,105 min,Thrillers,1,0
s2313,Movie,Pek Yakında,Turkey,2020.0,2014,TV-MA,134 min,Comedies,1,0
s2314,TV Show,Say I Do,United States,2020.0,2020,TV-14,1 Season,Reality TV,0,1
s2315,Movie,Stardust,United Kingdom,2020.0,2007,PG-13,128 min,Action & Adventure,1,0
s2316,Movie,The F**k-It List,United States,2020.0,2019,TV-MA,103 min,Comedies,1,0
s2317,Movie,The Silence of Others,Spain,2020.0,2019,TV-14,96 min,Documentaries,1,0
s2318,Movie,Total Recall,United States,2020.0,1990,R,114 min,Action & Adventure,1,0
s2319,TV Show,Trotro,France,2020.0,2004,TV-Y,1 Season,Kids' TV,0,1
s2320,Movie,Under the Riccione Sun,Italy,2020.0,2020,TV-MA,102 min,Comedies,1,0
s2321,TV Show,BNA,Japan,2020.0,2020,TV-14,1 Season,Anime Series,0,1
s2322,Movie,George Lopez: We'll Do It For Half,United States,2020.0,2020,TV-MA,52 min,Stand-Up Comedy,1,0
s2323,TV Show,Homemade,Chile,2020.0,2020,TV-MA,1 Season,International TV Shows,0,1
s2324,Movie,The Mirror Boy,United Kingdom,2020.0,2011,TV-14,86 min,Action & Adventure,1,0
s2325,Movie,#FriendButMarried 2,Indonesia,2020.0,2020,TV-G,104 min,Dramas,1,0
s2326,Movie,Skin,Nigeria,2020.0,2019,TV-MA,76 min,Documentaries,1,0
s2328,TV Show,Dark,Germany,2020.0,2020,TV-MA,3 Seasons,Crime TV Shows,0,1
s2329,Movie,Ride Like a Girl,Australia,2020.0,2020,PG,99 min,Children & Family Movies,1,0
s2330,TV Show,All For Love,Colombia,2020.0,2020,TV-MA,1 Season,International TV Shows,0,1
s2331,Movie,Eurovision Song Contest: The Story of Fire Saga,United States,2020.0,2020,PG-13,124 min,Comedies,1,0
s2332,TV Show,Home Game,United States,2020.0,2020,TV-MA,1 Season,Docuseries,0,1
s2333,Movie,Kasanova,Nigeria,2020.0,2019,TV-14,117 min,Comedies,1,0
s2334,Movie,Ordinary People,Philippines,2020.0,2016,TV-MA,107 min,Dramas,1,0
s2335,Movie,Seven (Tamil),India,2020.0,2019,TV-MA,111 min,Dramas,1,0
s2337,Movie,Thackeray (Hindi),India,2020.0,2019,TV-14,135 min,Dramas,1,0
s2338,TV Show,Twogether,South Korea,2020.0,2020,TV-G,1 Season,International TV Shows,0,1
s2339,Movie,Krishna and His Leela,India,2020.0,2020,TV-MA,126 min,International Movies,1,0
s2340,Movie,Prem Ratan Dhan Payo,India,2020.0,2015,TV-14,164 min,Action & Adventure,1,0
s2341,Movie,Vivah,India,2020.0,2006,TV-14,166 min,Dramas,1,0
s2342,Movie,Athlete A,United States,2020.0,2020,PG-13,104 min,Documentaries,1,0
s2343,Movie,Bulbbul,India,2020.0,2020,TV-MA,94 min,Horror Movies,1,0
s2344,TV Show,Crazy Delicious,United Kingdom,2020.0,2020,TV-PG,1 Season,British TV Shows,0,1
s2345,Movie,Nobody Knows I'm Here,Chile,2020.0,2020,TV-MA,92 min,Dramas,1,0
s2346,Movie,Eric Andre: Legalize Everything,United States,2020.0,2020,TV-MA,52 min,Stand-Up Comedy,1,0
s2347,TV Show,"Roswell, New Mexico",United States,2020.0,2020,TV-14,2 Seasons,Classic & Cult TV,0,1
s2348,Movie,Kappela,India,2020.0,2020,TV-14,112 min,Dramas,1,0
s2349,Movie,The Royal Hibiscus Hotel,Nigeria,2020.0,2017,TV-PG,90 min,Comedies,1,0
s2350,TV Show,It's Okay to Not Be Okay,South Korea,2020.0,2020,TV-MA,1 Season,International TV Shows,0,1
s2351,Movie,Woodshock,United States,2020.0,2017,R,101 min,Dramas,1,0
s2352,Movie,Elevator Baby,Nigeria,2020.0,2019,TV-MA,84 min,Dramas,1,0
s2353,TV Show,Babies,United States,2020.0,2020,TV-14,2 Seasons,Docuseries,0,1
s2354,Movie,Chaman Bahaar,India,2020.0,2020,TV-MA,112 min,Comedies,1,0
s2355,Movie,Destiny,France,2020.0,1997,TV-14,136 min,Dramas,1,0
s2356,Movie,Disclosure,United States,2020.0,2020,TV-MA,108 min,Documentaries,1,0
s2357,Movie,Feel the Beat,United States,2020.0,2020,TV-G,110 min,Children & Family Movies,1,0
s2358,TV Show,Floor Is Lava,United States,2020.0,2020,TV-PG,1 Season,Reality TV,0,1
s2359,Movie,Lost Bullet,France,2020.0,2020,TV-MA,93 min,Action & Adventure,1,0
s2360,TV Show,Most Beautiful Thing,Brazil,2020.0,2020,TV-MA,2 Seasons,International TV Shows,0,1
s2361,Movie,One-Way to Tomorrow,Turkey,2020.0,2020,TV-MA,90 min,Dramas,1,0
s2362,Movie,The Emigrant,Egypt,2020.0,1994,TV-14,130 min,Dramas,1,0
s2363,TV Show,The Politician,United States,2020.0,2020,TV-MA,2 Seasons,TV Comedies,0,1
s2364,Movie,Wasp Network,France,2020.0,2020,TV-MA,128 min,Dramas,1,0
s2365,Movie,A Whisker Away,Japan,2020.0,2020,TV-PG,104 min,Anime Features,1,0
s2366,Movie,Alexandria ... Why?,Egypt,2020.0,1979,TV-MA,131 min,Classic Movies,1,0
s2367,Movie,Alexandria: Again and Forever,France,2020.0,1989,TV-MA,109 min,Classic Movies,1,0
s2368,Movie,An Egyptian Story,Egypt,2020.0,1982,TV-MA,129 min,Classic Movies,1,0
s2369,Movie,Cairo Station,Egypt,2020.0,1958,TV-14,73 min,Classic Movies,1,0
s2370,Movie,Dark Waters,Egypt,2020.0,1956,TV-14,104 min,Classic Movies,1,0
s2372,Movie,Lola Igna,Philippines,2020.0,2019,TV-14,114 min,Comedies,1,0
s2373,Movie,One Take,Thailand,2020.0,2020,TV-G,86 min,Documentaries,1,0
s2374,Movie,Saladin,Egypt,2020.0,1963,TV-MA,194 min,Action & Adventure,1,0
s2375,Movie,Stray Bullet,Lebanon,2020.0,2010,TV-MA,76 min,Dramas,1,0
s2376,Movie,The Blazing Sun,Egypt,2020.0,1954,TV-14,116 min,Classic Movies,1,0
s2377,Movie,The Land,Egypt,2020.0,1970,TV-MA,130 min,Classic Movies,1,0
s2378,Movie,The Nut Job,Canada,2020.0,2014,PG,85 min,Children & Family Movies,1,0
s2379,TV Show,The Order,United States,2020.0,2020,TV-MA,2 Seasons,International TV Shows,0,1
s2380,Movie,An Evening with Beverly Luff Linn,United Kingdom,2020.0,2018,R,108 min,Comedies,1,0
s2381,Movie,Riding Faith,United States,2020.0,2020,TV-PG,81 min,Children & Family Movies,1,0
s2382,Movie,Last Flight to Abuja,Nigeria,2020.0,2012,TV-14,76 min,Dramas,1,0
s2383,Movie,The Darkness,United States,2020.0,2016,PG-13,92 min,Horror Movies,1,0
s2384,TV Show,The Chase,United States,2020.0,2015,TV-PG,2 Seasons,Reality TV,0,1
s2385,Movie,The Show Must Go On: The Queen + Adam Lambert Story,United Kingdom,2020.0,2019,TV-MA,85 min,Documentaries,1,0
s2386,Movie,Underdogs,Argentina,2020.0,2013,PG,85 min,Children & Family Movies,1,0
s2387,Movie,Wira,Malaysia,2020.0,2019,TV-14,108 min,Action & Adventure,1,0
s2388,Movie,4th Republic,Nigeria,2020.0,2019,TV-MA,120 min,Dramas,1,0
s2389,TV Show,Alexa & Katie,United States,2020.0,2020,TV-G,4 Seasons,Kids' TV,0,1
s2390,Movie,Asura Guru,India,2020.0,2020,TV-14,117 min,Dramas,1,0
s2391,TV Show,How to Get Away with Murder,United States,2020.0,2020,TV-14,6 Seasons,Crime TV Shows,0,1
s2392,Movie,Milea,Indonesia,2020.0,2020,TV-14,100 min,Dramas,1,0
s2393,Movie,Axone,India,2020.0,2020,TV-MA,101 min,Comedies,1,0
s2394,Movie,Da 5 Bloods,United States,2020.0,2020,R,156 min,Action & Adventure,1,0
s2396,TV Show,F is for Family,United States,2020.0,2020,TV-MA,4 Seasons,TV Comedies,0,1
s2397,TV Show,Frank Elstner: Just One Last Question,Germany,2020.0,2020,TV-MA,1 Season,International TV Shows,0,1
s2398,Movie,Jo Koy: In His Elements,United States,2020.0,2020,TV-MA,55 min,Stand-Up Comedy,1,0
s2399,Movie,Okko's Inn,Japan,2020.0,2018,PG,96 min,Anime Features,1,0
s2400,TV Show,ONE PIECE,Japan,2020.0,2002,TV-14,4 Seasons,Anime Series,0,1
s2401,TV Show,The Search,Mexico,2020.0,2020,TV-MA,1 Season,Crime TV Shows,0,1
s2402,TV Show,The Woods,Poland,2020.0,2020,TV-MA,1 Season,Crime TV Shows,0,1
s2403,Movie,From A to B,United Arab Emirates,2020.0,2014,TV-MA,104 min,Comedies,1,0
s2404,Movie,Menahi,Saudi Arabia,2020.0,2008,TV-14,101 min,Comedies,1,0
s2405,TV Show,Curon,Italy,2020.0,2020,TV-MA,1 Season,International TV Shows,0,1
s2406,TV Show,DC's Legends of Tomorrow,United States,2020.0,2020,TV-14,5 Seasons,TV Action & Adventure,0,1
s2407,TV Show,Lenox Hill,United States,2020.0,2020,TV-MA,1 Season,Docuseries,0,1
s2408,Movie,Middle Men,United States,2020.0,2009,R,113 min,Comedies,1,0
s2409,TV Show,My Mister,South Korea,2020.0,2018,TV-MA,1 Season,Crime TV Shows,0,1
s2410,TV Show,Reality Z,Brazil,2020.0,2020,TV-MA,1 Season,International TV Shows,0,1
s2411,Movie,The Witch: Part 1 - The Subversion,South Korea,2020.0,2018,TV-MA,126 min,Action & Adventure,1,0
s2412,Movie,Before I Fall,United States,2020.0,2017,PG-13,98 min,Dramas,1,0
s2413,Movie,365 Days,Poland,2020.0,2020,TV-MA,114 min,Dramas,1,0
s2414,Movie,Forensic,India,2020.0,2020,TV-14,132 min,International Movies,1,0
s2415,Movie,Project Papa,India,2020.0,2018,TV-14,92 min,Dramas,1,0
s2416,TV Show,Queen of the South,United States,2020.0,2018,TV-MA,4 Seasons,Crime TV Shows,0,1
s2417,Movie,The Night Clerk,United States,2020.0,2020,R,90 min,Dramas,1,0
s2418,TV Show,13 Reasons Why,United States,2020.0,2020,TV-MA,4 Seasons,Crime TV Shows,0,1
s2419,Movie,Before the Summer Crowds,Egypt,2020.0,2016,TV-14,86 min,Dramas,1,0
s2420,Movie,Big Stone Gap,United States,2020.0,2014,PG-13,103 min,Comedies,1,0
s2421,Movie,Choked: Paisa Bolta Hai,India,2020.0,2020,TV-14,114 min,Dramas,1,0
s2422,Movie,Merry Men 2: Another Mission,Nigeria,2020.0,2019,TV-MA,115 min,Comedies,1,0
s2423,TV Show,Queer Eye,United States,2020.0,2020,TV-14,5 Seasons,Reality TV,0,1
s2424,TV Show,Supernatural,United States,2020.0,2019,TV-14,15 Seasons,Classic & Cult TV,0,1
s2425,Movie,The Last Days of American Crime,United States,2020.0,2020,TV-MA,149 min,Action & Adventure,1,0
s2427,TV Show,BAKI,Japan,2020.0,2020,TV-MA,3 Seasons,Anime Series,0,1
s2428,Movie,Hot Sweet Sour,Turkey,2020.0,2017,TV-14,102 min,Dramas,1,0
s2429,Movie,Overnight Republic,Turkey,2020.0,2017,TV-MA,105 min,Comedies,1,0
s2430,Movie,Can’t Complain,Egypt,2020.0,2007,TV-MA,114 min,Comedies,1,0
s2431,Movie,Lady Bird,United States,2020.0,2017,R,94 min,Comedies,1,0
s2432,Movie,Spelling the Dream,United States,2020.0,2020,TV-G,83 min,Children & Family Movies,1,0
s2434,Movie,Andaleeb El Dokki,Egypt,2020.0,2008,TV-14,106 min,Comedies,1,0
s2435,Movie,Let's Dance,Egypt,2020.0,2006,TV-14,116 min,Comedies,1,0
s2436,Movie,Life's Speed Bump,Egypt,2020.0,2006,TV-14,109 min,Comedies,1,0
s2438,Movie,My Horrible Grandma,Egypt,2020.0,2012,TV-MA,100 min,Comedies,1,0
s2439,Movie,Sorry To Disturb,Egypt,2020.0,2008,TV-14,116 min,Dramas,1,0
s2440,Movie,The Student Cop,Egypt,2020.0,2004,TV-14,111 min,Action & Adventure,1,0
s2441,Movie,True: Rainbow Rescue,Canada,2020.0,2020,TV-Y,24 min,Children & Family Movies,1,0
s2442,Movie,What's Up?,Saudi Arabia,2020.0,2006,TV-PG,95 min,Comedies,1,0
s2443,Movie,X Large,Egypt,2020.0,2011,TV-14,135 min,Comedies,1,0
s2444,Movie,122,Egypt,2020.0,2019,TV-MA,95 min,Horror Movies,1,0
s2445,TV Show,Cardcaptor Sakura,Japan,2020.0,1999,TV-Y7,2 Seasons,Anime Series,0,1
s2446,Movie,Chippa,India,2020.0,2020,TV-14,92 min,Comedies,1,0
s2447,Movie,Cook Off,Zimbabwe,2020.0,2017,TV-G,100 min,Comedies,1,0
s2448,TV Show,Dear My Friends,South Korea,2020.0,2016,TV-MA,1 Season,International TV Shows,0,1
s2449,Movie,Kalek Shanab,United Arab Emirates,2020.0,2019,TV-PG,80 min,Comedies,1,0
s2450,TV Show,Megalobox,Japan,2020.0,2018,TV-MA,1 Season,Anime Series,0,1
s2451,TV Show,Midnight Diner,Japan,2020.0,2014,TV-MA,3 Seasons,International TV Shows,0,1
s2452,Movie,Mirai,Japan,2020.0,2018,PG,98 min,Action & Adventure,1,0
s2453,TV Show,My Shy Boss,South Korea,2020.0,2017,TV-MA,1 Season,International TV Shows,0,1
s2454,TV Show,Revolutionary Love,South Korea,2020.0,2017,TV-MA,1 Season,International TV Shows,0,1
s2455,Movie,The Disaster Artist,United States,2020.0,2017,R,104 min,Comedies,1,0
s2456,Movie,The Stolen,United Kingdom,2020.0,2016,TV-14,98 min,Dramas,1,0
s2457,Movie,High Strung Free Dance,Romania,2020.0,2019,TV-14,104 min,Dramas,1,0
s2458,Movie,Freej Al Taibeen,United Arab Emirates,2020.0,2018,TV-PG,99 min,Comedies,1,0
s2459,Movie,Kenny Sebastian: The Most Interesting Person in the Room,India,2020.0,2020,TV-MA,68 min,Stand-Up Comedy,1,0
s2460,TV Show,Space Force,United States,2020.0,2020,TV-MA,1 Season,TV Comedies,0,1
s2461,Movie,The Other,France,2020.0,1999,TV-MA,106 min,Dramas,1,0
s2462,TV Show,"Can't Cope, Won't Cope",Ireland,2020.0,2018,TV-MA,2 Seasons,TV Comedies,0,1
s2463,TV Show,Dorohedoro,Japan,2020.0,2020,TV-MA,1 Season,Anime Series,0,1
s2464,Movie,Grandmother's Farm,United Arab Emirates,2020.0,2014,TV-14,71 min,Comedies,1,0
s2465,Movie,Grandmother's Farm Part 2,United Arab Emirates,2020.0,2015,TV-14,80 min,Comedies,1,0
s2466,Movie,Intuition,Argentina,2020.0,2020,TV-MA,116 min,Dramas,1,0
s2467,TV Show,Mako Mermaids: An H2O Adventure,Australia,2020.0,2016,TV-G,4 Seasons,Kids' TV,0,1
s2468,Movie,I'm No Longer Here,Mexico,2020.0,2019,TV-MA,112 min,Dramas,1,0
s2469,Movie,Hannah Gadsby: Douglas,Australia,2020.0,2020,TV-MA,73 min,Stand-Up Comedy,1,0
s2470,Movie,Ne Zha,China,2020.0,2019,TV-14,110 min,Action & Adventure,1,0
s2471,TV Show,Supergirl,United States,2020.0,2019,TV-14,5 Seasons,TV Action & Adventure,0,1
s2472,Movie,Uncut Gems,United States,2020.0,2019,R,135 min,Dramas,1,0
s2473,TV Show,Betaal,India,2020.0,2020,TV-MA,1 Season,International TV Shows,0,1
s2474,TV Show,Dynasty,United States,2020.0,2019,TV-14,3 Seasons,TV Dramas,0,1
s2475,Movie,One Day We'll Talk About Today,Indonesia,2020.0,2020,TV-G,128 min,Dramas,1,0
s2476,Movie,Si Doel the Movie 3,Indonesia,2020.0,2020,TV-G,93 min,Dramas,1,0
s2477,TV Show,History 101,United Kingdom,2020.0,2020,TV-14,1 Season,British TV Shows,0,1
s2478,Movie,Living in Bondage: Breaking Free,Nigeria,2020.0,2019,TV-MA,149 min,Horror Movies,1,0
s2479,Movie,Modest Heroes: Ponoc Short Films Theatre,Japan,2020.0,2018,PG,54 min,Anime Features,1,0
s2480,Movie,The Lovebirds,United States,2020.0,2020,R,87 min,Action & Adventure,1,0
s2481,TV Show,Trailer Park Boys: The Animated Series,Canada,2020.0,2020,TV-MA,2 Seasons,TV Comedies,0,1
s2482,Movie,#FriendButMarried,Indonesia,2020.0,2018,TV-G,102 min,Dramas,1,0
s2483,Movie,Bye Bye London,Kuwait,2020.0,1981,TV-14,177 min,Comedies,1,0
s2486,Movie,Mujeres arriba,Chile,2020.0,2019,TV-14,98 min,Comedies,1,0
s2487,TV Show,Mystic Pop-up Bar,South Korea,2020.0,2020,TV-MA,1 Season,International TV Shows,0,1
s2488,Movie,No Longer kids,Egypt,2020.0,1979,TV-14,237 min,Comedies,1,0
s2491,Movie,The Married Couples,Egypt,2020.0,1981,TV-14,195 min,Comedies,1,0
s2492,Movie,The School of Mischief,Egypt,2020.0,1973,TV-14,253 min,Comedies,1,0
s2493,Movie,The Witness Who Didn't See Anything,Egypt,2020.0,1976,TV-PG,157 min,Comedies,1,0
s2494,Movie,Anchor Baby,Canada,2020.0,2010,TV-MA,97 min,Dramas,1,0
s2495,Movie,Ben Platt Live from Radio City Music Hall,United States,2020.0,2020,TV-PG,85 min,Music & Musicals,1,0
s2497,Movie,Honeytrap,United Kingdom,2020.0,2014,TV-MA,94 min,Dramas,1,0
s2498,Movie,I Will Follow,United States,2020.0,2010,TV-14,80 min,Dramas,1,0
s2499,Movie,Mutiny of the Worker Bees,Mexico,2020.0,2020,TV-MA,94 min,Comedies,1,0
s2500,TV Show,The Queen and the Conqueror,Colombia,2020.0,2020,TV-14,1 Season,International TV Shows,0,1
s2501,Movie,What Are the Odds?,India,2020.0,2020,TV-MA,92 min,Comedies,1,0
s2502,Movie,Either Me Or My Auntie,Egypt,2020.0,2006,TV-PG,105 min,Comedies,1,0
s2503,Movie,Escaping Tel Aviv,Egypt,2020.0,2009,TV-14,120 min,Action & Adventure,1,0
s2504,Movie,Game Over,Egypt,2020.0,2012,TV-14,96 min,Comedies,1,0
s2505,Movie,Karkar,Egypt,2020.0,2007,TV-14,107 min,Comedies,1,0
s2506,Movie,My Sleeping Lover,Egypt,2020.0,2008,TV-PG,93 min,Comedies,1,0
s2507,Movie,Omar & Salma 2,Egypt,2020.0,2009,TV-14,101 min,Comedies,1,0
s2508,TV Show,Patton Oswalt: I Love Everything,United States,2020.0,2020,TV-MA,1 Season,Stand-Up Comedy & Talk Shows,0,1
s2509,TV Show,Sweet Magnolias,United States,2020.0,2020,TV-14,1 Season,Romantic TV Shows,0,1
s2510,Movie,Tarek's Situation,Egypt,2020.0,2006,TV-14,110 min,Comedies,1,0
s2511,Movie,The Beach Loafer,Egypt,2020.0,2004,TV-14,112 min,Comedies,1,0
s2512,Movie,Wadjda,Saudi Arabia,2020.0,2012,PG,93 min,Dramas,1,0
s2513,Movie,Zaki Chan,Egypt,2020.0,2005,TV-PG,109 min,Comedies,1,0
s2514,Movie,Light in the Dark,Nigeria,2020.0,2019,TV-14,105 min,Dramas,1,0
s2515,TV Show,The Big Flower Fight,United Kingdom,2020.0,2020,TV-PG,1 Season,British TV Shows,0,1
s2516,TV Show,Patriot Act with Hasan Minhaj,United States,2020.0,2020,TV-MA,6 Seasons,Stand-Up Comedy & Talk Shows,0,1
s2517,Movie,The End,Kuwait,2020.0,2019,TV-MA,97 min,Action & Adventure,1,0
s2518,TV Show,Boys Over Flowers,South Korea,2020.0,2009,TV-14,1 Season,International TV Shows,0,1
s2519,TV Show,Iris,South Korea,2020.0,2009,TV-14,1 Season,International TV Shows,0,1
s2520,TV Show,Avatar: The Last Airbender,United States,2020.0,2007,TV-Y7,3 Seasons,Classic & Cult TV,0,1
s2521,Movie,Heaven Without People,Lebanon,2020.0,2017,TV-MA,91 min,Dramas,1,0
s2522,Movie,"I love you, stupid",Spain,2020.0,2019,TV-MA,88 min,Comedies,1,0
s2523,TV Show,Inhuman Resources,France,2020.0,2020,TV-MA,1 Season,Crime TV Shows,0,1
s2524,TV Show,Madam Secretary,United States,2020.0,2019,TV-PG,6 Seasons,TV Dramas,0,1
s2525,TV Show,Magic for Humans,United States,2020.0,2020,TV-14,3 Seasons,Reality TV,0,1
s2526,TV Show,Parasyte: The Maxim,Japan,2020.0,2014,TV-MA,1 Season,Anime Series,0,1
s2527,TV Show,She-Ra and the Princesses of Power,United States,2020.0,2020,TV-Y7,5 Seasons,Kids' TV,0,1
s2528,TV Show,Sleepless Society: Two Pillows & A Lost Soul,Thailand,2020.0,2020,TV-MA,1 Season,Crime TV Shows,0,1
s2529,TV Show,Strangers from Hell,South Korea,2020.0,2019,TV-MA,1 Season,International TV Shows,0,1
s2530,TV Show,The Wiggles,Australia,2020.0,2015,TV-Y,2 Seasons,Kids' TV,0,1
s2531,TV Show,White Lines,United Kingdom,2020.0,2020,TV-MA,1 Season,British TV Shows,0,1
s2532,Movie,Dilan 1990,Indonesia,2020.0,2018,TV-14,109 min,Dramas,1,0
s2533,Movie,Dilan 1991,Indonesia,2020.0,2019,TV-14,118 min,Dramas,1,0
s2534,Movie,Fan of Amoory,United Arab Emirates,2020.0,2018,TV-G,109 min,Children & Family Movies,1,0
s2535,Movie,Malang,India,2020.0,2020,TV-MA,131 min,Action & Adventure,1,0
s2537,Movie,Rencor tatuado,Mexico,2020.0,2018,TV-MA,152 min,Dramas,1,0
s2538,Movie,The Delivery Boy,Nigeria,2020.0,2018,TV-14,67 min,International Movies,1,0
s2539,Movie,Wedy Atkalam,Kuwait,2020.0,2018,TV-PG,72 min,Comedies,1,0
s2540,Movie,Fire in the Blood,India,2020.0,2012,TV-14,83 min,Documentaries,1,0
s2541,Movie,The Wrong Missy,United States,2020.0,2020,TV-MA,90 min,Comedies,1,0
s2542,Movie,Ali & Alia,United Arab Emirates,2020.0,2019,TV-14,106 min,Dramas,1,0
s2543,TV Show,True: Terrific Tales,Canada,2020.0,2020,TV-Y,1 Season,Kids' TV,0,1
s2544,Movie,Unbreakable Kimmy Schmidt: Kimmy vs. the Reverend,United States,2020.0,2020,TV-14,190 min,Comedies,1,0
s2545,Movie,Action Replayy,India,2020.0,2010,TV-PG,129 min,Children & Family Movies,1,0
s2546,Movie,Andaz Apna Apna,India,2020.0,1994,TV-14,160 min,Action & Adventure,1,0
s2547,TV Show,Bordertown,Finland,2020.0,2019,TV-MA,3 Seasons,Crime TV Shows,0,1
s2548,Movie,Have a Good Trip: Adventures in Psychedelics,United States,2020.0,2020,TV-MA,86 min,Documentaries,1,0
s2549,TV Show,Trial By Media,United States,2020.0,2020,TV-MA,1 Season,Crime TV Shows,0,1
s2550,Movie,John Henry,United States,2020.0,2020,R,92 min,Dramas,1,0
s2551,Movie,18 Presents,Italy,2020.0,2020,TV-MA,114 min,Dramas,1,0
s2552,TV Show,Dead to Me,United States,2020.0,2020,TV-MA,2 Seasons,TV Comedies,0,1
s2553,TV Show,Restaurants on the Edge,Canada,2020.0,2020,TV-14,2 Seasons,International TV Shows,0,1
s2554,TV Show,The Eddy,United Kingdom,2020.0,2020,TV-MA,1 Season,International TV Shows,0,1
s2555,TV Show,The Hollow,Canada,2020.0,2020,TV-Y7,2 Seasons,Kids' TV,0,1
s2556,Movie,Aerials,United Arab Emirates,2020.0,2016,TV-14,90 min,International Movies,1,0
s2557,Movie,In Paradox,Kuwait,2020.0,2019,TV-14,94 min,International Movies,1,0
s2558,TV Show,Scissor Seven,China,2020.0,2020,TV-MA,2 Seasons,International TV Shows,0,1
s2559,Movie,Si Doel the Movie,Indonesia,2020.0,2018,TV-PG,86 min,Dramas,1,0
s2560,Movie,Becoming,United States,2020.0,2020,PG,89 min,Documentaries,1,0
s2562,Movie,Jerry Seinfeld: 23 Hours To Kill,United States,2020.0,2020,TV-PG,61 min,Stand-Up Comedy,1,0
s2563,Movie,Arctic Dogs,India,2020.0,2019,PG,93 min,Children & Family Movies,1,0
s2564,Movie,Luccas Neto em: Acampamento de Férias 2,Brazil,2020.0,2020,TV-G,81 min,Children & Family Movies,1,0
s2565,Movie,One Day: Justice Delivered,India,2020.0,2019,TV-14,120 min,Dramas,1,0
s2566,TV Show,Almost Happy,Argentina,2020.0,2020,TV-MA,1 Season,International TV Shows,0,1
s2567,Movie,Bennett's War,United States,2020.0,2019,PG-13,94 min,Dramas,1,0
s2568,Movie,Death Can Wait,Colombia,2020.0,2020,TV-14,91 min,Comedies,1,0
s2571,Movie,Lady Driver,United States,2020.0,2019,PG,104 min,Dramas,1,0
s2572,Movie,Mike Birbiglia: My Girlfriend's Boyfriend,United States,2020.0,2013,TV-14,76 min,Stand-Up Comedy,1,0
s2573,Movie,Roped,United States,2020.0,2020,PG,90 min,Children & Family Movies,1,0
s2574,Movie,The Stand at Paxton County,United States,2020.0,2020,R,103 min,Dramas,1,0
s2576,TV Show,WWII in HD,United States,2020.0,2009,TV-14,1 Season,Docuseries,0,1
s2577,Movie,All Day and a Night,United States,2020.0,2020,R,122 min,Dramas,1,0
s2578,Movie,Cracked Up: The Darrell Hammond Story,United States,2020.0,2018,TV-MA,97 min,Documentaries,1,0
s2579,Movie,Get In,France,2020.0,2019,TV-MA,98 min,International Movies,1,0
s2580,Movie,Go! Go! Cory Carson: The Chrissy,United States,2020.0,2020,TV-Y,42 min,Children & Family Movies,1,0
s2581,TV Show,Hollywood,United States,2020.0,2020,TV-MA,1 Season,TV Dramas,0,1
s2582,Movie,I Am Divine,United States,2020.0,2013,TV-MA,90 min,Documentaries,1,0
s2583,Movie,Madagascar: Escape 2 Africa,United States,2020.0,2008,PG,91 min,Children & Family Movies,1,0
s2584,TV Show,Masha and the Bear,Russia,2020.0,2019,TV-Y,4 Seasons,Kids' TV,0,1
s2585,Movie,Material,South Africa,2020.0,2012,TV-14,94 min,Comedies,1,0
s2586,TV Show,Medici: Masters of Florence,Italy,2020.0,2019,TV-MA,3 Seasons,International TV Shows,0,1
s2587,TV Show,Monthly Girls' Nozaki Kun,Japan,2020.0,2014,TV-PG,1 Season,Anime Series,0,1
s2588,Movie,Mrs. Serial Killer,India,2020.0,2020,TV-MA,107 min,International Movies,1,0
s2589,TV Show,Oh Yuck,Canada,2020.0,2020,TV-G,1 Season,Kids' TV,0,1
s2590,Movie,Psycho,India,2020.0,2020,TV-MA,143 min,Horror Movies,1,0
s2591,TV Show,Reckoning,Australia,2020.0,2019,TV-MA,1 Season,Crime TV Shows,0,1
s2592,Movie,The Half Of It,United States,2020.0,2020,PG-13,105 min,Comedies,1,0
s2593,Movie,The Heartbreak Kid,United States,2020.0,2007,R,116 min,Comedies,1,0
s2597,Movie,What a Girl Wants,United States,2020.0,2003,PG,105 min,Children & Family Movies,1,0
s2598,Movie,Dangerous Lies,United States,2020.0,2020,TV-14,97 min,Thrillers,1,0
s2599,TV Show,DRIFTING DRAGONS,Japan,2020.0,2020,TV-14,1 Season,Anime Series,0,1
s2600,TV Show,El señor de los Cielos,United States,2020.0,2019,TV-MA,7 Seasons,Crime TV Shows,0,1
s2601,TV Show,Good Witch,United States,2020.0,2019,TV-PG,5 Seasons,TV Dramas,0,1
s2602,Movie,Rich in Love,Brazil,2020.0,2020,TV-14,105 min,Comedies,1,0
s2603,TV Show,The Forest of Love: Deep Cut,Japan,2020.0,2020,TV-MA,1 Season,Crime TV Shows,0,1
s2604,TV Show,The Victims' Game,Taiwan,2020.0,2020,TV-MA,1 Season,Crime TV Shows,0,1
s2605,Movie,A Secret Love,United States,2020.0,2020,TV-14,83 min,Documentaries,1,0
s2606,Movie,Ekşi Elmalar,Turkey,2020.0,2016,TV-PG,109 min,Dramas,1,0
s2607,TV Show,Extracurricular,South Korea,2020.0,2020,TV-MA,1 Season,Crime TV Shows,0,1
s2608,Movie,Love Is War,Nigeria,2020.0,2019,TV-14,111 min,Comedies,1,0
s2609,Movie,Murder to Mercy: The Cyntoia Brown Story,United States,2020.0,2020,TV-MA,97 min,Documentaries,1,0
s2610,TV Show,Nadiya’s Time to Eat,United Kingdom,2020.0,2020,TV-G,1 Season,British TV Shows,0,1
s2611,Movie,R.K.Nagar,India,2020.0,2019,TV-14,132 min,Action & Adventure,1,0
s2612,TV Show,Tjovitjo,South Africa,2020.0,2017,TV-MA,2 Seasons,International TV Shows,0,1
s2613,Movie,Beynelmilel,Turkey,2020.0,2006,TV-MA,102 min,Comedies,1,0
s2614,Movie,Bir Baba Hindu,Turkey,2020.0,2016,TV-MA,107 min,Action & Adventure,1,0
s2615,Movie,Boushkash,Egypt,2020.0,2008,TV-MA,100 min,Comedies,1,0
s2616,Movie,Cinar Agaci,Turkey,2020.0,2011,TV-14,115 min,Comedies,1,0
s2617,Movie,Görümce,Turkey,2020.0,2016,TV-MA,104 min,Comedies,1,0
s2618,Movie,İstanbul Kırmızısı,Italy,2020.0,2017,TV-MA,110 min,Dramas,1,0
s2619,Movie,Küçük Esnaf,Turkey,2020.0,2016,TV-MA,100 min,Comedies,1,0
s2621,Movie,Neseli Hayat,Turkey,2020.0,2009,TV-14,108 min,Comedies,1,0
s2622,Movie,Organize Isler,Turkey,2020.0,2005,TV-14,104 min,Action & Adventure,1,0
s2623,Movie,The Reliant,United States,2020.0,2019,PG-13,116 min,Dramas,1,0
s2624,Movie,We'll Be Right Back After The Break,Egypt,2020.0,2012,TV-14,106 min,Action & Adventure,1,0
s2625,Movie,5Gang,Romania,2020.0,2019,TV-14,96 min,Comedies,1,0
s2626,Movie,Love Aaj Kal,India,2020.0,2020,TV-MA,140 min,Dramas,1,0
s2627,Movie,The Lift Boy,India,2020.0,2020,TV-MA,107 min,Dramas,1,0
s2628,TV Show,"Coronavirus, Explained",United States,2020.0,2020,TV-PG,1 Season,Docuseries,0,1
s2629,TV Show,The Last Kingdom,United Kingdom,2020.0,2020,TV-MA,4 Seasons,British TV Shows,0,1
s2630,Movie,Bheeshma,India,2020.0,2020,TV-14,138 min,Action & Adventure,1,0
s2631,Movie,Bittersweet,Egypt,2020.0,2010,TV-MA,132 min,Comedies,1,0
s2632,TV Show,My Secret Romance,South Korea,2020.0,2017,TV-14,1 Season,International TV Shows,0,1
s2633,Movie,No Direction Home: Bob Dylan,United Kingdom,2020.0,2005,TV-MA,208 min,Documentaries,1,0
s2634,Movie,She Made Me a Criminal,Egypt,2020.0,2006,TV-14,105 min,Comedies,1,0
s2635,Movie,The Artist,France,2020.0,2011,PG-13,101 min,Comedies,1,0
s2636,Movie,The Dealer,Egypt,2020.0,2010,TV-14,124 min,Action & Adventure,1,0
s2637,Movie,The International Player,Egypt,2020.0,2009,TV-14,93 min,Dramas,1,0
s2638,Movie,The Promise,Egypt,2020.0,2008,TV-14,110 min,Dramas,1,0
s2639,Movie,الف مبروك,Egypt,2020.0,2009,TV-14,115 min,Comedies,1,0
s2641,TV Show,After Life,United Kingdom,2020.0,2020,TV-MA,2 Seasons,British TV Shows,0,1
s2643,Movie,Kolaiyuthir Kaalam,India,2020.0,2019,TV-14,107 min,International Movies,1,0
s2644,TV Show,Love 101,Turkey,2020.0,2020,TV-MA,1 Season,International TV Shows,0,1
s2645,Movie,"Yours Sincerely, Kanan Gill",India,2020.0,2020,TV-MA,72 min,Stand-Up Comedy,1,0
s2646,TV Show,Ghost in the Shell: SAC_2045,Japan,2020.0,2020,TV-14,1 Season,Anime Series,0,1
s2647,Movie,My Stupid Boss,Indonesia,2020.0,2016,TV-G,107 min,Comedies,1,0
s2648,Movie,My Stupid Boss 2,Indonesia,2020.0,2019,TV-14,95 min,Comedies,1,0
s2649,TV Show,The House of Flowers,Mexico,2020.0,2020,TV-MA,3 Seasons,International TV Shows,0,1
s2650,Movie,This Earth of Mankind,Indonesia,2020.0,2019,TV-14,180 min,Dramas,1,0
s2651,Movie,Time to Hunt,South Korea,2020.0,2020,TV-MA,135 min,International Movies,1,0
s2652,TV Show,Absurd Planet,United States,2020.0,2020,TV-PG,1 Season,Docuseries,0,1
s2653,Movie,Circus of Books,United States,2020.0,2020,TV-MA,87 min,Documentaries,1,0
s2654,Movie,The Plagues of Breslau,Poland,2020.0,2018,TV-MA,94 min,International Movies,1,0
s2655,Movie,The Set Up,Nigeria,2020.0,2019,TV-MA,105 min,Dramas,1,0
s2656,Movie,The Silence of the Marsh,Spain,2020.0,2019,TV-MA,93 min,International Movies,1,0
s2657,Movie,The Willoughbys,Canada,2020.0,2020,PG,92 min,Children & Family Movies,1,0
s2658,TV Show,Win the Wilderness,United Kingdom,2020.0,2020,TV-14,1 Season,British TV Shows,0,1
s2659,TV Show,Bleach,Japan,2020.0,2006,TV-14,5 Seasons,Anime Series,0,1
s2660,TV Show,Middleditch & Schwartz,United States,2020.0,2020,TV-MA,1 Season,TV Comedies,0,1
s2661,TV Show,Nicky Jam: El Ganador,Puerto Rico,2020.0,2018,TV-MA,1 Season,Crime TV Shows,0,1
s2662,TV Show,Cooked with Cannabis,United States,2020.0,2020,TV-MA,1 Season,Reality TV,0,1
s2663,TV Show,The Midnight Gospel,United States,2020.0,2020,TV-MA,1 Season,TV Comedies,0,1
s2664,Movie,Varane Avashyamund,India,2020.0,2020,TV-14,144 min,Comedies,1,0
s2665,TV Show,ChuChu TV Nursery Rhymes & Kids Songs (Hindi),India,2020.0,2019,TV-Y,1 Season,Kids' TV,0,1
s2666,TV Show,The King: Eternal Monarch,South Korea,2020.0,2020,TV-14,1 Season,Crime TV Shows,0,1
s2667,TV Show,#blackAF,United States,2020.0,2020,TV-MA,1 Season,TV Comedies,0,1
s2668,Movie,Babamın Ceketi,Turkey,2020.0,2018,TV-MA,101 min,Comedies,1,0
s2669,Movie,Earth and Blood,France,2020.0,2020,TV-MA,81 min,Dramas,1,0
s2670,TV Show,El Dragón: Return of a Warrior,Mexico,2020.0,2020,TV-MA,2 Seasons,Crime TV Shows,0,1
s2671,TV Show,Hasmukh,India,2020.0,2020,TV-MA,1 Season,Crime TV Shows,0,1
s2672,Movie,Rising High,Germany,2020.0,2020,TV-MA,95 min,Dramas,1,0
s2673,Movie,Sergio,United States,2020.0,2020,R,119 min,Dramas,1,0
s2674,Movie,The Legacy of the Bones,Spain,2020.0,2019,TV-MA,121 min,International Movies,1,0
s2675,Movie,Alelí,Uruguay,2020.0,2019,TV-MA,88 min,Comedies,1,0
s2676,TV Show,Fary : Hexagone,France,2020.0,2020,TV-MA,2 Seasons,International TV Shows,0,1
s2677,TV Show,Fauda,Israel,2020.0,2020,TV-MA,3 Seasons,Crime TV Shows,0,1
s2678,Movie,"Hail, Caesar!",United States,2020.0,2016,PG-13,106 min,Comedies,1,0
s2679,Movie,Jem and the Holograms,United States,2020.0,2015,PG,119 min,Children & Family Movies,1,0
s2680,Movie,Maurício Meirelles: Generating Chaos,Brazil,2020.0,2020,TV-MA,63 min,Stand-Up Comedy,1,0
s2681,Movie,Puerto Ricans in Paris,United States,2020.0,2015,R,82 min,Comedies,1,0
s2682,Movie,Stunt School,Turkey,2020.0,2019,TV-G,95 min,Children & Family Movies,1,0
s2683,Movie,For the Broken Hearted,Philippines,2020.0,2018,TV-14,93 min,Dramas,1,0
s2684,Movie,Mischief,India,2020.0,2019,TV-PG,120 min,Comedies,1,0
s2685,TV Show,The Innocence Files,United States,2020.0,2020,TV-MA,1 Season,Crime TV Shows,0,1
s2686,Movie,World Famous Lover,India,2020.0,2020,TV-MA,147 min,Dramas,1,0
s2687,Movie,Chris D'Elia: No Pain,United States,2020.0,2020,TV-MA,55 min,Stand-Up Comedy,1,0
s2688,Movie,New Money,Nigeria,2020.0,2018,TV-14,107 min,Dramas,1,0
s2689,Movie,Moms at War,Nigeria,2020.0,2018,TV-14,92 min,Comedies,1,0
s2690,Movie,Surviving R. Kelly: The Impact,United States,2020.0,2019,TV-14,85 min,Documentaries,1,0
s2691,Movie,Code 8,Canada,2020.0,2019,TV-MA,98 min,Action & Adventure,1,0
s2692,TV Show,Brews Brothers,United States,2020.0,2020,TV-MA,1 Season,TV Comedies,0,1
s2693,Movie,LA Originals,United States,2020.0,2020,TV-MA,92 min,Documentaries,1,0
s2694,Movie,Love Wedding Repeat,United Kingdom,2020.0,2020,TV-MA,101 min,Comedies,1,0
s2695,Movie,School Life,France,2020.0,2019,TV-MA,112 min,Comedies,1,0
s2696,Movie,The Main Event,United States,2020.0,2020,TV-G,103 min,Children & Family Movies,1,0
s2697,TV Show,The Trial,Italy,2020.0,2019,TV-MA,1 Season,Crime TV Shows,0,1
s2698,Movie,Tigertail,United States,2020.0,2020,PG,91 min,Dramas,1,0
s2699,TV Show,Hi Score Girl,Japan,2020.0,2019,TV-14,2 Seasons,Anime Series,0,1
s2701,Movie,Born Beautiful,Philippines,2020.0,2019,TV-MA,96 min,Comedies,1,0
s2702,Movie,The Last Airbender,United States,2020.0,2010,PG,104 min,Action & Adventure,1,0
s2703,Movie,Tiffany Haddish: She Ready! From the Hood To Hollywood!,United States,2020.0,2017,TV-MA,66 min,Stand-Up Comedy,1,0
s2704,Movie,Mine 9,United States,2020.0,2019,TV-MA,83 min,Dramas,1,0
s2705,Movie,The Florida Project,United States,2020.0,2017,R,111 min,Dramas,1,0
s2706,Movie,Dark Light,United States,2020.0,2019,TV-MA,90 min,Horror Movies,1,0
s2707,Movie,The Killing of a Sacred Deer,Ireland,2020.0,2017,R,121 min,Dramas,1,0
s2708,Movie,Angel Has Fallen,United States,2020.0,2019,R,121 min,Action & Adventure,1,0
s2709,TV Show,El Reemplazante,Chile,2020.0,2013,TV-MA,2 Seasons,International TV Shows,0,1
s2710,Movie,Coffee & Kareem,United States,2020.0,2020,TV-MA,88 min,Action & Adventure,1,0
s2711,TV Show,Legacies,United States,2020.0,2019,TV-14,2 Seasons,TV Dramas,0,1
s2712,Movie,Money Heist: The Phenomenon,Spain,2020.0,2020,TV-MA,57 min,Documentaries,1,0
s2713,Movie,The Death of Stalin,United Kingdom,2020.0,2017,R,107 min,Comedies,1,0
s2714,Movie,Sol Levante,Japan,2020.0,2020,TV-14,5 min,Action & Adventure,1,0
s2715,Movie,Violet Evergarden: Eternity and the Auto Memory Doll,Japan,2020.0,2019,TV-PG,91 min,Anime Features,1,0
s2716,Movie,Agneepath,India,2020.0,1990,TV-14,174 min,Dramas,1,0
s2717,Movie,Brothers,India,2020.0,2015,TV-14,155 min,Action & Adventure,1,0
s2718,Movie,Chhota Bheem and the Curse of Damyaan,India,2020.0,2012,TV-Y7,87 min,Children & Family Movies,1,0
s2719,TV Show,Community,United States,2020.0,2015,TV-14,6 Seasons,TV Comedies,0,1
s2720,Movie,David Batra: Elefanten i rummet,Sweden,2020.0,2020,TV-MA,77 min,Stand-Up Comedy,1,0
s2721,Movie,Dostana,India,2020.0,2008,TV-14,142 min,Comedies,1,0
s2722,Movie,Duniya,India,2020.0,1984,TV-14,170 min,Action & Adventure,1,0
s2723,Movie,Duplicate,India,2020.0,1998,TV-14,165 min,Comedies,1,0
s2724,Movie,Friendship,India,2020.0,1980,TV-14,161 min,Action & Adventure,1,0
s2725,Movie,Gori Tere Pyaar Mein,India,2020.0,2013,TV-14,144 min,Comedies,1,0
s2726,Movie,Gumrah,India,2020.0,1993,TV-14,149 min,Action & Adventure,1,0
s2727,Movie,Hasee Toh Phasee,India,2020.0,2014,TV-14,135 min,Comedies,1,0
s2728,TV Show,How to Fix a Drug Scandal,United States,2020.0,2020,TV-MA,1 Season,Crime TV Shows,0,1
s2729,Movie,Humpty Sharma Ki Dulhania,India,2020.0,2014,TV-14,131 min,Comedies,1,0
s2730,Movie,Kaal,India,2020.0,2005,TV-14,126 min,Horror Movies,1,0
s2731,Movie,Kabhi Alvida Naa Kehna,India,2020.0,2006,TV-14,192 min,Dramas,1,0
s2732,Movie,Kabhi Khushi Kabhie Gham,India,2020.0,2001,TV-14,209 min,Dramas,1,0
s2733,Movie,Kal Ho Naa Ho,India,2020.0,2003,TV-14,187 min,Comedies,1,0
s2734,Movie,Kapoor & Sons,India,2020.0,2016,TV-14,138 min,Comedies,1,0
s2735,Movie,Kuch Kuch Hota Hai,India,2020.0,1998,TV-14,185 min,Comedies,1,0
s2736,Movie,Magnificent,India,2020.0,2015,TV-14,143 min,Comedies,1,0
s2737,TV Show,Man Like Mobeen,United Kingdom,2020.0,2020,TV-MA,3 Seasons,British TV Shows,0,1
s2738,Movie,Mighty Raju Rio Calling,India,2020.0,2014,TV-Y7,97 min,Children & Family Movies,1,0
s2739,Movie,Muqaddar ka Faisla,India,2020.0,1987,TV-14,172 min,Action & Adventure,1,0
s2741,TV Show,Saint Seiya,Japan,2020.0,1986,TV-14,6 Seasons,Anime Series,0,1
s2742,Movie,SETHUM AAYIRAM PON,India,2020.0,2020,TV-MA,103 min,Dramas,1,0
s2743,TV Show,Sunderland 'Til I Die,United Kingdom,2020.0,2020,TV-MA,2 Seasons,British TV Shows,0,1
s2744,TV Show,The Iliza Shlesinger Sketch Show,United States,2020.0,2020,TV-MA,1 Season,TV Comedies,0,1
s2745,Movie,The Little Vampire,Netherlands,2020.0,2017,TV-G,83 min,Children & Family Movies,1,0
s2746,Movie,The Runaways,United States,2020.0,2010,R,107 min,Dramas,1,0
s2747,TV Show,The Windsors,United Kingdom,2020.0,2020,TV-MA,3 Seasons,British TV Shows,0,1
s2748,Movie,Ungli,India,2020.0,2014,TV-14,114 min,Comedies,1,0
s2749,TV Show,Well-Intended Love,China,2020.0,2020,TV-14,2 Seasons,International TV Shows,0,1
s2750,Movie,Wildling,United States,2020.0,2018,R,93 min,Horror Movies,1,0
s2751,Movie,A truthful Mother,India,2020.0,2020,TV-Y7,85 min,Children & Family Movies,1,0
s2752,TV Show,Akbar Birbal,India,2020.0,2019,TV-G,1 Season,Kids' TV,0,1
s2754,Movie,Dave Chappelle: The Kennedy Center Mark Twain Prize for American Humor,United States,2020.0,2020,TV-MA,85 min,Stand-Up Comedy,1,0
s2755,Movie,Greater,United States,2020.0,2016,PG,131 min,Children & Family Movies,1,0
s2756,Movie,Indian Horse,Canada,2020.0,2017,TV-MA,101 min,Dramas,1,0
s2757,Movie,Paharganj,India,2020.0,2019,TV-MA,107 min,Dramas,1,0
s2758,Movie,Pretty Little Stalker,United States,2020.0,2018,TV-14,84 min,Thrillers,1,0
s2759,Movie,Through My Father's Eyes: The Ronda Rousey Story,Canada,2020.0,2019,R,104 min,Documentaries,1,0
s2761,Movie,Kannum Kannum Kollaiyadithaal,India,2020.0,2020,TV-14,160 min,Comedies,1,0
s2762,TV Show,Rugal,South Korea,2020.0,2020,TV-MA,1 Season,Crime TV Shows,0,1
s2763,Movie,Rogue Warfare,United States,2020.0,2019,R,103 min,Action & Adventure,1,0
s2764,Movie,Dragons: Rescue Riders: Hunt for the Golden Dragon,United States,2020.0,2020,TV-Y,46 min,Children & Family Movies,1,0
s2765,TV Show,Happy!,United States,2020.0,2019,TV-MA,2 Seasons,Crime TV Shows,0,1
s2766,TV Show,Ladies Up,India,2020.0,2019,TV-MA,1 Season,International TV Shows,0,1
s2767,Movie,Maska,India,2020.0,2020,TV-MA,112 min,Comedies,1,0
s2768,TV Show,Ozark,United States,2020.0,2020,TV-MA,3 Seasons,Crime TV Shows,0,1
s2769,Movie,The Decline,Canada,2020.0,2020,TV-MA,83 min,Action & Adventure,1,0
s2770,Movie,There's Something in the Water,Canada,2020.0,2019,TV-14,72 min,Documentaries,1,0
s2771,Movie,True: Wuzzle Wegg Day,Canada,2020.0,2020,TV-Y,24 min,Children & Family Movies,1,0
s2772,Movie,Uncorked,United States,2020.0,2020,TV-MA,104 min,Dramas,1,0
s2774,Movie,Willy and the Guardians of the Lake: Tales from the Lakeside Winter Adventure,Hungary,2020.0,2019,TV-Y,72 min,Children & Family Movies,1,0
s2776,Movie,Happy Old Year,Thailand,2020.0,2019,TV-MA,113 min,Dramas,1,0
s2777,Movie,Making Unorthodox,Germany,2020.0,2020,TV-G,21 min,Documentaries,1,0
s2778,TV Show,Unorthodox,Germany,2020.0,2020,TV-MA,1 Season,International TV Shows,0,1
s2779,Movie,Bethany Hamilton: Unstoppable,United States,2020.0,2019,PG,100 min,Children & Family Movies,1,0
s2780,Movie,Crip Camp: A Disability Revolution,United States,2020.0,2020,R,108 min,Documentaries,1,0
s2781,Movie,Curtiz,Hungary,2020.0,2018,TV-MA,99 min,Dramas,1,0
s2782,Movie,The Occupant,Spain,2020.0,2020,TV-MA,104 min,Independent Movies,1,0
s2783,Movie,Tom Segura: Ball Hog,United States,2020.0,2020,TV-MA,70 min,Stand-Up Comedy,1,0
s2784,TV Show,Freud,Austria,2020.0,2020,TV-MA,1 Season,Crime TV Shows,0,1
s2785,TV Show,J-Style Trip,Taiwan,2020.0,2020,TV-14,1 Season,International TV Shows,0,1
s2787,Movie,A Life of Speed: The Juan Manuel Fangio Story,Argentina,2020.0,2020,TV-14,93 min,Documentaries,1,0
s2789,TV Show,Dino Girl Gauko,United States,2020.0,2020,TV-Y7,2 Seasons,Anime Series,0,1
s2790,Movie,El silencio es bienvenido,Mexico,2020.0,2017,TV-14,95 min,Dramas,1,0
s2791,TV Show,Greenhouse Academy,United States,2020.0,2020,TV-PG,4 Seasons,Kids' TV,0,1
s2792,TV Show,Self Made: Inspired by the Life of Madam C.J. Walker,United States,2020.0,2020,TV-MA,1 Season,TV Dramas,0,1
s2793,TV Show,She,India,2020.0,2020,TV-MA,1 Season,Crime TV Shows,0,1
s2794,TV Show,The English Game,United Kingdom,2020.0,2020,TV-14,1 Season,British TV Shows,0,1
s2795,TV Show,The Letter for the King,United Kingdom,2020.0,2020,TV-PG,1 Season,British TV Shows,0,1
s2796,TV Show,"Tiger King: Murder, Mayhem and Madness",United States,2020.0,2020,TV-MA,1 Season,Crime TV Shows,0,1
s2797,Movie,Ultras,Italy,2020.0,2020,TV-MA,109 min,Dramas,1,0
s2798,TV Show,Vampires,France,2020.0,2020,TV-MA,1 Season,International TV Shows,0,1
s2799,Movie,3022,United States,2020.0,2019,R,91 min,Independent Movies,1,0
s2800,Movie,Altered Carbon: Resleeved,Japan,2020.0,2020,TV-MA,75 min,Action & Adventure,1,0
s2801,Movie,Masameer - The Movie,Saudi Arabia,2020.0,2020,TV-14,100 min,Comedies,1,0
s2802,Movie,AllI Wish,United States,2020.0,2017,R,95 min,Dramas,1,0
s2803,TV Show,Caliphate,Sweden,2020.0,2020,TV-MA,1 Season,International TV Shows,0,1
s2804,Movie,Lu Over the Wall,Japan,2020.0,2017,PG,113 min,Anime Features,1,0
s2805,TV Show,Women Of The Night,Netherlands,2020.0,2019,TV-MA,1 Season,Crime TV Shows,0,1
s2806,Movie,XV: Beyond the Tryline,United Kingdom,2020.0,2016,TV-14,91 min,Documentaries,1,0
s2807,Movie,Bert Kreischer: Hey Big Boy,United States,2020.0,2020,TV-MA,62 min,Stand-Up Comedy,1,0
s2808,TV Show,Shaun the Sheep: Adventures from Mossy Bottom,United Kingdom,2020.0,2020,TV-Y7,1 Season,British TV Shows,0,1
s2809,TV Show,We Speak Dance,United States,2020.0,2018,TV-MA,1 Season,Docuseries,0,1
s2810,Movie,Search Party,United States,2020.0,2014,R,93 min,Comedies,1,0
s2811,Movie,Bypass Road,India,2020.0,2019,TV-14,135 min,International Movies,1,0
s2814,TV Show,Ken Burns Presents: College Behind Bars: A Film by Lynn Novick and Produced by Sarah Botstein,United States,2020.0,2019,TV-MA,1 Season,Docuseries,0,1
s2816,Movie,Jai Mummy Di,India,2020.0,2020,TV-MA,101 min,Comedies,1,0
s2817,TV Show,100 Humans,United States,2020.0,2020,TV-14,1 Season,Docuseries,0,1
s2818,Movie,Baby Mamas,South Africa,2020.0,2018,TV-14,98 min,Comedies,1,0
s2819,TV Show,Bloodride,Norway,2020.0,2020,TV-MA,1 Season,International TV Shows,0,1
s2820,Movie,Go Karts,Australia,2020.0,2020,TV-PG,103 min,Children & Family Movies,1,0
s2821,Movie,Justine,United States,2020.0,2019,TV-MA,106 min,Dramas,1,0
s2822,TV Show,Kingdom,South Korea,2020.0,2020,TV-MA,2 Seasons,International TV Shows,0,1
s2823,Movie,Lost Girls,United States,2020.0,2020,R,95 min,Dramas,1,0
s2824,Movie,Miracle in Cell No. 7,Turkey,2020.0,2019,TV-14,132 min,Dramas,1,0
s2825,TV Show,The Valhalla Murders,Iceland,2020.0,2020,TV-MA,1 Season,Crime TV Shows,0,1
s2826,TV Show,Dirty Money,United States,2020.0,2020,TV-MA,2 Seasons,Crime TV Shows,0,1
s2827,TV Show,On My Block,United States,2020.0,2020,TV-14,3 Seasons,Romantic TV Shows,0,1
s2828,TV Show,The Circle Brazil,Brazil,2020.0,2020,TV-MA,1 Season,International TV Shows,0,1
s2829,Movie,Carmen Sandiego: To Steal or Not to Steal,Canada,2020.0,2020,TV-Y7,82 min,Children & Family Movies,1,0
s2830,Movie,Marc Maron: End Times Fun,United States,2020.0,2020,TV-MA,71 min,Stand-Up Comedy,1,0
s2831,Movie,Sitara: Let Girls Dream,Pakistan,2020.0,2020,TV-PG,16 min,Children & Family Movies,1,0
s2833,Movie,All About Love,South Africa,2020.0,2017,TV-MA,79 min,Dramas,1,0
s2834,Movie,Guilty,India,2020.0,2020,TV-MA,120 min,Dramas,1,0
s2835,Movie,I am Jonas,France,2020.0,2019,TV-MA,82 min,Dramas,1,0
s2836,Movie,Miles Davis: Birth of the Cool,United States,2020.0,2019,TV-MA,115 min,Documentaries,1,0
s2837,Movie,Spenser Confidential,United States,2020.0,2020,R,111 min,Action & Adventure,1,0
s2838,Movie,Twin Murders: the Silence of the White City,Spain,2020.0,2020,TV-MA,110 min,International Movies,1,0
s2839,TV Show,Ugly Delicious,United States,2020.0,2020,TV-MA,2 Seasons,Docuseries,0,1
s2840,Movie,93 Days,Nigeria,2020.0,2016,TV-PG,121 min,Dramas,1,0
s2842,TV Show,Mighty Little Bheem: Festival of Colors,India,2020.0,2020,TV-Y,1 Season,Kids' TV,0,1
s2843,Movie,Tootsies & The Fake,Thailand,2020.0,2019,TV-MA,108 min,Comedies,1,0
s2844,Movie,Aurora,Romania,2020.0,2010,TV-MA,186 min,Dramas,1,0
s2845,Movie,Lil Peep: Everybody’s Everything,United States,2020.0,2019,TV-MA,116 min,Documentaries,1,0
s2846,Movie,The Death of Mr. Lazarescu,Romania,2020.0,2005,R,154 min,Dramas,1,0
s2847,TV Show,Velvet,Spain,2020.0,2016,TV-14,4 Seasons,International TV Shows,0,1
s2848,Movie,Freaks,United States,2020.0,2018,R,105 min,Independent Movies,1,0
s2849,Movie,Luccas Neto in: The End of Christmas,Brazil,2020.0,2019,TV-Y,71 min,Children & Family Movies,1,0
s2850,Movie,Taylor Tomlinson: Quarter-Life Crisis,United States,2020.0,2020,TV-MA,61 min,Stand-Up Comedy,1,0
s2851,Movie,The Last Bomb of the Second World War,India,2020.0,2019,TV-14,133 min,Dramas,1,0
s2852,Movie,Uncovered,South Africa,2020.0,2019,TV-MA,98 min,Dramas,1,0
s2853,Movie,W.E.,United Kingdom,2020.0,2011,R,119 min,Dramas,1,0
s2854,Movie,Fat Ballerina - David A. Arnold,United States,2020.0,2020,TV-MA,61 min,Stand-Up Comedy,1,0
s2855,TV Show,Akame ga Kill!,Japan,2020.0,2014,TV-14,1 Season,Anime Series,0,1
s2856,TV Show,Babylon Berlin,Germany,2020.0,2020,TV-MA,3 Seasons,Crime TV Shows,0,1
s2857,Movie,Bhangra Paa Le,India,2020.0,2019,TV-14,130 min,Comedies,1,0
s2860,Movie,Frank & Lola,United States,2020.0,2016,TV-MA,87 min,Dramas,1,0
s2861,Movie,Hugo,United Kingdom,2020.0,2011,PG,127 min,Children & Family Movies,1,0
s2862,Movie,Ordinary World,United States,2020.0,2016,TV-14,87 min,Comedies,1,0
s2863,Movie,"Pop, Lock 'n Roll",South Africa,2020.0,2017,TV-14,88 min,Dramas,1,0
s2864,Movie,There Will Be Blood,United States,2020.0,2007,R,158 min,Dramas,1,0
s2866,Movie,Voulez-vous rire avec moi ce soir?,France,2020.0,2018,TV-MA,93 min,Documentaries,1,0
s2867,Movie,ZZ TOP: THAT LITTLE OL' BAND FROM TEXAS,United Kingdom,2020.0,2019,TV-MA,90 min,Documentaries,1,0
s2868,Movie,All The Bright Places,United States,2020.0,2020,TV-MA,109 min,Dramas,1,0
s2869,TV Show,Always a Witch,Colombia,2020.0,2019,TV-14,2 Seasons,International TV Shows,0,1
s2870,Movie,Amit Tandon: Family Tandoncies,India,2020.0,2019,TV-14,72 min,Stand-Up Comedy,1,0
s2871,TV Show,Queen Sono,South Africa,2020.0,2020,TV-MA,1 Season,International TV Shows,0,1
s2872,TV Show,Toy Boy,Spain,2020.0,2019,TV-MA,1 Season,Crime TV Shows,0,1
s2873,TV Show,Unstoppable,Mexico,2020.0,2020,TV-MA,1 Season,International TV Shows,0,1
s2874,Movie,Ala Vaikunthapurramuloo,India,2020.0,2020,TV-14,162 min,Action & Adventure,1,0
s2875,TV Show,Altered Carbon,United States,2020.0,2020,TV-MA,2 Seasons,Crime TV Shows,0,1
s2876,TV Show,Followers,Japan,2020.0,2020,TV-MA,1 Season,International TV Shows,0,1
s2877,Movie,Pokémon: Mewtwo Strikes Back - Evolution,Japan,2020.0,2019,TV-Y7,98 min,Anime Features,1,0
s2878,TV Show,Six Windows in the Desert,Saudi Arabia,2020.0,2020,TV-14,1 Season,TV Shows,0,1
s2879,Movie,Couple of Days,Nigeria,2020.0,2016,TV-14,103 min,Dramas,1,0
s2880,Movie,Gbomo Gbomo Express,Nigeria,2020.0,2015,TV-MA,97 min,Dramas,1,0
s2881,TV Show,I Am Not Okay With This,United States,2020.0,2020,TV-MA,1 Season,TV Comedies,0,1
s2882,Movie,Taxi Driver,Nigeria,2020.0,2015,TV-MA,94 min,Comedies,1,0
s2883,Movie,The Arbitration,Nigeria,2020.0,2016,TV-MA,101 min,Dramas,1,0
s2884,TV Show,The Trials of Gabriel Fernandez,United States,2020.0,2020,TV-MA,1 Season,Crime TV Shows,0,1
s2886,Movie,When Love Happens,Nigeria,2020.0,2014,TV-14,109 min,International Movies,1,0
s2887,Movie,Pete Davidson: Alive From New York,United States,2020.0,2020,TV-MA,50 min,Stand-Up Comedy,1,0
s2888,Movie,Full Count,United States,2020.0,2019,TV-PG,110 min,Children & Family Movies,1,0
s2889,TV Show,"Hi Bye, Mama!",South Korea,2020.0,2020,TV-14,1 Season,International TV Shows,0,1
s2890,Movie,Girl on the Third Floor,United States,2020.0,2019,TV-MA,92 min,Horror Movies,1,0
s2891,TV Show,Unabomber - In His Own Words,Canada,2020.0,2018,TV-MA,1 Season,Crime TV Shows,0,1
s2892,TV Show,Gentefied,United States,2020.0,2020,TV-MA,1 Season,TV Comedies,0,1
s2893,TV Show,Hyena,South Korea,2020.0,2020,TV-MA,1 Season,International TV Shows,0,1
s2895,TV Show,Puerta 7,Argentina,2020.0,2020,TV-MA,1 Season,Crime TV Shows,0,1
s2896,Movie,System Crasher,Germany,2020.0,2020,TV-MA,120 min,Dramas,1,0
s2897,Movie,The Body,India,2020.0,2019,TV-14,101 min,International Movies,1,0
s2898,Movie,The Last Thing He Wanted,United States,2020.0,2020,R,116 min,Dramas,1,0
s2899,Movie,Yeh Ballet,India,2020.0,2020,TV-MA,117 min,Dramas,1,0
s2900,Movie,Pretville,South Africa,2020.0,2012,TV-PG,95 min,Comedies,1,0
s2901,TV Show,Spectros,Brazil,2020.0,2020,TV-MA,1 Season,International TV Shows,0,1
s2902,Movie,Untamed Romania,Romania,2020.0,2018,TV-PG,93 min,Children & Family Movies,1,0
s2903,TV Show,DreamWorks Shrek's Swamp Stories,United States,2020.0,2008,TV-PG,1 Season,Kids' TV,0,1
s2904,Movie,By the Sea,France,2020.0,2015,R,122 min,Dramas,1,0
s2905,Movie,Miss Virginia,United States,2020.0,2019,TV-MA,102 min,Dramas,1,0
s2906,Movie,MR. RIGHT,United States,2020.0,2015,R,96 min,Action & Adventure,1,0
s2907,TV Show,On the Real,Nigeria,2020.0,2017,TV-MA,1 Season,International TV Shows,0,1
s2908,Movie,Term Life,United States,2020.0,2016,R,93 min,Dramas,1,0
s2909,Movie,The Forest,United States,2020.0,2016,PG-13,93 min,Horror Movies,1,0
s2911,TV Show,Talking Tom and Friends,Cyprus,2020.0,2017,TV-Y,1 Season,Kids' TV,0,1
s2912,Movie,A Shaun the Sheep Movie: Farmageddon,United Kingdom,2020.0,2019,G,87 min,Children & Family Movies,1,0
s2913,Movie,Cuddle Weather,Philippines,2020.0,2019,TV-MA,95 min,Dramas,1,0
s2914,Movie,Fanatyk,Poland,2020.0,2017,TV-MA,33 min,Comedies,1,0
s2915,Movie,Isi & Ossi,Germany,2020.0,2020,TV-MA,113 min,Comedies,1,0
s2916,Movie,Liefling,South Africa,2020.0,2010,TV-PG,118 min,Comedies,1,0
s2917,Movie,Panipat - The Great Betrayal,India,2020.0,2019,TV-14,171 min,Dramas,1,0
s2918,TV Show,Taj Mahal 1989,India,2020.0,2020,TV-MA,1 Season,International TV Shows,0,1
s2919,Movie,The Ghost and the Tout,Nigeria,2020.0,2018,TV-14,100 min,Comedies,1,0
s2920,Movie,Dragon Quest Your Story,Japan,2020.0,2019,TV-PG,103 min,Action & Adventure,1,0
s2921,TV Show,Love Is Blind,United States,2020.0,2021,TV-MA,1 Season,Reality TV,0,1
s2922,TV Show,Narcos: Mexico,Mexico,2020.0,2020,TV-MA,2 Seasons,Crime TV Shows,0,1
s2924,TV Show,Sleepless Society: Insomnia,Thailand,2020.0,2019,TV-MA,1 Season,Crime TV Shows,0,1
s2925,Movie,French Toast,South Africa,2020.0,2015,TV-PG,86 min,Comedies,1,0
s2926,Movie,To All the Boys: P.S. I Still Love You,United States,2020.0,2020,TV-14,102 min,Comedies,1,0
s2927,TV Show,We Bare Bears,United States,2020.0,2018,TV-Y,2 Seasons,Kids' TV,0,1
s2928,Movie,Captain Underpants Epic Choice-o-Rama,United States,2020.0,2020,TV-Y7,81 min,Children & Family Movies,1,0
s2929,Movie,Good Time,United States,2020.0,2017,R,101 min,Dramas,1,0
s2930,Movie,ROAD TO ROMA,Mexico,2020.0,2020,TV-PG,73 min,Documentaries,1,0
s2931,Movie,Love for Sale 2,Indonesia,2020.0,2019,TV-14,96 min,Dramas,1,0
s2932,TV Show,Better Call Saul,United States,2020.0,2018,TV-MA,4 Seasons,Crime TV Shows,0,1
s2933,Movie,Fronteras,United States,2020.0,2018,TV-MA,106 min,Dramas,1,0
s2934,Movie,Polaroid,United States,2020.0,2019,PG-13,88 min,Horror Movies,1,0
s2935,Movie,The Coldest Game,Poland,2020.0,2019,TV-MA,103 min,Dramas,1,0
s2936,Movie,Thottappan,India,2020.0,2019,TV-14,139 min,Comedies,1,0
s2937,Movie,Azali,Ghana,2020.0,2018,TV-14,89 min,Dramas,1,0
s2938,TV Show,Dragons: Rescue Riders,United States,2020.0,2020,TV-Y,2 Seasons,Kids' TV,0,1
s2939,TV Show,Fifty: The Series,Nigeria,2020.0,2018,TV-14,2 Seasons,International TV Shows,0,1
s2940,Movie,Horse Girl,United States,2020.0,2020,R,104 min,Dramas,1,0
s2941,Movie,Jada,India,2020.0,2019,TV-14,124 min,Dramas,1,0
s2942,TV Show,Locke & Key,Canada,2020.0,2020,TV-14,1 Season,TV Action & Adventure,0,1
s2944,Movie,The Ballad of Lefty Brown,United States,2020.0,2017,R,112 min,Dramas,1,0
s2945,TV Show,Who Killed Malcolm X?,United States,2020.0,2020,TV-MA,1 Season,Crime TV Shows,0,1
s2946,TV Show,Cagaster of an Insect Cage,Japan,2020.0,2020,TV-MA,1 Season,Anime Series,0,1
s2947,Movie,Gardeners of Eden,Kenya,2020.0,2014,TV-14,70 min,Documentaries,1,0
s2948,TV Show,Arrow,United States,2020.0,2019,TV-14,8 Seasons,Crime TV Shows,0,1
s2949,TV Show,The Pharmacist,United States,2020.0,2020,TV-MA,1 Season,Crime TV Shows,0,1
s2950,Movie,Uppity: The Willy T. Ribbs Story,United States,2020.0,2020,TV-MA,106 min,Documentaries,1,0
s2951,Movie,Dragonheart: Vengeance,United States,2020.0,2020,PG-13,97 min,Action & Adventure,1,0
s2952,Movie,"Faith, Hope & Love",United States,2020.0,2019,PG,106 min,Comedies,1,0
s2953,Movie,Tom Papa: You're Doing Great!,United States,2020.0,2020,TV-14,60 min,Stand-Up Comedy,1,0
s2954,TV Show,Team Kaylie,United States,2020.0,2020,TV-PG,3 Seasons,Kids' TV,0,1
s2955,Movie,Thambi,India,2020.0,2019,TV-14,148 min,International Movies,1,0
s2956,Movie,The Silent War,Spain,2020.0,2020,TV-MA,122 min,Dramas,1,0
s2957,Movie,Chronically Metropolitan,United States,2020.0,2016,TV-MA,86 min,Comedies,1,0
s2958,Movie,Hum Aapke Hain Koun,India,2020.0,1994,TV-14,193 min,Classic Movies,1,0
s2959,TV Show,Is It Wrong to Try to Pick Up Girls in a Dungeon?,Japan,2020.0,2015,TV-MA,1 Season,Anime Series,0,1
s2960,TV Show,Itaewon Class,South Korea,2020.0,2020,TV-MA,1 Season,International TV Shows,0,1
s2961,Movie,Justice,United States,2020.0,2017,R,92 min,Movies,1,0
s2962,Movie,Love Jacked,Canada,2020.0,2018,PG-13,94 min,Comedies,1,0
s2963,TV Show,Miraculous: Tales of Ladybug & Cat Noir,France,2020.0,2019,TV-Y7,5 Seasons,Kids' TV,0,1
s2964,Movie,Misfit 2,Netherlands,2020.0,2019,TV-G,82 min,Children & Family Movies,1,0
s2965,Movie,Night on Earth: Shot in the Dark,United Kingdom,2020.0,2020,TV-PG,59 min,Movies,1,0
s2966,TV Show,No Game No Life,Japan,2020.0,2014,TV-MA,1 Season,Anime Series,0,1
s2967,TV Show,Pop Team Epic,Japan,2020.0,2018,TV-14,1 Season,Anime Series,0,1
s2968,TV Show,Shopkins,United States,2020.0,2014,TV-Y,1 Season,Kids' TV,0,1
s2969,Movie,The Car: Road to Revenge,United States,2020.0,2019,TV-MA,89 min,Action & Adventure,1,0
s2970,Movie,Together For Eternity,India,2020.0,1999,TV-G,176 min,Dramas,1,0
s2971,Movie,37 Seconds,Japan,2020.0,2020,TV-MA,116 min,Dramas,1,0
s2972,TV Show,Diablero,Mexico,2020.0,2020,TV-MA,2 Seasons,International TV Shows,0,1
s2973,Movie,Gang of the Caribbean,France,2020.0,2016,TV-MA,86 min,Dramas,1,0
s2974,Movie,Hakkunde,Nigeria,2020.0,2017,TV-14,93 min,Comedies,1,0
s2975,TV Show,Luna Nera,Italy,2020.0,2020,TV-MA,1 Season,International TV Shows,0,1
s2976,Movie,Miss Americana,United States,2020.0,2020,TV-MA,85 min,Documentaries,1,0
s2977,TV Show,Unauthorized Living,Spain,2020.0,2020,TV-MA,2 Seasons,Crime TV Shows,0,1
s2978,TV Show,Ainori Love Wagon: African Journey,Japan,2020.0,2019,TV-14,1 Season,International TV Shows,0,1
s2979,Movie,Kevin Hart: I'm a Grown Little Man,United States,2020.0,2009,TV-MA,62 min,Stand-Up Comedy,1,0
s2980,TV Show,THE STRANGER,United Kingdom,2020.0,2020,TV-MA,1 Season,British TV Shows,0,1
s2981,TV Show,What the Love! with Karan Johar,United States,2020.0,2020,TV-14,1 Season,International TV Shows,0,1
s2982,Movie,Close Enemies,France,2020.0,2018,TV-MA,112 min,Dramas,1,0
s2984,TV Show,Night on Earth,United Kingdom,2020.0,2020,TV-PG,1 Season,Docuseries,0,1
s2985,TV Show,Omniscient,Brazil,2020.0,2020,TV-MA,1 Season,International TV Shows,0,1
s2986,Movie,Shimla Mirchi,India,2020.0,2020,TV-14,121 min,Comedies,1,0
s2987,Movie,Sillu Karuppatti,India,2020.0,2019,TV-14,133 min,Comedies,1,0
s2988,Movie,Vir Das: For India,India,2020.0,2020,TV-MA,76 min,Stand-Up Comedy,1,0
s2989,Movie,Menashe,United States,2020.0,2017,PG,82 min,Dramas,1,0
s2990,Movie,A Sun,Taiwan,2020.0,2019,TV-MA,156 min,Dramas,1,0
s2991,Movie,Die Ontwaking,South Africa,2020.0,2015,TV-MA,90 min,International Movies,1,0
s2993,TV Show,Sons of the Caliphate,Nigeria,2020.0,2017,TV-14,2 Seasons,International TV Shows,0,1
s2994,TV Show,The goop lab with Gwyneth Paltrow,United States,2020.0,2020,TV-MA,1 Season,Reality TV,0,1
s2995,TV Show,The Ranch,United States,2020.0,2020,TV-MA,8 Seasons,TV Comedies,0,1
s2996,Movie,Airplane Mode,United States,2020.0,2020,TV-PG,97 min,Comedies,1,0
s2997,Movie,Alex Fernández: The Best Comedian in the World,Mexico,2020.0,2020,TV-MA,51 min,Stand-Up Comedy,1,0
s2998,TV Show,October Faction,United States,2020.0,2020,TV-MA,1 Season,TV Action & Adventure,0,1
s2999,TV Show,​SAINT SEIYA: Knights of the Zodiac,Japan,2020.0,2020,TV-14,2 Seasons,Anime Series,0,1
s3000,TV Show,The Ghost Bride,Taiwan,2020.0,2020,TV-14,1 Season,International TV Shows,0,1
s3001,TV Show,Pandemic: How to Prevent an Outbreak,United States,2020.0,2020,TV-14,1 Season,Docuseries,0,1
s3002,TV Show,Playing with Fire,United States,2020.0,2019,TV-MA,1 Season,International TV Shows,0,1
s3003,Movie,Whisky,Uruguay,2020.0,2004,TV-MA,98 min,Comedies,1,0
s3004,Movie,Fortune Feimster: Sweet & Salty,United States,2020.0,2020,TV-MA,61 min,Stand-Up Comedy,1,0
s3005,Movie,KD (A) Karuppudurai,India,2020.0,2019,TV-14,116 min,Comedies,1,0
s3006,TV Show,DreamWorks How to Train Your Dragon Legends,United States,2020.0,2011,TV-PG,1 Season,Kids' TV,0,1
s3007,Movie,Motichoor Chaknachoor,India,2020.0,2019,TV-14,132 min,Comedies,1,0
s3008,Movie,WHAT DID JACK DO?,United States,2020.0,2020,TV-14,17 min,Dramas,1,0
s3009,Movie,The Bling Ring,United States,2020.0,2013,R,91 min,Dramas,1,0
s3010,Movie,A Fall from Grace,United States,2020.0,2020,TV-MA,121 min,Dramas,1,0
s3011,TV Show,Ares,Netherlands,2020.0,2020,TV-MA,1 Season,International TV Shows,0,1
s3012,TV Show,Hip-Hop Evolution,Canada,2020.0,2020,TV-MA,4 Seasons,Docuseries,0,1
s3013,TV Show,Nailed It! Germany,Germany,2020.0,2020,TV-14,1 Season,International TV Shows,0,1
s3014,TV Show,Tiny House Nation,United States,2020.0,2019,TV-PG,2 Seasons,Reality TV,0,1
s3015,Movie,Deadcon,United States,2020.0,2019,TV-14,78 min,Horror Movies,1,0
s3016,TV Show,Handsome Siblings,China,2020.0,2020,TV-14,1 Season,International TV Shows,0,1
s3017,Movie,Hop,United States,2020.0,2011,PG,95 min,Children & Family Movies,1,0
s3018,Movie,Jezebel,United States,2020.0,2019,TV-MA,86 min,Dramas,1,0
s3019,Movie,Legend,United Kingdom,2020.0,2015,R,132 min,Dramas,1,0
s3020,Movie,NiNoKuni,Japan,2020.0,2019,TV-14,107 min,Action & Adventure,1,0
s3021,TV Show,Soul Eater,Japan,2020.0,2008,TV-14,1 Season,Anime Series,0,1
s3022,Movie,Steve Jobs,United Kingdom,2020.0,2015,R,122 min,Dramas,1,0
s3023,Movie,Bulbul Can Sing,India,2020.0,2018,TV-14,95 min,Dramas,1,0
s3024,Movie,Eye For An Eye,Spain,2020.0,2019,TV-MA,108 min,Dramas,1,0
s3025,TV Show,Killer Inside: The Mind of Aaron Hernandez,United States,2020.0,2020,TV-MA,1 Season,Crime TV Shows,0,1
s3026,Movie,MindGamers,Austria,2020.0,2017,R,99 min,International Movies,1,0
s3027,Movie,The Brave,United States,2020.0,2019,TV-MA,103 min,Action & Adventure,1,0
s3028,Movie,Leslie Jones: Time Machine,United States,2020.0,2020,TV-MA,66 min,Stand-Up Comedy,1,0
s3029,TV Show,The Ollie & Moon Show,France,2020.0,2018,TV-Y,1 Season,Kids' TV,0,1
s3030,Movie,Women of Mafia 2,Poland,2020.0,2019,TV-MA,132 min,Action & Adventure,1,0
s3032,Movie,Betty White: First Lady of Television,United States,2020.0,2018,TV-14,56 min,Documentaries,1,0
s3033,Movie,Made in China,India,2020.0,2019,TV-MA,128 min,Comedies,1,0
s3034,TV Show,AJ and the Queen,United States,2020.0,2020,TV-14,1 Season,TV Comedies,0,1
s3035,TV Show,Giri / Haji,United Kingdom,2020.0,2019,TV-MA,1 Season,British TV Shows,0,1
s3036,TV Show,Harvey Street Kids,United States,2020.0,2020,TV-Y7,4 Seasons,Kids' TV,0,1
s3037,TV Show,Jamtara - Sabka Number Ayega,India,2020.0,2020,TV-MA,1 Season,Crime TV Shows,0,1
s3038,TV Show,Medical Police,United States,2020.0,2020,TV-MA,1 Season,Crime TV Shows,0,1
s3039,Movie,Monsters: Dark Continent,United Kingdom,2020.0,2014,R,119 min,Action & Adventure,1,0
s3040,TV Show,The InBESTigators,Australia,2020.0,2020,TV-Y,2 Seasons,Kids' TV,0,1
s3041,TV Show,Until Dawn,France,2020.0,2020,TV-MA,1 Season,International TV Shows,0,1
s3042,Movie,Bulletproof 2,United States,2020.0,2020,TV-MA,97 min,Action & Adventure,1,0
s3043,TV Show,Cheer,United States,2020.0,2020,TV-MA,1 Season,Docuseries,0,1
s3044,Movie,A Ghost Story,United States,2020.0,2017,R,92 min,Dramas,1,0
s3045,Movie,"Live Twice, Love Once",Spain,2020.0,2020,TV-MA,102 min,Comedies,1,0
s3046,TV Show,Dracula,United Kingdom,2020.0,2020,TV-14,1 Season,British TV Shows,0,1
s3047,Movie,All the Freckles in the World,Mexico,2020.0,2020,TV-14,90 min,Comedies,1,0
s3048,TV Show,Anne with an E,Canada,2020.0,2019,TV-PG,3 Seasons,International TV Shows,0,1
s3049,Movie,Half Girlfriend,India,2020.0,2017,TV-14,129 min,Dramas,1,0
s3050,TV Show,"Sex, Explained",United States,2020.0,2020,TV-MA,1 Season,Docuseries,0,1
s3051,TV Show,Thieves of the Wood,Belgium,2020.0,2019,TV-MA,1 Season,International TV Shows,0,1
s3052,Movie,Aruna & Her Palate,Indonesia,2020.0,2018,TV-14,106 min,Dramas,1,0
s3053,TV Show,Because This Is My First Life,South Korea,2020.0,2017,TV-14,1 Season,International TV Shows,0,1
s3054,TV Show,Border Security: America's Front Line,Canada,2020.0,2018,TV-14,1 Season,Crime TV Shows,0,1
s3055,Movie,Breaking the Bank,United Kingdom,2020.0,2014,TV-PG,105 min,Comedies,1,0
s3056,TV Show,Cells at Work!,Japan,2020.0,2018,TV-PG,1 Season,Anime Series,0,1
s3058,Movie,Garfield Gets Real,United States,2020.0,2007,TV-Y,78 min,Children & Family Movies,1,0
s3059,Movie,Garfield's Fun Fest,United States,2020.0,2008,TV-Y7,79 min,Children & Family Movies,1,0
s3060,Movie,Garfield's Pet Force,South Korea,2020.0,2009,G,78 min,Children & Family Movies,1,0
s3061,Movie,Ghost Stories,India,2020.0,2020,TV-MA,145 min,Horror Movies,1,0
s3062,Movie,Jeff Dunham: Unhinged in Hollywood,United States,2020.0,2015,TV-MA,71 min,Stand-Up Comedy,1,0
s3063,Movie,Jimmy Neutron: Boy Genius,United States,2020.0,2001,G,83 min,Children & Family Movies,1,0
s3064,TV Show,Live Up To Your Name,South Korea,2020.0,2017,TV-MA,1 Season,International TV Shows,0,1
s3066,TV Show,Messiah,United States,2020.0,2020,TV-MA,1 Season,TV Dramas,0,1
s3067,TV Show,Mia and Me,Netherlands,2020.0,2017,TV-Y7,2 Seasons,Kids' TV,0,1
s3068,TV Show,"Nisman: The Prosecutor, the President, and the Spy",Spain,2020.0,2020,TV-MA,1 Season,Crime TV Shows,0,1
s3069,Movie,Pan's Labyrinth,Mexico,2020.0,2006,R,119 min,Dramas,1,0
s3070,Movie,Pokémon the Movie: Power of Us,Japan,2020.0,2018,TV-Y7,98 min,Anime Features,1,0
s3071,Movie,Posesif,Indonesia,2020.0,2017,TV-MA,102 min,Dramas,1,0
s3072,TV Show,Reply 1988,South Korea,2020.0,2015,TV-14,1 Season,International TV Shows,0,1
s3074,Movie,Road Trip: Beer Pong,United States,2020.0,2009,R,97 min,Comedies,1,0
s3075,TV Show,Save Me,South Korea,2020.0,2017,TV-MA,1 Season,International TV Shows,0,1
s3076,TV Show,Spinning Out,United States,2020.0,2020,TV-MA,1 Season,TV Dramas,0,1
s3077,TV Show,The Bride of Habaek,South Korea,2020.0,2017,TV-14,1 Season,International TV Shows,0,1
s3078,Movie,Aaviri,India,2019.0,2019,TV-14,110 min,Horror Movies,1,0
s3079,Movie,Albert Pinto Ko Gussa Kyun Aata Hai?,India,2019.0,2019,TV-MA,85 min,Dramas,1,0
s3080,TV Show,ARASHI's Diary -Voyage-,Japan,2019.0,2019,TV-PG,1 Season,Docuseries,0,1
s3081,Movie,Benchwarmers 2: Breaking Balls,United States,2019.0,2019,PG-13,90 min,Comedies,1,0
s3082,Movie,How High 2,United States,2019.0,2019,TV-MA,89 min,Comedies,1,0
s3083,TV Show,Occupied,Norway,2019.0,2019,TV-MA,3 Seasons,International TV Shows,0,1
s3085,TV Show,Rainbow Ruby,South Korea,2019.0,2016,TV-Y,1 Season,Kids' TV,0,1
s3086,TV Show,Robot Trains,South Korea,2019.0,2018,TV-Y7,2 Seasons,Kids' TV,0,1
s3088,TV Show,Yanxi Palace: Princess Adventures,China,2019.0,2019,TV-14,1 Season,International TV Shows,0,1
s3089,TV Show,The Disastrous Life of Saiki K.: Reawakened,Japan,2019.0,2019,TV-14,1 Season,Anime Series,0,1
s3090,Movie,Hot Gimmick: Girl Meets Boy,Japan,2019.0,2019,TV-MA,120 min,Dramas,1,0
s3091,Movie,Blitz Patrollie,South Africa,2019.0,2013,TV-MA,102 min,Action & Adventure,1,0
s3092,Movie,"El Pepe, a Supreme Life",Argentina,2019.0,2018,TV-14,73 min,Documentaries,1,0
s3093,TV Show,Kevin Hart: Don’t F**k This Up,United States,2019.0,2019,TV-MA,1 Season,Docuseries,0,1
s3095,Movie,The App,Italy,2019.0,2019,TV-MA,79 min,Dramas,1,0
s3096,TV Show,The Bonfire of Destiny,France,2019.0,2019,TV-MA,1 Season,International TV Shows,0,1
s3097,TV Show,You,United States,2019.0,2019,TV-MA,2 Seasons,Crime TV Shows,0,1
s3098,Movie,Doom: Annihilation,United States,2019.0,2019,R,97 min,Action & Adventure,1,0
s3099,Movie,Fireworks,Japan,2019.0,2017,TV-PG,91 min,Anime Features,1,0
s3100,Movie,Grand-Daddy Day Care,United States,2019.0,2019,PG-13,96 min,Children & Family Movies,1,0
s3101,Movie,Jarhead: Law of Return,Israel,2019.0,2019,R,103 min,Action & Adventure,1,0
s3102,Movie,MFKZ,France,2019.0,2017,R,95 min,Action & Adventure,1,0
s3103,Movie,Sweetheart,United States,2019.0,2019,PG-13,83 min,Horror Movies,1,0
s3104,TV Show,CAROLE & TUESDAY,Japan,2019.0,2019,TV-MA,2 Seasons,Anime Series,0,1
s3105,Movie,Como caído del cielo,Mexico,2019.0,2019,TV-14,117 min,Comedies,1,0
s3106,Movie,John Mulaney & The Sack Lunch Bunch,United States,2019.0,2019,TV-PG,70 min,Children & Family Movies,1,0
s3107,TV Show,Lost in Space,United States,2019.0,2019,TV-PG,2 Seasons,TV Action & Adventure,0,1
s3108,Movie,Jacob's Ladder,United States,2019.0,2019,R,90 min,Thrillers,1,0
s3109,TV Show,Private Practice,United States,2019.0,2012,TV-14,6 Seasons,TV Comedies,0,1
s3110,Movie,Back of the Net,Australia,2019.0,2019,TV-Y,86 min,Children & Family Movies,1,0
s3111,Movie,Lost in London,Nigeria,2019.0,2017,TV-PG,86 min,Comedies,1,0
s3112,TV Show,Agent,Mauritius,2019.0,2019,TV-MA,1 Season,International TV Shows,0,1
s3113,Movie,Being Mrs Elliot,Nigeria,2019.0,2014,TV-14,113 min,Dramas,1,0
s3115,Movie,Iyore,Nigeria,2019.0,2015,TV-PG,141 min,Dramas,1,0
s3117,Movie,The Two Popes,United Kingdom,2019.0,2019,PG-13,126 min,Dramas,1,0
s3118,TV Show,The Witcher,United States,2019.0,2019,TV-MA,1 Season,International TV Shows,0,1
s3119,Movie,After the Raid,United States,2019.0,2019,TV-PG,25 min,Documentaries,1,0
s3120,TV Show,Twice Upon A Time,France,2019.0,2019,TV-MA,1 Season,International TV Shows,0,1
s3121,TV Show,Ultraviolet,Poland,2019.0,2019,TV-MA,2 Seasons,Crime TV Shows,0,1
s3122,TV Show,Don't F**k with Cats: Hunting an Internet Killer,United Kingdom,2019.0,2019,TV-MA,1 Season,Crime TV Shows,0,1
s3123,TV Show,Soundtrack,United States,2019.0,2019,TV-MA,1 Season,Romantic TV Shows,0,1
s3124,Movie,Ronny Chieng: Asian Comedian Destroys America!,United States,2019.0,2019,TV-MA,63 min,Stand-Up Comedy,1,0
s3125,Movie,"Sincerely Yours, Dhaka",Bangladesh,2019.0,2018,TV-MA,136 min,Comedies,1,0
s3126,Movie,The Danish Girl,United Kingdom,2019.0,2015,R,120 min,Dramas,1,0
s3127,Movie,Bangistan,India,2019.0,2015,TV-14,134 min,Comedies,1,0
s3128,TV Show,Cinderella and the Four Knights,South Korea,2019.0,2016,TV-PG,1 Season,International TV Shows,0,1
s3129,TV Show,Cocomong,United States,2019.0,2015,TV-Y,2 Seasons,Kids' TV,0,1
s3130,TV Show,Crash Landing on You,South Korea,2019.0,2019,TV-14,1 Season,International TV Shows,0,1
s3131,TV Show,"Crazy, Lovely, Cool",Nigeria,2019.0,2018,TV-MA,1 Season,International TV Shows,0,1
s3132,Movie,Dil Chahta Hai,India,2019.0,2001,TV-14,185 min,Comedies,1,0
s3133,Movie,Dil Dhadakne Do,India,2019.0,2015,TV-MA,174 min,Comedies,1,0
s3134,Movie,Don,India,2019.0,2006,TV-14,169 min,Action & Adventure,1,0
s3135,Movie,Don 2,India,2019.0,2011,TV-14,148 min,Action & Adventure,1,0
s3136,Movie,Fukrey,India,2019.0,2013,TV-14,135 min,Action & Adventure,1,0
s3137,Movie,Game,India,2019.0,2011,TV-14,135 min,International Movies,1,0
s3138,TV Show,Girls und Panzer,Japan,2019.0,2012,TV-PG,1 Season,Anime Series,0,1
s3140,Movie,Honeymoon Travels Pvt. Ltd.,India,2019.0,2007,TV-14,119 min,Comedies,1,0
s3141,Movie,Isoken,Nigeria,2019.0,2017,TV-14,98 min,Comedies,1,0
s3142,Movie,Karthik Calling Karthik,India,2019.0,2010,TV-14,135 min,Dramas,1,0
s3143,Movie,Lakshya,India,2019.0,2004,TV-PG,185 min,Action & Adventure,1,0
s3144,Movie,Luck by Chance,India,2019.0,2009,TV-14,156 min,Dramas,1,0
s3145,Movie,Potato Potahto,Ghana,2019.0,2017,TV-MA,104 min,Comedies,1,0
s3146,Movie,Rock On!!,India,2019.0,2008,TV-14,139 min,Dramas,1,0
s3147,TV Show,Scooby-Doo!: Mystery Incorporated,United States,2019.0,2012,TV-Y7,2 Seasons,Kids' TV,0,1
s3148,Movie,Talaash,India,2019.0,2012,TV-14,140 min,Dramas,1,0
s3149,TV Show,What's New Scooby-Doo?,United States,2019.0,2005,TV-Y7,3 Seasons,Kids' TV,0,1
s3150,Movie,Zindagi Na Milegi Dobara,India,2019.0,2011,TV-14,154 min,Comedies,1,0
s3151,Movie,6 Underground,United States,2019.0,2019,R,129 min,Action & Adventure,1,0
s3152,Movie,A Trip to Jamaica,Nigeria,2019.0,2016,TV-MA,99 min,Comedies,1,0
s3153,Movie,My Wife and I,South Africa,2019.0,2017,TV-MA,100 min,Comedies,1,0
s3154,Movie,Okafor's Law,Nigeria,2019.0,2016,TV-14,110 min,Comedies,1,0
s3156,Movie,The 9th Precinct,Taiwan,2019.0,2019,TV-MA,95 min,International Movies,1,0
s3158,Movie,Jack Whitehall: Christmas with My Father,United Kingdom,2019.0,2019,TV-MA,65 min,Stand-Up Comedy,1,0
s3159,Movie,The Sky Is Pink,India,2019.0,2019,TV-MA,143 min,Dramas,1,0
s3160,Movie,Good and Prosperous,Egypt,2019.0,2017,TV-14,101 min,Comedies,1,0
s3161,Movie,Michelle Wolf: Joke Show,United States,2019.0,2019,TV-MA,60 min,Stand-Up Comedy,1,0
s3162,Movie,A Family Reunion Christmas,United States,2019.0,2019,TV-PG,29 min,Children & Family Movies,1,0
s3163,Movie,It Comes at Night,United States,2019.0,2017,R,92 min,Horror Movies,1,0
s3164,Movie,Saaho,India,2019.0,2019,TV-14,172 min,Action & Adventure,1,0
s3165,Movie,Nothing to Lose 2,Brazil,2019.0,2019,PG-13,97 min,Dramas,1,0
s3166,TV Show,Astronomy Club: The Sketch Show,United States,2019.0,2019,TV-MA,1 Season,TV Comedies,0,1
s3167,Movie,Banana Island Ghost,Nigeria,2019.0,2017,TV-14,108 min,Comedies,1,0
s3169,TV Show,Fuller House,United States,2019.0,2020,TV-PG,5 Seasons,TV Comedies,0,1
s3170,Movie,Marriage Story,United Kingdom,2019.0,2019,R,137 min,Dramas,1,0
s3171,Movie,No Game No Life: Zero,Japan,2019.0,2017,TV-MA,106 min,Action & Adventure,1,0
s3172,Movie,Slow Country,Nigeria,2019.0,2017,TV-MA,115 min,Dramas,1,0
s3173,Movie,Spirit Riding Free: Spirit of Christmas,United States,2019.0,2019,TV-Y7,46 min,Children & Family Movies,1,0
s3174,TV Show,Teasing Master Takagi-san,Japan,2019.0,2019,TV-PG,1 Season,Anime Series,0,1
s3175,TV Show,The Chosen One,Brazil,2019.0,2019,TV-MA,2 Seasons,International TV Shows,0,1
s3176,TV Show,The Confession Killer,United States,2019.0,2019,TV-14,1 Season,Crime TV Shows,0,1
s3177,TV Show,Three Days of Christmas,Spain,2019.0,2019,TV-MA,1 Season,International TV Shows,0,1
s3179,Movie,Wives on Strike,Nigeria,2019.0,2016,TV-14,92 min,Comedies,1,0
s3180,Movie,Wives on Strike: The Revolution,United Kingdom,2019.0,2017,TV-PG,93 min,Comedies,1,0
s3181,Movie,A Christmas Prince: The Royal Baby,United States,2019.0,2019,TV-PG,85 min,Children & Family Movies,1,0
s3182,Movie,The Irishman: In Conversation,United States,2019.0,2019,TV-MA,24 min,Documentaries,1,0
s3183,TV Show,V Wars,United States,2019.0,2019,TV-MA,1 Season,TV Action & Adventure,0,1
s3184,TV Show,The Last O.G.,United States,2019.0,2019,TV-MA,2 Seasons,TV Comedies,0,1
s3185,TV Show,The Prince of Tennis ~ Match! Tennis Juniors ~,China,2019.0,2019,TV-PG,1 Season,International TV Shows,0,1
s3186,TV Show,The Road to Love,Colombia,2019.0,2019,TV-14,1 Season,International TV Shows,0,1
s3187,Movie,Tiffany Haddish: Black Mitzvah,United States,2019.0,2019,TV-MA,56 min,Stand-Up Comedy,1,0
s3188,TV Show,Nightflyers,United States,2019.0,2018,TV-MA,1 Season,TV Horror,0,1
s3189,Movie,A Cinderella Story: Christmas Wish,United States,2019.0,2019,PG,86 min,Children & Family Movies,1,0
s3190,Movie,Baby Dolls,India,2019.0,2019,TV-PG,127 min,Comedies,1,0
s3191,Movie,Cut Bank,United States,2019.0,2014,R,93 min,Dramas,1,0
s3192,Movie,Dead Kids,Philippines,2019.0,2019,TV-MA,94 min,Dramas,1,0
s3193,TV Show,Eastsiders,United States,2019.0,2018,TV-MA,4 Seasons,TV Comedies,0,1
s3194,Movie,High End Yaariyan,India,2019.0,2019,TV-14,120 min,Comedies,1,0
s3195,Movie,Iron Fists and Kung-Fu Kicks,Australia,2019.0,2019,TV-MA,108 min,Documentaries,1,0
s3196,Movie,Jindua,India,2019.0,2017,TV-14,135 min,Dramas,1,0
s3197,Movie,Lakeeran,India,2019.0,2016,TV-PG,111 min,Dramas,1,0
s3198,Movie,Mahi NRI,United Kingdom,2019.0,2017,TV-14,134 min,Comedies,1,0
s3199,Movie,Qismat,India,2019.0,2018,TV-PG,137 min,Dramas,1,0
s3201,Movie,Tee Shot: Ariya Jutanugarn,Thailand,2019.0,2019,TV-14,103 min,Children & Family Movies,1,0
s3202,Movie,Thug Life,India,2019.0,2017,TV-14,133 min,Comedies,1,0
s3203,Movie,Wandering Stars,France,2019.0,2019,TV-MA,95 min,Documentaries,1,0
s3204,Movie,Why Me?,Romania,2019.0,2015,TV-MA,126 min,Dramas,1,0
s3205,TV Show,Chocolate,South Korea,2019.0,2019,TV-14,1 Season,International TV Shows,0,1
s3206,Movie,Guatemala: Heart of the Mayan World,Uruguay,2019.0,2019,TV-G,67 min,Documentaries,1,0
s3207,Movie,The Zoya Factor,India,2019.0,2019,TV-14,135 min,Comedies,1,0
s3208,Movie,Atlantics,France,2019.0,2019,TV-14,106 min,Dramas,1,0
s3209,TV Show,Chip and Potato,United Kingdom,2019.0,2019,TV-Y,2 Seasons,Kids' TV,0,1
s3210,Movie,Crazy people,Nigeria,2019.0,2018,TV-MA,107 min,Comedies,1,0
s3211,Movie,I Lost My Body,France,2019.0,2019,TV-MA,81 min,Dramas,1,0
s3212,Movie,Kalushi: The Story of Solomon Mahlangu,South Africa,2019.0,2016,TV-MA,107 min,Dramas,1,0
s3213,TV Show,La Reina del Sur,Mexico,2019.0,2019,TV-MA,2 Seasons,Crime TV Shows,0,1
s3215,Movie,Payday,Nigeria,2019.0,2018,TV-MA,110 min,Comedies,1,0
s3216,Movie,The Accidental Spy,Nigeria,2019.0,2017,TV-MA,104 min,Action & Adventure,1,0
s3218,Movie,The Island,Nigeria,2019.0,2018,TV-14,93 min,Dramas,1,0
s3219,Movie,Holiday Rush,United States,2019.0,2019,TV-PG,94 min,Children & Family Movies,1,0
s3220,TV Show,Levius,Japan,2019.0,2019,TV-14,1 Season,Anime Series,0,1
s3221,TV Show,Lugar de Mulher,Brazil,2019.0,2019,TV-MA,1 Season,International TV Shows,0,1
s3222,TV Show,Merry Happy Whatever,United States,2019.0,2019,TV-PG,1 Season,TV Comedies,0,1
s3223,TV Show,Mythomaniac,France,2019.0,2019,TV-MA,1 Season,International TV Shows,0,1
s3224,Movie,Defiance,United States,2019.0,2008,R,137 min,Action & Adventure,1,0
s3225,Movie,Evvarikee Cheppoddu,India,2019.0,2019,TV-14,134 min,Comedies,1,0
s3227,Movie,The Body Remembers When the World Broke Open,Canada,2019.0,2019,TV-MA,106 min,Dramas,1,0
s3228,Movie,The Irishman,United States,2019.0,2019,R,209 min,Dramas,1,0
s3229,Movie,Mike Birbiglia: The New One,United States,2019.0,2019,TV-MA,86 min,Stand-Up Comedy,1,0
s3230,Movie,Super Monsters Save Christmas,United States,2019.0,2019,TV-Y,24 min,Children & Family Movies,1,0
s3231,TV Show,The Crime,Poland,2019.0,2015,TV-MA,2 Seasons,Crime TV Shows,0,1
s3233,TV Show,Zona Rosa,Mexico,2019.0,2019,TV-MA,1 Season,International TV Shows,0,1
s3234,Movie,Pranaam,India,2019.0,2019,TV-14,117 min,Action & Adventure,1,0
s3235,Movie,What the F* Is Going On?,Spain,2019.0,2019,TV-MA,87 min,Documentaries,1,0
s3236,Movie,Shot Caller,United States,2019.0,2017,R,121 min,Dramas,1,0
s3237,TV Show,Once Upon A Time In Lingjian Mountain,China,2019.0,2019,TV-14,1 Season,International TV Shows,0,1
s3238,Movie,Brother,France,2019.0,2019,TV-MA,97 min,Dramas,1,0
s3239,TV Show,Dolly Parton's Heartstrings,United States,2019.0,2019,TV-14,1 Season,TV Dramas,0,1
s3240,Movie,Girls und Panzer der Film,Japan,2019.0,2015,TV-MA,121 min,Action & Adventure,1,0
s3241,Movie,Mike Birbiglia: What I Should Have Said Was Nothing: Tales from My Secret Public Journal,United States,2019.0,2008,TV-MA,56 min,Stand-Up Comedy,1,0
s3242,TV Show,Nailed It! Holiday!,United States,2019.0,2019,TV-PG,2 Seasons,Reality TV,0,1
s3243,TV Show,Narcoworld: Dope Stories,United States,2019.0,2019,TV-MA,1 Season,Crime TV Shows,0,1
s3244,TV Show,Nobody's Looking,Brazil,2019.0,2019,TV-MA,1 Season,International TV Shows,0,1
s3245,Movie,Shelby American,United States,2019.0,2019,TV-MA,119 min,Documentaries,1,0
s3246,TV Show,Singapore Social,Singapore,2019.0,2019,TV-MA,1 Season,International TV Shows,0,1
s3247,TV Show,The Dragon Prince,United States,2019.0,2019,TV-Y7,3 Seasons,Kids' TV,0,1
s3248,TV Show,Trolls: The Beat Goes On!,United States,2019.0,2019,TV-Y7,8 Seasons,Kids' TV,0,1
s3249,Movie,The Knight Before Christmas,United States,2019.0,2019,TV-14,93 min,Children & Family Movies,1,0
s3250,TV Show,Bangkok Buddies,Thailand,2019.0,2019,TV-MA,1 Season,International TV Shows,0,1
s3251,Movie,"Bikram: Yogi, Guru, Predator",United States,2019.0,2019,TV-MA,86 min,Documentaries,1,0
s3252,Movie,Dorasaani,India,2019.0,2019,TV-14,134 min,Dramas,1,0
s3253,TV Show,Holiday Secrets,Germany,2019.0,2019,TV-MA,1 Season,International TV Shows,0,1
s3254,Movie,"Lorena, Light-Footed Woman",Mexico,2019.0,2019,TV-G,28 min,Documentaries,1,0
s3255,Movie,Mallesham,India,2019.0,2019,TV-14,131 min,Dramas,1,0
s3256,TV Show,Who Killed Little Gregory?,France,2019.0,2019,TV-MA,1 Season,Crime TV Shows,0,1
s3257,Movie,Iliza Shlesinger: Unveiled,United States,2019.0,2019,TV-MA,78 min,Stand-Up Comedy,1,0
s3259,TV Show,Candy Online,Taiwan,2019.0,2019,TV-MA,1 Season,International TV Shows,0,1
s3260,Movie,Iron Sky: The Coming Race,Finland,2019.0,2019,TV-MA,93 min,Action & Adventure,1,0
s3261,Movie,Jeff Dunham: All Over the Map,United States,2019.0,2014,TV-MA,84 min,Stand-Up Comedy,1,0
s3262,Movie,Suffragette,United Kingdom,2019.0,2015,PG-13,107 min,Dramas,1,0
s3263,Movie,The Green Inferno,United States,2019.0,2013,R,101 min,Horror Movies,1,0
s3264,TV Show,At the Dolphin Bay,Taiwan,2019.0,2003,TV-14,1 Season,International TV Shows,0,1
s3265,Movie,Earthquake Bird,United Kingdom,2019.0,2019,R,107 min,Dramas,1,0
s3266,Movie,El sendero de la anaconda,Colombia,2019.0,2019,TV-14,74 min,Documentaries,1,0
s3267,Movie,GO! The Unforgettable Party,Argentina,2019.0,2019,TV-PG,60 min,Children & Family Movies,1,0
s3268,Movie,Guna 369,India,2019.0,2019,TV-MA,143 min,Action & Adventure,1,0
s3269,Movie,House Arrest,India,2019.0,2019,TV-14,105 min,Comedies,1,0
s3270,TV Show,I'm with the Band: Nasty Cherry,United States,2019.0,2019,TV-MA,1 Season,Reality TV,0,1
s3271,TV Show,Inheritors,South Korea,2019.0,2013,TV-14,1 Season,International TV Shows,0,1
s3272,TV Show,K-On!,Japan,2019.0,2010,TV-PG,2 Seasons,Anime Series,0,1
s3273,Movie,K-on! the movie,Japan,2019.0,2011,TV-PG,110 min,Anime Features,1,0
s3274,Movie,Klaus,Spain,2019.0,2019,PG,98 min,Children & Family Movies,1,0
s3275,TV Show,La Robe De Mariee Des Cieux,Taiwan,2019.0,2004,TV-MA,1 Season,International TV Shows,0,1
s3276,TV Show,Llama Llama,United States,2019.0,2019,TV-Y,2 Seasons,Kids' TV,0,1
s3277,TV Show,My MVP Valentine,Taiwan,2019.0,2002,TV-PG,1 Season,International TV Shows,0,1
s3278,TV Show,My Sassy Girl,South Korea,2019.0,2017,TV-14,1 Season,International TV Shows,0,1
s3279,Movie,SunGanges,India,2019.0,2018,TV-14,74 min,Documentaries,1,0
s3280,TV Show,The Club,Mexico,2019.0,2019,TV-MA,1 Season,Crime TV Shows,0,1
s3281,Movie,The Garden of Words,Japan,2019.0,2013,TV-14,46 min,Anime Features,1,0
s3282,TV Show,The Stranded,Thailand,2019.0,2019,TV-MA,1 Season,International TV Shows,0,1
s3283,TV Show,The Toys That Made Us,United States,2019.0,2019,TV-14,3 Seasons,Docuseries,0,1
s3284,TV Show,The Yard,Turkey,2019.0,2019,TV-MA,2 Seasons,Crime TV Shows,0,1
s3286,Movie,Fadily Camara : La plus drôle de tes copines,France,2019.0,2019,TV-MA,54 min,Stand-Up Comedy,1,0
s3287,TV Show,My Dear Warrior,Thailand,2019.0,2019,TV-14,1 Season,International TV Shows,0,1
s3288,TV Show,Maradona in Mexico,Argentina,2019.0,2020,TV-MA,1 Season,Docuseries,0,1
s3289,TV Show,Chief of Staff,South Korea,2019.0,2019,TV-14,2 Seasons,International TV Shows,0,1
s3290,Movie,Jeff Garlin: Our Man In Chicago,United States,2019.0,2019,TV-MA,59 min,Stand-Up Comedy,1,0
s3291,Movie,A Single Man,United States,2019.0,2009,R,100 min,Dramas,1,0
s3292,TV Show,Put Your Head on My Shoulder,China,2019.0,2019,TV-14,1 Season,International TV Shows,0,1
s3293,Movie,To Be of Service,United States,2019.0,2019,TV-MA,88 min,Documentaries,1,0
s3294,TV Show,Little Things,India,2019.0,2019,TV-MA,3 Seasons,International TV Shows,0,1
s3295,TV Show,Greatest Events of WWII in Colour,United Kingdom,2019.0,2019,TV-14,1 Season,British TV Shows,0,1
s3296,TV Show,Green Eggs and Ham,United Kingdom,2019.0,2019,TV-Y7,1 Season,Kids' TV,0,1
s3297,Movie,Let It Snow,United States,2019.0,2019,PG-13,93 min,Comedies,1,0
s3298,Movie,Paradise Beach,France,2019.0,2019,TV-MA,94 min,Action & Adventure,1,0
s3299,TV Show,Wild District,Colombia,2019.0,2019,TV-MA,2 Seasons,Crime TV Shows,0,1
s3300,Movie,U Turn,India,2019.0,2016,TV-14,121 min,International Movies,1,0
s3301,Movie,Burning Cane,United States,2019.0,2019,TV-MA,78 min,Dramas,1,0
s3302,TV Show,SCAMS,Japan,2019.0,2019,TV-14,1 Season,Crime TV Shows,0,1
s3303,Movie,Shadow,China,2019.0,2018,TV-14,116 min,Action & Adventure,1,0
s3304,Movie,Luccas Neto in: Summer Camp,Brazil,2019.0,2019,TV-G,87 min,Children & Family Movies,1,0
s3305,TV Show,Sam & Cat,United States,2019.0,2014,TV-PG,2 Seasons,Kids' TV,0,1
s3306,Movie,Seth Meyers: Lobby Baby,United States,2019.0,2019,TV-MA,61 min,Stand-Up Comedy,1,0
s3307,TV Show,The End of the F***ing World,United Kingdom,2019.0,2019,TV-MA,2 Seasons,British TV Shows,0,1
s3308,Movie,The Lovers,United States,2019.0,2017,R,98 min,Comedies,1,0
s3309,Movie,Tune in for Love,South Korea,2019.0,2019,TV-MA,123 min,Dramas,1,0
s3310,Movie,Undercover Brother 2,United States,2019.0,2019,R,85 min,Comedies,1,0
s3311,TV Show,Meet the Adebanjos,United Kingdom,2019.0,2016,TV-PG,3 Seasons,British TV Shows,0,1
s3312,Movie,Minimalism: A Documentary About the Important Things,United States,2019.0,2016,TV-14,78 min,Documentaries,1,0
s3313,Movie,Oththa Seruppu Size 7,India,2019.0,2019,TV-MA,103 min,Dramas,1,0
s3314,TV Show,The Devil Next Door,United States,2019.0,2019,TV-MA,1 Season,Crime TV Shows,0,1
s3315,Movie,100 Things to do Before High School,United States,2019.0,2014,TV-Y,44 min,Movies,1,0
s3316,Movie,A Fairly Odd Summer,United States,2019.0,2014,TV-Y7,68 min,Children & Family Movies,1,0
s3317,TV Show,Bella and the Bulldogs,United States,2019.0,2015,TV-G,1 Season,Kids' TV,0,1
s3318,Movie,Big Time Movie,United States,2019.0,2012,TV-PG,68 min,Children & Family Movies,1,0
s3319,Movie,Escape from Mr. Lemoncello’s Library,United States,2019.0,2017,TV-Y,69 min,Children & Family Movies,1,0
s3320,Movie,Hey Arnold! The Jungle Movie,United States,2019.0,2017,TV-PG,81 min,Children & Family Movies,1,0
s3321,Movie,Jinxed,United States,2019.0,2013,TV-Y,69 min,Children & Family Movies,1,0
s3322,Movie,LEGENDS OF THE HIDDEN TEMPLE,United States,2019.0,2016,TV-PG,68 min,Children & Family Movies,1,0
s3323,Movie,"Liar, Liar, Vampire",United States,2019.0,2015,TV-PG,68 min,Children & Family Movies,1,0
s3324,Movie,The Boy Who Cried Werewolf,United States,2019.0,2010,TV-Y,86 min,Children & Family Movies,1,0
s3325,Movie,The Massively Mixed-Up Middle School Mystery,United States,2019.0,2015,TV-Y,40 min,Children & Family Movies,1,0
s3326,TV Show,Victorious,United States,2019.0,2013,TV-G,3 Seasons,Kids' TV,0,1
s3327,Movie,A Remarkable Tale,Spain,2019.0,2019,TV-MA,94 min,Comedies,1,0
s3328,TV Show,A Year In Space,United States,2019.0,2015,TV-PG,1 Season,Docuseries,0,1
s3329,TV Show,Ad Vitam,France,2019.0,2018,TV-MA,1 Season,Crime TV Shows,0,1
s3330,Movie,American Son,United States,2019.0,2019,TV-MA,90 min,Dramas,1,0
s3331,TV Show,Billy on the Street,United States,2019.0,2016,TV-14,4 Seasons,International TV Shows,0,1
s3332,Movie,Christmas in the Heartland,United States,2019.0,2017,TV-PG,112 min,Dramas,1,0
s3333,Movie,Christmas Survival,United Kingdom,2019.0,2018,TV-MA,101 min,Comedies,1,0
s3334,TV Show,CLANNAD,Japan,2019.0,2008,TV-PG,2 Seasons,Anime Series,0,1
s3335,Movie,Drive,India,2019.0,2019,TV-14,119 min,Action & Adventure,1,0
s3336,Movie,Fire in Paradise,United States,2019.0,2019,TV-MA,40 min,Documentaries,1,0
s3337,TV Show,Haikyu!!,Japan,2019.0,2015,TV-14,2 Seasons,Anime Series,0,1
s3338,Movie,Holiday in the Wild,United States,2019.0,2019,TV-PG,86 min,Children & Family Movies,1,0
s3339,Movie,Holly Star,United States,2019.0,2018,PG,92 min,Children & Family Movies,1,0
s3340,TV Show,"Love, Chunibyo & Other Delusions!",Japan,2019.0,2014,TV-PG,2 Seasons,Anime Series,0,1
s3341,TV Show,Maid-Sama!,Japan,2019.0,2010,TV-14,1 Season,Anime Series,0,1
s3342,TV Show,Mobile Suit Gundam: Iron-Blooded Orphans,Japan,2019.0,2016,TV-14,2 Seasons,Anime Series,0,1
s3343,TV Show,Queer Eye: We're in Japan!,United States,2019.0,2019,TV-14,1 Season,International TV Shows,0,1
s3344,Movie,Santa Girl,United States,2019.0,2019,TV-PG,91 min,Children & Family Movies,1,0
s3345,TV Show,The Boulet Brothers Dragula,United States,2019.0,2019,TV-MA,2 Seasons,Reality TV,0,1
s3346,TV Show,The Deep,Canada,2019.0,2019,TV-Y7,3 Seasons,Kids' TV,0,1
s3348,Movie,The King,United Kingdom,2019.0,2019,R,141 min,Dramas,1,0
s3349,Movie,The Man Without Gravity,Italy,2019.0,2019,TV-MA,107 min,Dramas,1,0
s3350,Movie,The Old Thieves: The Legend of Artegios,Mexico,2019.0,2007,TV-MA,97 min,Documentaries,1,0
s3351,Movie,True: Grabbleapple Harvest,Canada,2019.0,2019,TV-Y,24 min,Children & Family Movies,1,0
s3352,TV Show,Vientos de agua,Argentina,2019.0,2006,TV-MA,1 Season,International TV Shows,0,1
s3353,TV Show,We Are the Wave,Germany,2019.0,2019,TV-MA,1 Season,International TV Shows,0,1
s3354,Movie,Zoé: Panoramas,Mexico,2019.0,2016,TV-MA,89 min,Documentaries,1,0
s3355,Movie,Grego Rossello: Disculpe las molestias,Argentina,2019.0,2019,TV-MA,65 min,Stand-Up Comedy,1,0
s3356,TV Show,KENGAN ASHURA,United States,2019.0,2019,TV-MA,2 Seasons,Anime Series,0,1
s3357,TV Show,Nowhere Man,Taiwan,2019.0,2019,TV-MA,1 Season,Crime TV Shows,0,1
s3359,TV Show,"Bring It On, Ghost",South Korea,2019.0,2016,TV-14,1 Season,International TV Shows,0,1
s3360,Movie,Mehandi Circus,India,2019.0,2019,TV-MA,126 min,Dramas,1,0
s3361,TV Show,Tomorrow with You,South Korea,2019.0,2017,TV-14,1 Season,International TV Shows,0,1
s3363,Movie,Arsenio Hall: Smart & Classy,United States,2019.0,2019,TV-MA,63 min,Stand-Up Comedy,1,0
s3364,TV Show,Shine On with Reese,United States,2019.0,2018,TV-MA,1 Season,Docuseries,0,1
s3365,Movie,The Road to El Camino: Behind the Scenes of El Camino: A Breaking Bad Movie,United States,2019.0,2019,TV-14,14 min,Documentaries,1,0
s3366,Movie,A 3 Minute Hug,Mexico,2019.0,2019,TV-PG,28 min,Documentaries,1,0
s3367,Movie,Little Miss Sumo,United Kingdom,2019.0,2018,TV-G,20 min,Documentaries,1,0
s3368,TV Show,"Wait, My Youth",China,2019.0,2019,TV-PG,1 Season,International TV Shows,0,1
s3369,TV Show,A Little Thing Called First Love,China,2019.0,2019,TV-G,1 Season,International TV Shows,0,1
s3370,TV Show,BoJack Horseman,United States,2019.0,2020,TV-MA,6 Seasons,TV Comedies,0,1
s3371,TV Show,Brotherhood,Brazil,2019.0,2019,TV-MA,1 Season,Crime TV Shows,0,1
s3372,Movie,Consequences,Turkey,2019.0,2014,TV-MA,106 min,Dramas,1,0
s3373,Movie,Dolemite Is My Name,United States,2019.0,2019,R,118 min,Comedies,1,0
s3374,TV Show,Drug Squad: Costa del Sol,Spain,2019.0,2019,TV-MA,1 Season,Crime TV Shows,0,1
s3375,Movie,It Takes a Lunatic,United States,2019.0,2019,TV-MA,127 min,Documentaries,1,0
s3376,TV Show,Monzón: A Knockout Blow,Argentina,2019.0,2018,TV-MA,1 Season,Crime TV Shows,0,1
s3378,TV Show,Nailed It! France,France,2019.0,2019,TV-14,1 Season,International TV Shows,0,1
s3379,TV Show,Nailed It! Spain,Spain,2019.0,2019,TV-PG,1 Season,International TV Shows,0,1
s3380,Movie,Rattlesnake,United States,2019.0,2019,TV-MA,86 min,Horror Movies,1,0
s3381,Movie,The Awakening of Motti Wolkenbruch,Switzerland,2019.0,2018,TV-MA,94 min,Comedies,1,0
s3382,TV Show,The Untamed,China,2019.0,2019,TV-14,1 Season,International TV Shows,0,1
s3383,TV Show,Daybreak,United States,2019.0,2019,TV-MA,1 Season,TV Action & Adventure,0,1
s3384,Movie,Echo in the Canyon,United States,2019.0,2019,PG-13,82 min,Documentaries,1,0
s3385,Movie,Revenge of the Pontianak,Singapore,2019.0,2019,TV-14,92 min,Horror Movies,1,0
s3386,TV Show,"Breakfast, Lunch & Dinner",United States,2019.0,2019,TV-MA,1 Season,Docuseries,0,1
s3387,Movie,Dancing with the Birds,United States,2019.0,2019,TV-PG,52 min,Documentaries,1,0
s3388,Movie,Master Z: The Ip Man Legacy,Hong Kong,2019.0,2018,TV-14,108 min,Action & Adventure,1,0
s3389,Movie,Jenny Slate: Stage Fright,United States,2019.0,2019,TV-MA,67 min,Documentaries,1,0
s3390,Movie,Free Fire,United Kingdom,2019.0,2016,R,91 min,Action & Adventure,1,0
s3392,Movie,The Command,France,2019.0,2018,PG-13,118 min,Dramas,1,0
s3393,Movie,10 Days in Sun City,South Africa,2019.0,2017,TV-14,87 min,Comedies,1,0
s3399,Movie,Eli,United States,2019.0,2019,TV-MA,98 min,Horror Movies,1,0
s3401,TV Show,Interior Design Masters,United Kingdom,2019.0,2019,TV-PG,1 Season,British TV Shows,0,1
s3402,TV Show,Little Baby Bum: Nursery Rhyme Friends,United Kingdom,2019.0,2019,TV-Y,2 Seasons,British TV Shows,0,1
s3403,Movie,"Love, Surreal and Odd",Turkey,2019.0,2017,TV-14,95 min,Comedies,1,0
s3404,TV Show,Mighty Little Bheem: Diwali,India,2019.0,2019,TV-Y,1 Season,Kids' TV,0,1
s3406,Movie,Seventeen,Spain,2019.0,2019,TV-MA,100 min,Comedies,1,0
s3407,TV Show,Spirit Riding Free: Pony Tales,United States,2019.0,2019,TV-Y7,2 Seasons,Kids' TV,0,1
s3408,Movie,Tatu,Nigeria,2019.0,2017,TV-MA,101 min,Action & Adventure,1,0
s3409,Movie,Tell Me Who I Am,United Kingdom,2019.0,2019,TV-MA,86 min,Documentaries,1,0
s3410,Movie,The Laundromat,United States,2019.0,2019,R,96 min,Comedies,1,0
s3411,TV Show,Toon,Netherlands,2019.0,2017,TV-MA,2 Seasons,International TV Shows,0,1
s3412,Movie,Up North,Nigeria,2019.0,2018,TV-14,99 min,Dramas,1,0
s3413,Movie,Upstarts,India,2019.0,2019,TV-14,112 min,Comedies,1,0
s3414,Movie,Verses of Love 2,Indonesia,2019.0,2017,TV-14,127 min,Dramas,1,0
s3415,TV Show,Chosen,China,2019.0,2019,TV-14,2 Seasons,Crime TV Shows,0,1
s3416,TV Show,THE UNLISTED,Australia,2019.0,2019,TV-PG,1 Season,Kids' TV,0,1
s3417,TV Show,Another Miss Oh,South Korea,2019.0,2016,TV-MA,1 Season,International TV Shows,0,1
s3418,Movie,Ghosts of Sugar Land,United States,2019.0,2019,TV-MA,22 min,Documentaries,1,0
s3419,Movie,League of Legends Origins,United States,2019.0,2019,TV-MA,78 min,Documentaries,1,0
s3420,Movie,Park Na-rae: Glamour Warning,South Korea,2019.0,2019,TV-MA,63 min,Stand-Up Comedy,1,0
s3421,TV Show,Second 20s,South Korea,2019.0,2015,TV-14,1 Season,International TV Shows,0,1
s3422,Movie,Sinister 2,United States,2019.0,2015,R,97 min,Horror Movies,1,0
s3423,Movie,The Game Changers,United States,2019.0,2018,TV-MA,86 min,Documentaries,1,0
s3424,TV Show,Black Money Love,Turkey,2019.0,2014,TV-MA,1 Season,Crime TV Shows,0,1
s3425,Movie,"Martin Matte: La vie, la mort...eh la la..!",Canada,2019.0,2019,TV-14,62 min,Stand-Up Comedy,1,0
s3426,Movie,Street Flow,France,2019.0,2019,TV-MA,96 min,Dramas,1,0
s3427,TV Show,The Lies Within,South Korea,2019.0,2019,TV-14,1 Season,Crime TV Shows,0,1
s3428,Movie,Bygones Be Bygones,Turkey,2019.0,2017,TV-MA,104 min,Comedies,1,0
s3429,Movie,El Camino: A Breaking Bad Movie,United States,2019.0,2019,TV-MA,123 min,Dramas,1,0
s3430,Movie,Fractured,United States,2019.0,2019,TV-MA,100 min,Thrillers,1,0
s3431,TV Show,Insatiable,United States,2019.0,2019,TV-MA,2 Seasons,TV Comedies,0,1
s3432,Movie,The Bling Lagosians,Nigeria,2019.0,2019,TV-14,99 min,Dramas,1,0
s3433,Movie,The Forest of Love,Japan,2019.0,2019,TV-MA,151 min,Dramas,1,0
s3434,TV Show,The Hook Up Plan,France,2019.0,2020,TV-MA,2 Seasons,International TV Shows,0,1
s3435,Movie,The Influence,Spain,2019.0,2019,TV-MA,102 min,Horror Movies,1,0
s3438,TV Show,Ultramarine Magmell,Japan,2019.0,2019,TV-14,1 Season,Anime Series,0,1
s3439,Movie,After,United States,2019.0,2019,PG-13,106 min,Dramas,1,0
s3440,Movie,Home Is Where the Killer Is,United States,2019.0,2019,TV-14,87 min,Dramas,1,0
s3441,TV Show,Rhythm + Flow,United States,2019.0,2019,TV-MA,1 Season,Reality TV,0,1
s3442,Movie,Deon Cole: Cole Hearted,United States,2019.0,2019,TV-MA,70 min,Stand-Up Comedy,1,0
s3443,Movie,The Spooky Tale of Captain Underpants Hack-a-ween,United States,2019.0,2019,TV-Y7,46 min,Children & Family Movies,1,0
s3444,Movie,Love for Sale,Indonesia,2019.0,2018,TV-14,101 min,Dramas,1,0
s3445,TV Show,Legend Quest: Masters of Myth,Mexico,2019.0,2019,TV-Y7,1 Season,Kids' TV,0,1
s3446,TV Show,My Country: The New Age,South Korea,2019.0,2019,TV-14,1 Season,International TV Shows,0,1
s3447,Movie,Noblemen,India,2019.0,2019,TV-MA,109 min,Dramas,1,0
s3448,Movie,A Plastic Ocean,United Kingdom,2019.0,2016,TV-14,100 min,Documentaries,1,0
s3449,Movie,Brother in Love,Turkey,2019.0,2019,TV-MA,110 min,Comedies,1,0
s3450,TV Show,Creeped Out,United Kingdom,2019.0,2019,TV-PG,2 Seasons,British TV Shows,0,1
s3451,Movie,In the Tall Grass,Canada,2019.0,2019,TV-MA,102 min,Horror Movies,1,0
s3452,Movie,Kids on the Block,Turkey,2019.0,2019,TV-PG,102 min,Children & Family Movies,1,0
s3453,TV Show,Peaky Blinders,United Kingdom,2019.0,2019,TV-MA,5 Seasons,British TV Shows,0,1
s3454,TV Show,Raising Dion,United States,2019.0,2019,TV-PG,1 Season,Kids' TV,0,1
s3455,TV Show,Rotten,United States,2019.0,2019,TV-MA,2 Seasons,Docuseries,0,1
s3457,Movie,Super Monsters: Vida's First Halloween,United States,2019.0,2019,TV-Y,24 min,Children & Family Movies,1,0
s3458,TV Show,Seis Manos,United States,2019.0,2019,TV-MA,1 Season,Anime Series,0,1
s3459,TV Show,Living Undocumented,United States,2019.0,2019,TV-MA,1 Season,Docuseries,0,1
s3460,Movie,Ready to Mingle,Mexico,2019.0,2019,TV-MA,98 min,Comedies,1,0
s3461,Movie,Salam - The First ****** Nobel Laureate,United States,2019.0,2018,TV-PG,76 min,Documentaries,1,0
s3462,TV Show,Cheese in the Trap,South Korea,2019.0,2016,TV-14,1 Season,International TV Shows,0,1
s3463,TV Show,Chicago Typewriter,South Korea,2019.0,2017,TV-14,1 Season,International TV Shows,0,1
s3464,TV Show,College Romance,India,2019.0,2018,TV-MA,1 Season,International TV Shows,0,1
s3465,TV Show,Engineering Girls,India,2019.0,2018,TV-MA,1 Season,International TV Shows,0,1
s3466,Movie,First Kiss,Netherlands,2019.0,2018,TV-14,90 min,Dramas,1,0
s3467,TV Show,Girls Hostel,India,2019.0,2018,TV-MA,1 Season,International TV Shows,0,1
s3468,TV Show,Inmates,India,2019.0,2017,TV-MA,1 Season,International TV Shows,0,1
s3469,Movie,Limitless,India,2019.0,2017,TV-PG,59 min,Documentaries,1,0
s3471,TV Show,Miniforce X,South Korea,2019.0,2018,TV-Y7,1 Season,Kids' TV,0,1
s3472,Movie,Nikki Glaser: Bangin’,United States,2019.0,2019,TV-MA,64 min,Stand-Up Comedy,1,0
s3473,Movie,Rugrats in Paris: The Movie,Germany,2019.0,2000,G,79 min,Children & Family Movies,1,0
s3474,TV Show,The K2,South Korea,2019.0,2016,TV-14,1 Season,International TV Shows,0,1
s3475,TV Show,The Liar and His Lover,South Korea,2019.0,2017,TV-PG,1 Season,International TV Shows,0,1
s3476,Movie,The Rugrats Movie,United States,2019.0,1998,G,81 min,Children & Family Movies,1,0
s3477,Movie,The Squid and the Whale,United States,2019.0,2005,R,81 min,Comedies,1,0
s3478,TV Show,Gotham,United States,2019.0,2019,TV-MA,5 Seasons,Crime TV Shows,0,1
s3479,Movie,Mo Gilligan: Momentum,United Kingdom,2019.0,2019,TV-MA,64 min,Stand-Up Comedy,1,0
s3481,Movie,TUNA GIRL,Japan,2019.0,2019,TV-PG,90 min,Dramas,1,0
s3482,TV Show,Bard of Blood,India,2019.0,2019,TV-MA,1 Season,International TV Shows,0,1
s3483,Movie,Deliha 2,Turkey,2019.0,2018,TV-PG,102 min,Comedies,1,0
s3484,TV Show,El Marginal,Argentina,2019.0,2019,TV-MA,3 Seasons,Crime TV Shows,0,1
s3485,Movie,In the Shadow of the Moon,United States,2019.0,2019,TV-MA,116 min,Dramas,1,0
s3486,Movie,Sturgill Simpson Presents Sound & Fury,United States,2019.0,2019,TV-MA,42 min,Anime Features,1,0
s3487,Movie,Malaal,India,2019.0,2019,TV-14,133 min,Dramas,1,0
s3488,Movie,The Grandmaster,Hong Kong,2019.0,2013,PG-13,108 min,Action & Adventure,1,0
s3489,TV Show,The Inmate,Mexico,2019.0,2018,TV-MA,1 Season,Crime TV Shows,0,1
s3490,TV Show,Abstract: The Art of Design,United States,2019.0,2019,TV-14,2 Seasons,Docuseries,0,1
s3491,Movie,Birders,United States,2019.0,2019,TV-G,38 min,Documentaries,1,0
s3492,TV Show,Glitch,Australia,2019.0,2019,TV-MA,3 Seasons,International TV Shows,0,1
s3495,Movie,Inside Man: Most Wanted,United States,2019.0,2019,R,106 min,Action & Adventure,1,0
s3496,Movie,Jeff Dunham: Beside Himself,United States,2019.0,2019,TV-MA,58 min,Stand-Up Comedy,1,0
s3497,Movie,Manmadhudu 2,India,2019.0,2019,TV-MA,152 min,Comedies,1,0
s3498,Movie,Under the Eiffel Tower,United States,2019.0,2018,TV-MA,87 min,Comedies,1,0
s3499,Movie,Do Paise Ki Dhoop Chaar Aane Ki Baarish,India,2019.0,2009,TV-MA,121 min,Dramas,1,0
s3500,TV Show,Vagabond,South Korea,2019.0,2019,TV-MA,1 Season,International TV Shows,0,1
s3501,Movie,Between Two Ferns: The Movie,United States,2019.0,2019,TV-MA,83 min,Comedies,1,0
s3503,TV Show,Criminal: Germany,Germany,2019.0,2019,TV-MA,1 Season,British TV Shows,0,1
s3504,TV Show,Criminal: Spain,Spain,2019.0,2019,TV-MA,1 Season,British TV Shows,0,1
s3505,TV Show,Fastest Car,United States,2019.0,2019,TV-MA,2 Seasons,Reality TV,0,1
s3506,TV Show,Inside Bill's Brain: Decoding Bill Gates,United States,2019.0,2019,TV-14,1 Season,Docuseries,0,1
s3507,TV Show,The Hockey Girls,Spain,2019.0,2019,TV-MA,1 Season,International TV Shows,0,1
s3508,Movie,Travel Mates 2,Turkey,2019.0,2018,TV-MA,111 min,Comedies,1,0
s3509,Movie,True: Tricky Treat Day,Canada,2019.0,2019,TV-Y,24 min,Children & Family Movies,1,0
s3510,Movie,Kabir Singh,India,2019.0,2019,TV-MA,171 min,Dramas,1,0
s3511,TV Show,When the Camellia Blooms,South Korea,2019.0,2019,TV-14,1 Season,International TV Shows,0,1
s3512,Movie,Avengement,United Kingdom,2019.0,2019,TV-MA,88 min,Action & Adventure,1,0
s3513,Movie,Sebastian Maniscalco: What's Wrong with People?,United States,2019.0,2012,TV-MA,76 min,Stand-Up Comedy,1,0
s3514,Movie,Los Tigres del Norte at Folsom Prison,United States,2019.0,2019,TV-PG,64 min,Documentaries,1,0
s3515,Movie,Steal a Pencil for Me,United States,2019.0,2006,TV-14,94 min,Documentaries,1,0
s3516,TV Show,Surviving R. Kelly,United States,2019.0,2019,TV-MA,1 Season,Crime TV Shows,0,1
s3517,Movie,Oh! Baby,India,2019.0,2019,TV-14,157 min,Comedies,1,0
s3518,Movie,The Crystal Calls Making the Dark Crystal: Age of Resistance,United States,2019.0,2019,TV-PG,83 min,Documentaries,1,0
s3519,Movie,"Hello, Privilege. It's Me, Chelsea",United States,2019.0,2019,TV-MA,65 min,Documentaries,1,0
s3520,TV Show,Kabaneri of the Iron Fortress: The Battle of Unato,Japan,2019.0,2019,TV-MA,1 Season,Anime Series,0,1
s3521,Movie,Locked on You,Turkey,2019.0,2018,TV-14,105 min,Comedies,1,0
s3522,TV Show,Marianne,France,2019.0,2019,TV-MA,1 Season,International TV Shows,0,1
s3523,Movie,Shanghai Fortress,China,2019.0,2019,TV-14,107 min,Dramas,1,0
s3524,Movie,Tall Girl,United States,2019.0,2019,TV-PG,103 min,Children & Family Movies,1,0
s3526,TV Show,Unbelievable,United States,2019.0,2019,TV-MA,1 Season,Crime TV Shows,0,1
s3527,TV Show,The I-Land,United States,2019.0,2019,TV-MA,1 Season,TV Action & Adventure,0,1
s3528,TV Show,"The Mind, Explained",United States,2019.0,2019,TV-14,1 Season,Docuseries,0,1
s3529,Movie,Bill Burr: Paper Tiger,United States,2019.0,2019,TV-MA,67 min,Stand-Up Comedy,1,0
s3530,Movie,Evelyn,United Kingdom,2019.0,2019,TV-MA,96 min,Documentaries,1,0
s3531,Movie,Article 15,India,2019.0,2019,TV-MA,125 min,Dramas,1,0
s3532,Movie,Care of Kancharapalem,India,2019.0,2018,TV-MA,142 min,Comedies,1,0
s3533,Movie,Ee Nagaraniki Emaindi,India,2019.0,2018,TV-14,133 min,Comedies,1,0
s3534,Movie,Kill Me If You Dare,Turkey,2019.0,2019,TV-14,100 min,Comedies,1,0
s3535,TV Show,The Spy,France,2019.0,2019,TV-MA,1 Season,International TV Shows,0,1
s3536,Movie,American Factory: A Conversation with the Obamas,United States,2019.0,2019,TV-G,10 min,Documentaries,1,0
s3537,Movie,Saawan,Pakistan,2019.0,2016,TV-14,128 min,Dramas,1,0
s3538,Movie,Watchman,India,2019.0,2019,TV-14,93 min,Comedies,1,0
s3539,Movie,Elena,Brazil,2019.0,2012,TV-MA,81 min,Documentaries,1,0
s3541,TV Show,Moving Art,United States,2019.0,2018,TV-G,3 Seasons,Docuseries,0,1
s3542,TV Show,Naruto,Japan,2019.0,2006,TV-14,9 Seasons,Anime Series,0,1
s3543,Movie,Olmo & the Seagull,Denmark,2019.0,2014,TV-MA,82 min,Dramas,1,0
s3544,TV Show,Serial Killer with Piers Morgan,United Kingdom,2019.0,2018,TV-14,1 Season,British TV Shows,0,1
s3545,Movie,Spookley the Square Pumpkin,United States,2019.0,2004,G,47 min,Children & Family Movies,1,0
s3546,Movie,Uncle Naji in UAE,United Arab Emirates,2019.0,2019,TV-14,95 min,Comedies,1,0
s3547,TV Show,Luo Bao Bei,China,2019.0,2018,TV-Y,1 Season,British TV Shows,0,1
s3549,Movie,Feo pero sabroso,Colombia,2019.0,2018,TV-MA,91 min,Comedies,1,0
s3550,Movie,Mi amigo Alexis,Chile,2019.0,2019,TV-PG,102 min,Children & Family Movies,1,0
s3552,TV Show,The Dark Crystal: Age of Resistance,United Kingdom,2019.0,2019,TV-PG,1 Season,TV Action & Adventure,0,1
s3553,TV Show,The Good Bandit,Colombia,2019.0,2018,TV-MA,1 Season,Crime TV Shows,0,1
s3554,TV Show,True and the Rainbow Kingdom,United States,2019.0,2019,TV-Y,3 Seasons,Kids' TV,0,1
s3555,Movie,Unbridled,Spain,2019.0,2018,TV-MA,100 min,International Movies,1,0
s3556,Movie,Falling Inn Love,United States,2019.0,2019,TV-PG,98 min,Comedies,1,0
s3557,Movie,Kardec,Brazil,2019.0,2019,TV-14,110 min,Dramas,1,0
s3558,Movie,Travis Scott: Look Mom I Can Fly,United States,2019.0,2019,TV-MA,85 min,Documentaries,1,0
s3559,TV Show,Million Pound Menu,United Kingdom,2019.0,2019,TV-MA,2 Seasons,British TV Shows,0,1
s3560,Movie,Dave Chappelle: Sticks & Stones,United States,2019.0,2019,TV-MA,66 min,Stand-Up Comedy,1,0
s3561,Movie,Drink Drank Drunk,Hong Kong,2019.0,2016,TV-MA,92 min,Comedies,1,0
s3562,TV Show,13 Reasons Why: Beyond the Reasons,United States,2019.0,2019,TV-MA,3 Seasons,Crime TV Shows,0,1
s3564,Movie,Kaake Da Viyah,India,2019.0,2019,TV-PG,133 min,Comedies,1,0
s3565,Movie,Marriage Palace,India,2019.0,2018,TV-14,135 min,Comedies,1,0
s3566,Movie,Mayday Life,China,2019.0,2019,TV-PG,120 min,International Movies,1,0
s3567,Movie,Saavat,India,2019.0,2019,TV-14,118 min,Dramas,1,0
s3568,Movie,American Factory,United States,2019.0,2019,TV-14,110 min,Documentaries,1,0
s3570,Movie,Game Over (Tamil Version),India,2019.0,2019,TV-MA,98 min,Horror Movies,1,0
s3572,TV Show,Hyperdrive,United States,2019.0,2019,TV-PG,1 Season,Reality TV,0,1
s3573,Movie,The Girl Allergic to Wi-Fi,Philippines,2019.0,2018,TV-MA,104 min,International Movies,1,0
s3574,Movie,Our Planet - Behind The Scenes,United Kingdom,2019.0,2019,TV-G,63 min,Documentaries,1,0
s3575,Movie,Simon Amstell: Set Free,United Kingdom,2019.0,2019,TV-MA,52 min,Stand-Up Comedy,1,0
s3576,TV Show,45 rpm,Spain,2019.0,2019,TV-MA,1 Season,International TV Shows,0,1
s3577,TV Show,Apache: The Life of Carlos Tevez,Argentina,2019.0,2019,TV-MA,1 Season,Crime TV Shows,0,1
s3578,TV Show,Better Than Us,Russia,2019.0,2019,TV-MA,1 Season,Crime TV Shows,0,1
s3579,TV Show,Diagnosis,United States,2019.0,2019,TV-14,1 Season,Docuseries,0,1
s3580,TV Show,Green Frontier,Colombia,2019.0,2019,TV-MA,1 Season,Crime TV Shows,0,1
s3581,Movie,Invader Zim: Enter the Florpus,South Korea,2019.0,2019,TV-Y7,72 min,Children & Family Movies,1,0
s3582,TV Show,MINDHUNTER,United States,2019.0,2019,TV-MA,2 Seasons,Crime TV Shows,0,1
s3583,Movie,Selfless,United States,2019.0,2015,PG-13,117 min,Sci-Fi & Fantasy,1,0
s3584,Movie,Sextuplets,United States,2019.0,2019,TV-14,100 min,Comedies,1,0
s3585,Movie,Super Monsters Back to School,Canada,2019.0,2019,TV-Y,24 min,Children & Family Movies,1,0
s3586,TV Show,The King's Avatar,China,2019.0,2019,TV-MA,1 Season,International TV Shows,0,1
s3587,Movie,The Little Switzerland,Spain,2019.0,2019,TV-MA,86 min,Comedies,1,0
s3588,TV Show,Victim Number 8,Spain,2019.0,2018,TV-MA,1 Season,International TV Shows,0,1
s3589,TV Show,Cannon Busters,United States,2019.0,2019,TV-MA,1 Season,Anime Series,0,1
s3590,TV Show,Sacred Games,India,2019.0,2019,TV-MA,2 Seasons,Crime TV Shows,0,1
s3591,TV Show,Til Death Do Us Part,Taiwan,2019.0,2019,TV-MA,1 Season,International TV Shows,0,1
s3592,Movie,Whindersson Nunes: Adult,Brazil,2019.0,2019,TV-MA,69 min,Stand-Up Comedy,1,0
s3594,Movie,Uyare,India,2019.0,2019,TV-14,119 min,Dramas,1,0
s3595,Movie,90 ML,India,2019.0,2019,TV-MA,123 min,Comedies,1,0
s3596,Movie,Calum von Moger: Unbroken,United States,2019.0,2019,TV-MA,93 min,Documentaries,1,0
s3597,Movie,Hasta los dientes,Mexico,2019.0,2018,TV-MA,109 min,Documentaries,1,0
s3598,TV Show,Knightfall,United States,2019.0,2019,TV-MA,2 Seasons,TV Dramas,0,1
s3599,TV Show,DC Super Hero Girls,United States,2019.0,2019,TV-Y7,1 Season,Kids' TV,0,1
s3601,TV Show,GLOW,United States,2019.0,2019,TV-MA,3 Seasons,TV Comedies,0,1
s3602,TV Show,IZombie,United States,2019.0,2019,TV-MA,5 Seasons,TV Comedies,0,1
s3603,Movie,Jaoon Kahan Bata Ae Dil,India,2019.0,2018,TV-MA,107 min,Dramas,1,0
s3604,Movie,Rocko's Modern Life: Static Cling,United States,2019.0,2019,TV-Y7,46 min,Children & Family Movies,1,0
s3605,TV Show,Sintonia,Brazil,2019.0,2019,TV-MA,1 Season,Crime TV Shows,0,1
s3606,TV Show,The Family,United States,2019.0,2019,TV-14,1 Season,Docuseries,0,1
s3607,TV Show,Bad Guys,South Korea,2019.0,2014,TV-MA,1 Season,Crime TV Shows,0,1
s3608,TV Show,Dollar,Lebanon,2019.0,2019,TV-MA,1 Season,International TV Shows,0,1
s3609,TV Show,Jane The Virgin,United States,2019.0,2019,TV-14,5 Seasons,Romantic TV Shows,0,1
s3610,TV Show,Let's Eat 2,Malaysia,2019.0,2015,TV-MA,1 Season,International TV Shows,0,1
s3611,TV Show,Let’s Eat,South Korea,2019.0,2013,TV-PG,1 Season,International TV Shows,0,1
s3612,TV Show,Misaeng,South Korea,2019.0,2014,TV-MA,1 Season,International TV Shows,0,1
s3613,TV Show,Oh My Ghost,South Korea,2019.0,2015,TV-MA,1 Season,International TV Shows,0,1
s3614,TV Show,Reply 1994,South Korea,2019.0,2014,TV-MA,1 Season,International TV Shows,0,1
s3615,TV Show,Reply 1997,South Korea,2019.0,2012,TV-MA,1 Season,International TV Shows,0,1
s3616,TV Show,Wu Assassins,United States,2019.0,2019,TV-MA,1 Season,TV Action & Adventure,0,1
s3617,Movie,Badla,India,2019.0,2019,TV-14,117 min,International Movies,1,0
s3618,Movie,Theo Von: No Offense,United States,2019.0,2016,TV-MA,67 min,Stand-Up Comedy,1,0
s3619,Movie,Crazy Beautiful You,Philippines,2019.0,2015,TV-14,114 min,Comedies,1,0
s3620,Movie,I'm Brent Morin,United States,2019.0,2015,TV-MA,67 min,Stand-Up Comedy,1,0
s3621,Movie,Jim Jefferies : BARE,United States,2019.0,2014,TV-MA,77 min,Stand-Up Comedy,1,0
s3622,Movie,Screwball,United States,2019.0,2018,TV-MA,105 min,Documentaries,1,0
s3623,Movie,Sebastian Maniscalco: Why Would You Do That,United States,2019.0,2016,TV-MA,63 min,Stand-Up Comedy,1,0
s3624,Movie,Enter the Anime,United States,2019.0,2019,TV-MA,59 min,Documentaries,1,0
s3625,TV Show,No Good Nick,United States,2019.0,2019,TV-PG,2 Seasons,Kids' TV,0,1
s3626,Movie,No One Will Ever Know,Mexico,2019.0,2017,TV-MA,102 min,Dramas,1,0
s3627,Movie,Misfit,Netherlands,2019.0,2017,TV-14,81 min,Children & Family Movies,1,0
s3628,TV Show,Basketball or Nothing,United States,2019.0,2019,TV-PG,1 Season,Docuseries,0,1
s3630,Movie,Otherhood,United Kingdom,2019.0,2019,R,101 min,Comedies,1,0
s3631,Movie,Uriyadi 2,India,2019.0,2019,TV-14,116 min,Dramas,1,0
s3632,Movie,Manu,India,2019.0,2018,TV-14,177 min,Dramas,1,0
s3633,TV Show,Sleepless Society: Nyctophobia,Thailand,2019.0,2019,TV-MA,1 Season,International TV Shows,0,1
s3634,TV Show,The Letdown,Australia,2019.0,2019,TV-MA,2 Seasons,International TV Shows,0,1
s3635,Movie,The Red Sea Diving Resort,Canada,2019.0,2019,TV-MA,130 min,Dramas,1,0
s3637,TV Show,Twelve Forever,United States,2019.0,2019,TV-PG,1 Season,Kids' TV,0,1
s3638,Movie,Boi,Spain,2019.0,2018,TV-MA,111 min,Dramas,1,0
s3639,Movie,Eerie,Philippines,2019.0,2019,TV-14,100 min,Horror Movies,1,0
s3640,Movie,Girls With Balls,France,2019.0,2019,TV-MA,77 min,Comedies,1,0
s3641,TV Show,My First First Love,South Korea,2019.0,2019,TV-14,2 Seasons,International TV Shows,0,1
s3642,Movie,The Son,Argentina,2019.0,2019,TV-MA,93 min,Dramas,1,0
s3643,TV Show,Another Life,United States,2019.0,2019,TV-MA,1 Season,British TV Shows,0,1
s3644,Movie,The Great Hack,United States,2019.0,2019,TV-MA,114 min,Documentaries,1,0
s3645,TV Show,Beat Bugs,Australia,2019.0,2018,TV-Y,3 Seasons,Kids' TV,0,1
s3646,Movie,D.L. Hughley: Contrarian,United States,2019.0,2018,TV-MA,58 min,Stand-Up Comedy,1,0
s3647,Movie,Demetri Martin: The Overthinker,United States,2019.0,2018,TV-MA,56 min,Stand-Up Comedy,1,0
s3648,Movie,The Beast Stalker,Hong Kong,2019.0,2008,TV-14,110 min,Action & Adventure,1,0
s3649,Movie,The Midas Touch,Hong Kong,2019.0,2013,TV-14,98 min,Comedies,1,0
s3650,Movie,The Twins Effect II,Hong Kong,2019.0,2004,TV-14,106 min,Action & Adventure,1,0
s3651,Movie,Twins Mission,Hong Kong,2019.0,2007,TV-MA,102 min,Action & Adventure,1,0
s3652,TV Show,Sexy Central,Hong Kong,2019.0,2019,TV-MA,1 Season,International TV Shows,0,1
s3653,Movie,"¡Ay, mi madre!",Spain,2019.0,2019,TV-MA,81 min,Comedies,1,0
s3654,TV Show,Comedians in Cars Getting Coffee,United States,2019.0,2019,TV-14,6 Seasons,Stand-Up Comedy & Talk Shows,0,1
s3655,TV Show,The Epic Tales of Captain Underpants,United States,2019.0,2019,TV-Y7,3 Seasons,Kids' TV,0,1
s3656,TV Show,Typewriter,India,2019.0,2019,TV-MA,1 Season,International TV Shows,0,1
s3657,TV Show,Rookie Historian Goo Hae-Ryung,South Korea,2019.0,2019,TV-14,1 Season,International TV Shows,0,1
s3658,Movie,Secret Obsession,United States,2019.0,2019,TV-14,98 min,Thrillers,1,0
s3659,Movie,Mauli,India,2019.0,2018,TV-14,136 min,Action & Adventure,1,0
s3660,TV Show,Pinky Malinky,United States,2019.0,2019,TV-Y7,3 Seasons,Kids' TV,0,1
s3661,TV Show,Unrequited Love,China,2019.0,2019,TV-14,1 Season,International TV Shows,0,1
s3662,Movie,Bogda,India,2019.0,2018,TV-PG,161 min,Dramas,1,0
s3663,Movie,"Frankenstein’s Monster’s Monster, Frankenstein",United States,2019.0,2019,TV-14,32 min,Comedies,1,0
s3664,TV Show,Angel Beats!,Japan,2019.0,2010,TV-PG,1 Season,Anime Series,0,1
s3665,TV Show,Anohana: The Flower We Saw That Day,Japan,2019.0,2011,TV-14,1 Season,Anime Series,0,1
s3666,TV Show,God Eater,Japan,2019.0,2015,TV-14,1 Season,Anime Series,0,1
s3667,TV Show,GRANBLUE FANTASY the Animation,Japan,2019.0,2017,TV-PG,1 Season,Anime Series,0,1
s3668,TV Show,3Below: Tales of Arcadia,United States,2019.0,2019,TV-Y7,2 Seasons,Kids' TV,0,1
s3669,Movie,4L,Spain,2019.0,2019,TV-MA,105 min,Comedies,1,0
s3670,TV Show,Bonus Family,Sweden,2019.0,2019,TV-MA,3 Seasons,International TV Shows,0,1
s3671,Movie,Cities of Last Things,Taiwan,2019.0,2018,TV-MA,106 min,Dramas,1,0
s3673,Movie,Kidnapping Stella,Germany,2019.0,2019,TV-MA,90 min,Dramas,1,0
s3674,TV Show,One Spring Night,South Korea,2019.0,2019,TV-14,1 Season,International TV Shows,0,1
s3676,Movie,Point Blank,France,2019.0,2019,TV-MA,87 min,Action & Adventure,1,0
s3677,Movie,The Milk System,Germany,2019.0,2017,TV-14,91 min,Documentaries,1,0
s3679,Movie,Parchís: the Documentary,Spain,2019.0,2019,TV-14,106 min,Documentaries,1,0
s3680,Movie,Aziz Ansari: RIGHT NOW,United States,2019.0,2019,TV-MA,65 min,Stand-Up Comedy,1,0
s3681,TV Show,Free Rein,United States,2019.0,2019,TV-G,3 Seasons,British TV Shows,0,1
s3682,Movie,"River, el más grande siempre",Argentina,2019.0,2019,TV-G,105 min,Documentaries,1,0
s3683,TV Show,The Legend of White Snake,China,2019.0,2019,TV-14,1 Season,International TV Shows,0,1
s3684,Movie,Cristina,United States,2019.0,2016,TV-14,40 min,Documentaries,1,0
s3686,TV Show,Stranger Things,United States,2019.0,2019,TV-14,3 Seasons,TV Horror,0,1
s3687,TV Show,The Last Czars,United States,2019.0,2019,TV-MA,1 Season,Docuseries,0,1
s3688,TV Show,Yummy Mummies,Australia,2019.0,2019,TV-MA,2 Seasons,International TV Shows,0,1
s3689,TV Show,Bangkok Love Stories: Objects of Affection,Thailand,2019.0,2019,TV-14,1 Season,International TV Shows,0,1
s3690,TV Show,Bangkok Love Stories: Plead,Thailand,2019.0,2019,TV-14,1 Season,International TV Shows,0,1
s3691,TV Show,Designated Survivor: 60 Days,South Korea,2019.0,2019,TV-14,1 Season,International TV Shows,0,1
s3692,TV Show,DreamWorks Kung Fu Panda Awesome Secrets,United States,2019.0,2008,TV-PG,1 Season,Kids' TV,0,1
s3693,TV Show,Hatchimals | Adventures in Hatchtopia,United States,2019.0,2018,TV-Y,2 Seasons,Kids' TV,0,1
s3694,Movie,Katherine Ryan: Glitter Room,United States,2019.0,2019,TV-MA,66 min,Stand-Up Comedy,1,0
s3695,TV Show,Molang,France,2019.0,2015,TV-Y,1 Season,Kids' TV,0,1
s3696,TV Show,Rabbids Invasion,France,2019.0,2018,TV-Y7,1 Season,Kids' TV,0,1
s3697,TV Show,Record of Grancrest War,Japan,2019.0,2018,TV-MA,1 Season,Anime Series,0,1
s3698,Movie,War Against Women,United States,2019.0,2013,TV-MA,61 min,Documentaries,1,0
s3699,Movie,Inhuman Kiss,Thailand,2019.0,2019,TV-MA,122 min,Horror Movies,1,0
s3700,Movie,Romeo Akbar Walter,India,2019.0,2019,TV-14,141 min,Dramas,1,0
s3701,TV Show,Scare Tactics,United States,2019.0,2011,TV-MA,2 Seasons,Reality TV,0,1
s3702,Movie,Super Deluxe,India,2019.0,2019,TV-MA,176 min,Comedies,1,0
s3703,TV Show,Dope,United States,2019.0,2019,TV-MA,3 Seasons,Crime TV Shows,0,1
s3704,Movie,El testigo,Colombia,2019.0,2018,TV-14,73 min,Documentaries,1,0
s3705,TV Show,Exhibit A,United States,2019.0,2019,TV-MA,1 Season,Crime TV Shows,0,1
s3706,TV Show,Instant Hotel,Australia,2019.0,2019,TV-MA,2 Seasons,International TV Shows,0,1
s3707,Movie,La Leyenda del Diamante,Mexico,2019.0,2017,TV-MA,87 min,Action & Adventure,1,0
s3708,TV Show,Motown Magic,Australia,2019.0,2019,TV-Y,2 Seasons,Kids' TV,0,1
s3709,TV Show,Paquita Salas,Spain,2019.0,2018,TV-MA,3 Seasons,International TV Shows,0,1
s3710,Movie,ANIMA,United Kingdom,2019.0,2019,TV-PG,15 min,Dramas,1,0
s3712,Movie,Daniel Sosa: Maleducado,Mexico,2019.0,2019,TV-MA,55 min,Stand-Up Comedy,1,0
s3713,Movie,Hikaru Utada Laughter in the Dark Tour 2018,Japan,2019.0,2018,TV-PG,141 min,International Movies,1,0
s3714,Movie,Kahaani,India,2019.0,2012,TV-14,122 min,International Movies,1,0
s3715,Movie,Unbroken,India,2019.0,2019,TV-14,109 min,Documentaries,1,0
s3716,Movie,Mike Epps: Only One Mike,United States,2019.0,2019,TV-MA,63 min,Stand-Up Comedy,1,0
s3717,TV Show,Forest of Piano,Japan,2019.0,2019,TV-14,2 Seasons,Anime Series,0,1
s3718,Movie,Triple Threat,Thailand,2019.0,2019,R,96 min,Action & Adventure,1,0
s3719,Movie,Blood Will Tell,Argentina,2019.0,2019,TV-MA,113 min,Dramas,1,0
s3720,TV Show,Bolívar,Colombia,2019.0,2019,TV-MA,1 Season,International TV Shows,0,1
s3721,Movie,EVANGELION: DEATH (TRUE)²,Japan,2019.0,1998,TV-MA,69 min,Action & Adventure,1,0
s3722,TV Show,Girls Incarcerated,United States,2019.0,2019,TV-MA,2 Seasons,Docuseries,0,1
s3723,TV Show,Go! Live Your Way,Argentina,2019.0,2019,TV-PG,2 Seasons,Kids' TV,0,1
s3724,TV Show,Magi: The Labyrinth of Magic,Japan,2019.0,2013,TV-MA,2 Seasons,Anime Series,0,1
s3725,TV Show,Neon Genesis Evangelion,Japan,2019.0,1995,TV-MA,1 Season,Anime Series,0,1
s3726,TV Show,Shooter,United States,2019.0,2018,TV-14,3 Seasons,Crime TV Shows,0,1
s3727,TV Show,The Casketeers,New Zealand,2019.0,2019,TV-14,2 Seasons,International TV Shows,0,1
s3728,TV Show,The Confession Tapes,United States,2019.0,2019,TV-MA,2 Seasons,Crime TV Shows,0,1
s3729,Movie,The End of Evangelion,Japan,2019.0,1997,TV-MA,87 min,Action & Adventure,1,0
s3730,Movie,Rakkhosh,India,2019.0,2019,TV-MA,116 min,Horror Movies,1,0
s3731,Movie,The Wolf's Call,France,2019.0,2019,TV-14,116 min,Dramas,1,0
s3732,Movie,Beats,United States,2019.0,2019,TV-MA,110 min,Dramas,1,0
s3733,Movie,The Edge of Democracy,Brazil,2019.0,2019,TV-14,122 min,Documentaries,1,0
s3734,Movie,Adam Devine: Best Time of Our Lives,United States,2019.0,2019,TV-MA,59 min,Stand-Up Comedy,1,0
s3735,Movie,Cop Car,United States,2019.0,2015,R,88 min,Thrillers,1,0
s3736,Movie,Right Here Right Now,Germany,2019.0,2018,TV-MA,91 min,Comedies,1,0
s3737,TV Show,Fate/Zero,Japan,2019.0,2012,TV-MA,2 Seasons,Anime Series,0,1
s3738,TV Show,Kill la Kill,Japan,2019.0,2014,TV-MA,1 Season,Anime Series,0,1
s3739,Movie,Life Overtakes Me,Sweden,2019.0,2019,TV-PG,40 min,Documentaries,1,0
s3740,Movie,Luckee,India,2019.0,2019,TV-14,113 min,Comedies,1,0
s3741,Movie,Pihu,India,2019.0,2018,TV-14,90 min,Dramas,1,0
s3742,TV Show,Puella Magi Madoka Magica,Japan,2019.0,2011,TV-14,1 Season,Anime Series,0,1
s3743,TV Show,Somewhere Only We Know,China,2019.0,2019,TV-MA,1 Season,International TV Shows,0,1
s3744,TV Show,The Alcàsser Murders,Spain,2019.0,2019,TV-MA,1 Season,Crime TV Shows,0,1
s3745,TV Show,Unit 42,Belgium,2019.0,2017,TV-MA,1 Season,Crime TV Shows,0,1
s3746,TV Show,Awake: The Million Dollar Game,United States,2019.0,2019,TV-PG,1 Season,Reality TV,0,1
s3747,TV Show,Black Spot,France,2019.0,2019,TV-MA,2 Seasons,Crime TV Shows,0,1
s3748,Movie,DJ Cinderella,Brazil,2019.0,2019,TV-PG,95 min,Children & Family Movies,1,0
s3750,TV Show,Girlfriends' Guide to Divorce,United States,2019.0,2019,TV-MA,5 Seasons,TV Comedies,0,1
s3751,TV Show,Leila,India,2019.0,2019,TV-MA,1 Season,British TV Shows,0,1
s3752,TV Show,Marlon,United States,2019.0,2018,TV-14,2 Seasons,TV Comedies,0,1
s3753,TV Show,Marvel's Jessica Jones,United States,2019.0,2019,TV-MA,3 Seasons,Crime TV Shows,0,1
s3754,Movie,Murder Mystery,United States,2019.0,2019,PG-13,98 min,Comedies,1,0
s3755,TV Show,Yankee,Mexico,2019.0,2019,TV-MA,1 Season,Crime TV Shows,0,1
s3756,TV Show,Jinn,Jordan,2019.0,2019,TV-MA,1 Season,International TV Shows,0,1
s3757,Movie,Oprah Presents When They See Us Now,United States,2019.0,2019,TV-PG,61 min,Documentaries,1,0
s3758,Movie,The 3rd Eye 2,Indonesia,2019.0,2019,TV-MA,117 min,Horror Movies,1,0
s3759,Movie,Jo Koy: Comin' In Hot,United States,2019.0,2019,TV-MA,60 min,Stand-Up Comedy,1,0
s3760,Movie,Rolling Thunder Revue: A Bob Dylan Story by Martin Scorsese,United States,2019.0,2019,TV-MA,142 min,Documentaries,1,0
s3761,TV Show,Upin & Ipin,Malaysia,2019.0,2011,TV-Y,1 Season,Kids' TV,0,1
s3762,Movie,Belmonte,Uruguay,2019.0,2018,TV-MA,74 min,Dramas,1,0
s3763,TV Show,Designated Survivor,United States,2019.0,2019,TV-MA,3 Seasons,Crime TV Shows,0,1
s3764,Movie,Elisa & Marcela,Spain,2019.0,2019,TV-MA,119 min,Dramas,1,0
s3765,Movie,I Am Mother,Australia,2019.0,2019,TV-PG,114 min,International Movies,1,0
s3766,Movie,Luka Chuppi,India,2019.0,2019,TV-PG,125 min,Comedies,1,0
s3767,Movie,Pachamama,France,2019.0,2019,PG,71 min,Children & Family Movies,1,0
s3768,Movie,Rock My Heart,Germany,2019.0,2019,TV-PG,110 min,Children & Family Movies,1,0
s3769,Movie,Stree,India,2019.0,2018,TV-MA,127 min,Comedies,1,0
s3770,TV Show,Super Monsters Monster Pets,United States,2019.0,2019,TV-Y,1 Season,Kids' TV,0,1
s3771,TV Show,Tales of the City,United States,2019.0,2019,TV-MA,1 Season,TV Dramas,0,1
s3772,Movie,The Black Godfather,United States,2019.0,2019,TV-MA,118 min,Documentaries,1,0
s3773,Movie,Alles ist gut,Germany,2019.0,2019,TV-MA,90 min,Dramas,1,0
s3774,Movie,A Silent Voice,Japan,2019.0,2016,TV-14,130 min,Anime Features,1,0
s3775,TV Show,Black Mirror,United Kingdom,2019.0,2019,TV-MA,5 Seasons,British TV Shows,0,1
s3776,Movie,Cosmos Laundromat: First Cycle,Netherlands,2019.0,2015,TV-MA,12 min,Dramas,1,0
s3777,Movie,Miranda Sings Live…Your Welcome,United States,2019.0,2019,TV-14,62 min,Stand-Up Comedy,1,0
s3778,Movie,Silent,United States,2019.0,2014,TV-Y,3 min,Children & Family Movies,1,0
s3779,TV Show,Documentary Now!,United States,2019.0,2019,TV-14,3 Seasons,TV Comedies,0,1
s3780,TV Show,Malibu Rescue: The Series,United States,2019.0,2019,TV-G,1 Season,Kids' TV,0,1
s3781,TV Show,Arthdal Chronicles,South Korea,2019.0,2019,TV-MA,1 Season,International TV Shows,0,1
s3782,Movie,Krutant,India,2019.0,2019,TV-14,114 min,Dramas,1,0
s3783,TV Show,A Thousand Goodnights,Taiwan,2019.0,2019,TV-14,1 Season,International TV Shows,0,1
s3784,Movie,III Smoking Barrels,India,2019.0,2017,TV-MA,128 min,Dramas,1,0
s3785,TV Show,March Comes in Like a Lion,Japan,2019.0,2017,TV-14,2 Seasons,Anime Series,0,1
s3786,Movie,"Oh, Ramona!",Romania,2019.0,2019,TV-MA,109 min,Comedies,1,0
s3787,Movie,We Are Legends,Hong Kong,2019.0,2019,TV-14,109 min,Action & Adventure,1,0
s3788,TV Show,Bad Blood,Canada,2019.0,2019,TV-MA,2 Seasons,Crime TV Shows,0,1
s3789,Movie,Chopsticks,India,2019.0,2019,TV-MA,101 min,Comedies,1,0
s3791,Movie,Mere Pyare Prime Minister,India,2019.0,2019,TV-MA,103 min,Dramas,1,0
s3792,Movie,Pegasus,China,2019.0,2019,TV-MA,98 min,Comedies,1,0
s3793,TV Show,When They See Us,United States,2019.0,2019,TV-MA,1 Season,Crime TV Shows,0,1
s3794,Movie,Svaha: The Sixth Finger,South Korea,2019.0,2019,TV-MA,123 min,International Movies,1,0
s3795,TV Show,Historical Roasts,United States,2019.0,2019,TV-MA,1 Season,Stand-Up Comedy & Talk Shows,0,1
s3796,Movie,After Maria,United States,2019.0,2019,TV-PG,38 min,Documentaries,1,0
s3798,Movie,Joy,Austria,2019.0,2019,TV-MA,101 min,Dramas,1,0
s3799,Movie,Rim of the World,United States,2019.0,2019,TV-14,99 min,Action & Adventure,1,0
s3800,TV Show,She's Gotta Have It,United States,2019.0,2018,TV-MA,2 Seasons,Romantic TV Shows,0,1
s3801,Movie,The Perfection,United States,2019.0,2019,TV-MA,91 min,Horror Movies,1,0
s3802,TV Show,WHAT / IF,United States,2019.0,2019,TV-MA,1 Season,TV Dramas,0,1
s3804,Movie,A Tale of Two Kitchens,United States,2019.0,2019,TV-PG,30 min,Documentaries,1,0
s3805,Movie,The Man Who Feels No Pain,India,2019.0,2018,TV-14,137 min,Action & Adventure,1,0
s3806,Movie,Wanda Sykes: Not Normal,United States,2019.0,2019,TV-MA,66 min,Stand-Up Comedy,1,0
s3807,TV Show,Prince of Peoria,United States,2019.0,2019,TV-G,2 Seasons,Kids' TV,0,1
s3808,TV Show,Rosario Tijeras,Mexico,2019.0,2018,TV-MA,2 Seasons,Crime TV Shows,0,1
s3809,TV Show,1994,Mexico,2019.0,2019,TV-MA,1 Season,Crime TV Shows,0,1
s3810,Movie,Born in Gaza,Spain,2019.0,2014,TV-14,70 min,Documentaries,1,0
s3811,Movie,Born in Syria,Denmark,2019.0,2016,TV-14,87 min,Documentaries,1,0
s3812,Movie,Dying to Tell,Spain,2019.0,2018,TV-MA,88 min,Documentaries,1,0
s3813,TV Show,It's Bruno!,United States,2019.0,2019,TV-MA,1 Season,TV Comedies,0,1
s3814,Movie,Maria,Philippines,2019.0,2019,TV-MA,90 min,Action & Adventure,1,0
s3816,Movie,Saverio Raimondo: Il Satiro Parlante,Italy,2019.0,2019,TV-MA,53 min,Stand-Up Comedy,1,0
s3817,Movie,See You Yesterday,United States,2019.0,2019,TV-MA,87 min,Dramas,1,0
s3818,TV Show,White Gold,United Kingdom,2019.0,2019,TV-MA,2 Seasons,British TV Shows,0,1
s3819,Movie,Good Sam,United States,2019.0,2019,TV-PG,90 min,Children & Family Movies,1,0
s3820,Movie,Jonaki,India,2019.0,2018,TV-MA,96 min,Dramas,1,0
s3821,Movie,PATRICK (2019),United Kingdom,2019.0,2019,TV-PG,94 min,Children & Family Movies,1,0
s3822,TV Show,Dennis and Gnasher Unleashed,United Kingdom,2019.0,2017,TV-Y,1 Season,British TV Shows,0,1
s3823,Movie,Hamid,India,2019.0,2018,TV-MA,108 min,Dramas,1,0
s3824,TV Show,"Heidi, bienvenida a casa",Argentina,2019.0,2017,TV-Y,1 Season,Kids' TV,0,1
s3826,Movie,Backdraft 2,United States,2019.0,2019,R,102 min,Action & Adventure,1,0
s3827,TV Show,Revisions,Japan,2019.0,2018,TV-14,1 Season,Anime Series,0,1
s3828,Movie,Still LAUGH-IN: The Stars Celebrate,United States,2019.0,2019,TV-MA,61 min,Comedies,1,0
s3829,Movie,Weed the People,United States,2019.0,2018,TV-MA,94 min,Documentaries,1,0
s3830,Movie,Malibu Rescue,United States,2019.0,2019,TV-G,70 min,Children & Family Movies,1,0
s3831,Movie,Merata: How Mum Decolonised the Screen,New Zealand,2019.0,2018,TV-14,88 min,Documentaries,1,0
s3832,TV Show,The Defected,China,2019.0,2019,TV-14,1 Season,Crime TV Shows,0,1
s3833,Movie,Dry Martina,Chile,2019.0,2018,TV-MA,100 min,Dramas,1,0
s3834,Movie,Shéhérazade,France,2019.0,2019,TV-MA,111 min,Dramas,1,0
s3835,Movie,The Great Magician,Hong Kong,2019.0,2011,TV-14,128 min,Action & Adventure,1,0
s3836,TV Show,Easy,United States,2019.0,2019,TV-MA,3 Seasons,TV Comedies,0,1
s3837,Movie,In Family I Trust,Spain,2019.0,2018,TV-MA,98 min,Comedies,1,0
s3839,TV Show,The Mechanism,Brazil,2019.0,2019,TV-MA,2 Seasons,Crime TV Shows,0,1
s3840,TV Show,The Princess Weiyoung,China,2019.0,2016,TV-14,1 Season,International TV Shows,0,1
s3841,TV Show,The Society,United States,2019.0,2019,TV-MA,1 Season,TV Dramas,0,1
s3842,Movie,Wine Country,United States,2019.0,2019,R,104 min,Comedies,1,0
s3843,Movie,Gatao 2: Rise of the King,Taiwan,2019.0,2018,TV-MA,126 min,Action & Adventure,1,0
s3853,TV Show,Abyss,South Korea,2019.0,2019,TV-14,1 Season,Crime TV Shows,0,1
s3855,TV Show,In the Bosom of a Thorn,Kuwait,2019.0,2019,TV-14,1 Season,International TV Shows,0,1
s3856,TV Show,The Writer,Lebanon,2019.0,2019,TV-14,1 Season,Crime TV Shows,0,1
s3858,Movie,Last Breath,United Kingdom,2019.0,2019,TV-MA,86 min,Documentaries,1,0
s3859,Movie,The Wandering Earth,China,2019.0,2019,TV-MA,125 min,International Movies,1,0
s3860,Movie,All In My Family,United States,2019.0,2019,TV-14,40 min,Documentaries,1,0
s3861,TV Show,Crime Diaries: Night Out,Mexico,2019.0,2019,TV-MA,1 Season,Crime TV Shows,0,1
s3862,TV Show,Cupcake & Dino - General Services,Canada,2019.0,2019,TV-Y7,2 Seasons,Kids' TV,0,1
s3863,Movie,Despite Everything,Spain,2019.0,2019,TV-MA,79 min,Comedies,1,0
s3864,Movie,"Extremely Wicked, Shockingly Evil and Vile",United States,2019.0,2019,R,110 min,Dramas,1,0
s3865,TV Show,Flinch,United Kingdom,2019.0,2019,TV-PG,1 Season,Reality TV,0,1
s3866,Movie,Jo Pil-ho: The Dawning Rage,South Korea,2019.0,2018,TV-MA,128 min,Dramas,1,0
s3867,Movie,The Last Summer,United States,2019.0,2019,TV-14,110 min,Comedies,1,0
s3868,TV Show,Tuca & Bertie,United States,2019.0,2019,TV-MA,1 Season,TV Comedies,0,1
s3869,Movie,Laatu,India,2019.0,2018,TV-PG,116 min,Comedies,1,0
s3870,Movie,Olympus Has Fallen,United States,2019.0,2013,R,119 min,Action & Adventure,1,0
s3871,TV Show,Code Geass: Lelouch of the Rebellion,Japan,2019.0,2008,TV-MA,2 Seasons,Anime Series,0,1
s3872,Movie,John & Yoko: Above Us Only Sky,United Kingdom,2019.0,2018,TV-MA,90 min,Documentaries,1,0
s3873,Movie,Knock Down The House,United States,2019.0,2019,PG,88 min,Documentaries,1,0
s3874,Movie,Munafik 2,Malaysia,2019.0,2018,TV-MA,104 min,Horror Movies,1,0
s3875,Movie,Sur Sapata,India,2019.0,2019,TV-14,140 min,Comedies,1,0
s3876,Movie,A Home with A View,Hong Kong,2019.0,2019,TV-MA,92 min,Comedies,1,0
s3877,TV Show,Angel 'N' Devil,Taiwan,2019.0,2014,TV-14,1 Season,International TV Shows,0,1
s3878,Movie,Anthony Jeselnik: Fire in the Maternity Ward,United States,2019.0,2019,TV-MA,64 min,Stand-Up Comedy,1,0
s3879,TV Show,Hong Kong West Side Stories,Hong Kong,2019.0,2018,TV-MA,1 Season,International TV Shows,0,1
s3880,TV Show,Ingress: The Animation,Japan,2019.0,2018,TV-MA,1 Season,Anime Series,0,1
s3882,TV Show,K.O.3an Guo,Taiwan,2019.0,2009,TV-14,1 Season,International TV Shows,0,1
s3884,TV Show,The Outsiders,Taiwan,2019.0,2004,TV-MA,1 Season,Crime TV Shows,0,1
s3885,TV Show,Ash vs. Evil Dead,United States,2019.0,2018,TV-MA,3 Seasons,TV Action & Adventure,0,1
s3886,Movie,Teen Aur Aadha,India,2019.0,2018,TV-MA,119 min,Dramas,1,0
s3887,TV Show,Señora Acero,Mexico,2019.0,2018,TV-MA,5 Seasons,Crime TV Shows,0,1
s3888,TV Show,Chambers,United States,2019.0,2019,TV-MA,1 Season,TV Horror,0,1
s3889,Movie,Loving is Losing,Colombia,2019.0,2019,TV-MA,91 min,Comedies,1,0
s3890,Movie,Money Trap,Turkey,2019.0,2019,TV-MA,122 min,Comedies,1,0
s3891,Movie,Njan Prakashan,India,2019.0,2018,TV-PG,125 min,Comedies,1,0
s3892,Movie,ReMastered: Devil at the Crossroads,United States,2019.0,2019,TV-14,49 min,Documentaries,1,0
s3893,TV Show,Street Food,United States,2019.0,2019,TV-PG,1 Season,Docuseries,0,1
s3895,Movie,A Fortunate Man,Denmark,2019.0,2018,TV-MA,168 min,Dramas,1,0
s3898,TV Show,KO One,Taiwan,2019.0,2005,TV-MA,1 Season,International TV Shows,0,1
s3899,TV Show,Lunatics,Australia,2019.0,2019,TV-MA,1 Season,International TV Shows,0,1
s3900,Movie,Music Teacher,India,2019.0,2019,TV-14,102 min,Dramas,1,0
s3901,TV Show,My Dear Boy,Taiwan,2019.0,2017,TV-MA,1 Season,International TV Shows,0,1
s3902,TV Show,Rilakkuma and Kaoru,Japan,2019.0,2019,TV-PG,1 Season,Anime Series,0,1
s3903,TV Show,Samantha!,Brazil,2019.0,2019,TV-MA,2 Seasons,International TV Shows,0,1
s3904,Movie,Someone Great,United States,2019.0,2019,R,92 min,Comedies,1,0
s3905,Movie,The Ruthless,Italy,2019.0,2019,TV-MA,111 min,Dramas,1,0
s3906,Movie,A Little Chaos,United Kingdom,2019.0,2014,R,113 min,Dramas,1,0
s3907,Movie,Franco Escamilla: Bienvenido al mundo,Mexico,2019.0,2019,TV-MA,54 min,Stand-Up Comedy,1,0
s3909,Movie,About Time,United Kingdom,2019.0,2013,R,123 min,Comedies,1,0
s3911,Movie,Bollywood Calling,India,2019.0,2001,TV-MA,102 min,Comedies,1,0
s3912,Movie,Ek Khiladi Ek Haseena,India,2019.0,2005,TV-14,141 min,International Movies,1,0
s3913,Movie,Generation Iron 3,United States,2019.0,2018,TV-MA,95 min,Documentaries,1,0
s3914,Movie,Hazaaron Khwaishein Aisi,India,2019.0,2003,TV-MA,111 min,Dramas,1,0
s3915,Movie,Jhankaar Beats,India,2019.0,2003,TV-14,131 min,Comedies,1,0
s3916,Movie,Mumbai Matinee,India,2019.0,2003,TV-14,116 min,Comedies,1,0
s3917,Movie,Rainbow Jelly,India,2019.0,2018,TV-14,119 min,Dramas,1,0
s3918,Movie,Shabd,India,2019.0,2005,TV-14,146 min,Dramas,1,0
s3919,Movie,Shortcut Safari,India,2019.0,2016,TV-PG,101 min,Action & Adventure,1,0
s3920,Movie,Thriller,United States,2019.0,2018,TV-MA,87 min,Horror Movies,1,0
s3921,TV Show,Crazy Ex-Girlfriend,United States,2019.0,2019,TV-MA,4 Seasons,Romantic TV Shows,0,1
s3922,Movie,Who Would You Take to a Deserted Island?,Spain,2019.0,2019,TV-MA,94 min,Dramas,1,0
s3923,Movie,Dabbe 5: Zehr-i Cin,Turkey,2019.0,2014,TV-MA,133 min,Horror Movies,1,0
s3924,Movie,Dabbe: The Possession,Turkey,2019.0,2013,TV-MA,135 min,Horror Movies,1,0
s3925,Movie,Francesco De Carlo: Cose di Questo Mondo,Italy,2019.0,2019,TV-MA,61 min,Stand-Up Comedy,1,0
s3926,TV Show,Huge in France,United States,2019.0,2019,TV-MA,1 Season,TV Comedies,0,1
s3927,Movie,The Perfect Date,United States,2019.0,2019,TV-14,91 min,Comedies,1,0
s3928,TV Show,New Girl,United States,2019.0,2018,TV-14,7 Seasons,Romantic TV Shows,0,1
s3929,TV Show,Persona,South Korea,2019.0,2019,TV-MA,1 Season,International TV Shows,0,1
s3930,Movie,Liss Pereira: Reteniendo líquidos,Brazil,2019.0,2019,TV-14,59 min,Stand-Up Comedy,1,0
s3931,Movie,The Silence,Canada,2019.0,2019,PG-13,91 min,Horror Movies,1,0
s3932,TV Show,You vs. Wild,United States,2019.0,2019,TV-PG,1 Season,Kids' TV,0,1
s3933,Movie,Sarvam Thaala Mayam (Telugu Version),India,2019.0,2018,TV-14,131 min,Dramas,1,0
s3935,TV Show,Time: The Kalief Browder Story,United States,2019.0,2017,TV-MA,1 Season,Docuseries,0,1
s3936,Movie,Alien Warfare,United States,2019.0,2019,TV-MA,88 min,Action & Adventure,1,0
s3937,TV Show,Derek,United Kingdom,2019.0,2015,TV-MA,3 Seasons,British TV Shows,0,1
s3938,TV Show,Imposters,United States,2019.0,2017,TV-MA,2 Seasons,Crime TV Shows,0,1
s3939,TV Show,Our Planet,United States,2019.0,2019,TV-PG,1 Season,Docuseries,0,1
s3940,Movie,Petta,India,2019.0,2019,TV-14,170 min,Action & Adventure,1,0
s3941,TV Show,Quicksand,Sweden,2019.0,2019,TV-MA,1 Season,Crime TV Shows,0,1
s3942,TV Show,Rimba Racer,Malaysia,2019.0,2017,TV-PG,1 Season,Kids' TV,0,1
s3943,TV Show,Roman Empire: Reign of Blood,Canada,2019.0,2019,TV-MA,3 Seasons,Docuseries,0,1
s3944,TV Show,Spirit: Riding Free,United States,2019.0,2019,TV-Y7,8 Seasons,Kids' TV,0,1
s3945,TV Show,Tijuana,Mexico,2019.0,2019,TV-MA,1 Season,Crime TV Shows,0,1
s3946,Movie,Unicorn Store,United States,2019.0,2019,TV-14,92 min,Comedies,1,0
s3947,TV Show,Possessed,South Korea,2019.0,2019,TV-MA,1 Season,Crime TV Shows,0,1
s3949,Movie,Suzzanna: Buried Alive,Indonesia,2019.0,2018,TV-MA,126 min,Horror Movies,1,0
s3950,TV Show,Tango,Lebanon,2019.0,2018,TV-14,1 Season,International TV Shows,0,1
s3951,Movie,Ek Ladki Ko Dekha Toh Aisa Laga,India,2019.0,2019,TV-14,120 min,Comedies,1,0
s3952,Movie,Jagat,Malaysia,2019.0,2015,TV-MA,76 min,Dramas,1,0
s3953,Movie,Kevin Hart: Irresponsible,United States,2019.0,2019,TV-MA,60 min,Stand-Up Comedy,1,0
s3955,Movie,Love O2O,China,2019.0,2016,TV-14,103 min,International Movies,1,0
s3956,Movie,Pinky Memsaab,Pakistan,2019.0,2018,TV-MA,124 min,Dramas,1,0
s3957,TV Show,"That Winter, the Wind Blows",South Korea,2019.0,2013,TV-MA,1 Season,International TV Shows,0,1
s3958,Movie,The Trap,United States,2019.0,2017,TV-MA,91 min,Comedies,1,0
s3959,TV Show,Ultraman,United States,2019.0,2019,TV-14,1 Season,Anime Series,0,1
s3960,Movie,Mercy Black,United States,2019.0,2019,TV-14,88 min,Horror Movies,1,0
s3961,Movie,The Burial of Kojo,Ghana,2019.0,2018,TV-14,81 min,Dramas,1,0
s3962,TV Show,Pablo,United Kingdom,2019.0,2017,TV-Y,1 Season,British TV Shows,0,1
s3963,Movie,15 August,India,2019.0,2019,TV-14,124 min,Comedies,1,0
s3964,Movie,Bayonet,Mexico,2019.0,2019,TV-MA,102 min,Dramas,1,0
s3965,TV Show,Osmosis,France,2019.0,2019,TV-MA,1 Season,International TV Shows,0,1
s3966,TV Show,Santa Clarita Diet,United States,2019.0,2019,TV-MA,3 Seasons,TV Comedies,0,1
s3967,Movie,The Highwaymen,United States,2019.0,2019,R,132 min,Dramas,1,0
s3968,Movie,The Legend of Cocaine Island,United States,2019.0,2019,TV-MA,87 min,Documentaries,1,0
s3970,TV Show,Traitors,United Kingdom,2019.0,2019,TV-MA,1 Season,British TV Shows,0,1
s3971,TV Show,Versailles,France,2019.0,2018,TV-MA,3 Seasons,International TV Shows,0,1
s3972,TV Show,Ainori Love Wagon: Asian Journey,Japan,2019.0,2018,TV-MA,2 Seasons,International TV Shows,0,1
s3973,Movie,Danur: I Can See Ghosts,Indonesia,2019.0,2017,TV-MA,75 min,Horror Movies,1,0
s3974,Movie,Verses of Love,Indonesia,2019.0,2008,TV-PG,126 min,Dramas,1,0
s3975,Movie,Nate Bargatze: The Tennessee Kid,United States,2019.0,2019,TV-PG,61 min,Stand-Up Comedy,1,0
s3976,Movie,Sei,India,2019.0,2018,TV-14,126 min,Action & Adventure,1,0
s3978,Movie,Superlopez,Spain,2019.0,2018,TV-MA,108 min,Action & Adventure,1,0
s3979,Movie,Oversize Cops,Thailand,2019.0,2017,TV-MA,100 min,Action & Adventure,1,0
s3980,TV Show,Charlie's Colorforms City,United States,2019.0,2019,TV-Y,1 Season,Kids' TV,0,1
s3981,TV Show,Crime Diaries: The Candidate,Mexico,2019.0,2019,TV-MA,1 Season,Crime TV Shows,0,1
s3982,TV Show,Delhi Crime,India,2019.0,2019,TV-MA,1 Season,Crime TV Shows,0,1
s3983,Movie,Mirage,Spain,2019.0,2018,TV-MA,129 min,Dramas,1,0
s3984,Movie,ReMastered: The Miami Showband Massacre,United States,2019.0,2019,TV-MA,71 min,Documentaries,1,0
s3986,Movie,The Dirt,United States,2019.0,2019,TV-MA,108 min,Comedies,1,0
s3987,TV Show,The OA,United States,2019.0,2019,TV-MA,2 Seasons,TV Dramas,0,1
s3989,TV Show,Bo on the Go!,Canada,2019.0,2007,TV-Y,1 Season,Kids' TV,0,1
s3990,TV Show,Stay Tuned!,Japan,2019.0,2019,TV-14,1 Season,International TV Shows,0,1
s3991,Movie,The Amazing Praybeyt Benjamin,Philippines,2019.0,2014,TV-14,105 min,Action & Adventure,1,0
s3992,Movie,The Super Parental Guardians,Philippines,2019.0,2016,TV-14,115 min,Action & Adventure,1,0
s3993,Movie,The Third Party,Philippines,2019.0,2016,TV-MA,118 min,Comedies,1,0
s3994,Movie,The Unmarried Wife,Philippines,2019.0,2016,TV-MA,130 min,Dramas,1,0
s3995,Movie,Vince and Kath and James,Philippines,2019.0,2016,TV-PG,115 min,International Movies,1,0
s3996,Movie,Alexis Viera: A Story of Surviving,Uruguay,2019.0,2019,TV-MA,69 min,Documentaries,1,0
s3998,Movie,Imago,India,2019.0,2018,TV-PG,97 min,Dramas,1,0
s3999,TV Show,My Husband Won't Fit,Japan,2019.0,2019,TV-MA,1 Season,International TV Shows,0,1
s4000,Movie,Amy Schumer Growing,United States,2019.0,2019,TV-MA,61 min,Stand-Up Comedy,1,0
s4001,Movie,5 Flights Up,United States,2019.0,2014,PG-13,92 min,Comedies,1,0
s4002,TV Show,Green Door,Taiwan,2019.0,2019,TV-MA,1 Season,International TV Shows,0,1
s4003,Movie,Bombairiya,United Arab Emirates,2019.0,2018,TV-MA,108 min,Comedies,1,0
s4004,Movie,Burn Out,France,2019.0,2017,TV-MA,104 min,Action & Adventure,1,0
s4005,Movie,Edoardo Ferrario: Temi Caldi,Italy,2019.0,2019,TV-MA,65 min,Stand-Up Comedy,1,0
s4006,Movie,Girl,Netherlands,2019.0,2018,R,106 min,Dramas,1,0
s4007,TV Show,If I Hadn't Met You,Spain,2019.0,2018,TV-MA,1 Season,International TV Shows,0,1
s4008,Movie,Jeff Dunham: Arguing with Myself,United States,2019.0,2006,TV-MA,69 min,Stand-Up Comedy,1,0
s4009,Movie,Jeff Dunham: Controlled Chaos,United States,2019.0,2011,TV-MA,97 min,Stand-Up Comedy,1,0
s4010,Movie,Jeff Dunham: Minding the Monsters,United States,2019.0,2012,TV-MA,80 min,Stand-Up Comedy,1,0
s4011,Movie,Jeff Dunham's Very Special Christmas Special,United States,2019.0,2008,TV-MA,85 min,Stand-Up Comedy,1,0
s4012,Movie,Late Life: The Chien-Ming Wang Story,United States,2019.0,2018,TV-14,98 min,Documentaries,1,0
s4014,Movie,Paskal,Malaysia,2019.0,2018,TV-14,115 min,Action & Adventure,1,0
s4015,TV Show,Robozuna,United Kingdom,2019.0,2018,TV-Y7,2 Seasons,British TV Shows,0,1
s4017,TV Show,Turn Up Charlie,United Kingdom,2019.0,2019,TV-MA,1 Season,British TV Shows,0,1
s4018,Movie,A Love Story,Philippines,2019.0,2007,TV-14,117 min,Dramas,1,0
s4019,Movie,Barcelona: A Love Untold,Philippines,2019.0,2016,TV-14,132 min,Dramas,1,0
s4020,Movie,Everything About Her,Philippines,2019.0,2016,TV-MA,127 min,Comedies,1,0
s4021,Movie,Finally Found Someone,Philippines,2019.0,2017,TV-14,125 min,International Movies,1,0
s4022,Movie,Seven Sundays,Philippines,2019.0,2017,TV-MA,128 min,Comedies,1,0
s4023,TV Show,More to Say,Egypt,2019.0,2018,TV-14,1 Season,International TV Shows,0,1
s4024,TV Show,The Land of Hypocrisy,Egypt,2019.0,2018,TV-14,1 Season,International TV Shows,0,1
s4025,Movie,Triple Frontier,United States,2019.0,2019,R,126 min,Action & Adventure,1,0
s4027,TV Show,Eugenie Nights,Egypt,2019.0,2018,TV-14,1 Season,International TV Shows,0,1
s4028,TV Show,This Evening,Egypt,2019.0,2017,TV-14,1 Season,International TV Shows,0,1
s4029,TV Show,Into the Badlands,United States,2019.0,2018,TV-MA,3 Seasons,TV Action & Adventure,0,1
s4031,TV Show,Disappearance,Egypt,2019.0,2018,TV-MA,1 Season,International TV Shows,0,1
s4032,Movie,Hajwala 2: Mysterious Mission,United Arab Emirates,2019.0,2018,TV-14,116 min,Action & Adventure,1,0
s4033,TV Show,Immortals,Turkey,2019.0,2018,TV-MA,1 Season,International TV Shows,0,1
s4034,Movie,Juanita,United States,2019.0,2019,TV-MA,90 min,Dramas,1,0
s4035,Movie,Lady J,France,2019.0,2019,TV-MA,111 min,Dramas,1,0
s4037,Movie,Walk. Ride. Rodeo.,United States,2019.0,2019,TV-PG,100 min,Children & Family Movies,1,0
s4038,Movie,Nappily Ever After,United States,2019.0,2018,TV-MA,99 min,Comedies,1,0
s4039,Movie,Sisterakas,Philippines,2019.0,2012,TV-14,105 min,Comedies,1,0
s4040,Movie,Starting Over Again,Philippines,2019.0,2014,TV-14,128 min,Dramas,1,0
s4041,Movie,That Thing Called Tadhana,Philippines,2019.0,2015,TV-MA,91 min,Dramas,1,0
s4042,Movie,The Love Affair,Philippines,2019.0,2015,TV-MA,127 min,Dramas,1,0
s4043,TV Show,American Crime Story: The People v. O.J. Simpson,United States,2019.0,2016,TV-MA,1 Season,Crime TV Shows,0,1
s4044,TV Show,Secret City,Australia,2019.0,2016,TV-MA,2 Seasons,International TV Shows,0,1
s4045,TV Show,A Korean Odyssey,South Korea,2019.0,2017,TV-MA,1 Season,International TV Shows,0,1
s4046,Movie,The Hard Way,United States,2019.0,2019,TV-MA,94 min,Action & Adventure,1,0
s4047,Movie,Everyday I Love You,Philippines,2019.0,2015,TV-14,124 min,Dramas,1,0
s4048,Movie,No Other Woman,Philippines,2019.0,2011,TV-MA,103 min,Dramas,1,0
s4049,Movie,River's Edge,Japan,2019.0,2018,TV-MA,118 min,Dramas,1,0
s4051,Movie,Weapon of Choice,Austria,2019.0,2018,TV-MA,89 min,Documentaries,1,0
s4052,Movie,"2,215",Thailand,2019.0,2018,TV-MA,89 min,Documentaries,1,0
s4053,Movie,BNK48: Girls Don't Cry,Thailand,2019.0,2018,TV-14,108 min,Documentaries,1,0
s4054,Movie,Budapest,France,2019.0,2018,TV-MA,103 min,Comedies,1,0
s4055,TV Show,Cricket Fever: Mumbai Indians,India,2019.0,2019,TV-MA,1 Season,Docuseries,0,1
s4058,TV Show,Northern Rescue,Canada,2019.0,2019,TV-14,1 Season,TV Dramas,0,1
s4059,Movie,Pants on Fire,Canada,2019.0,2014,TV-G,87 min,Children & Family Movies,1,0
s4060,Movie,Paranormal Investigation,United States,2019.0,2018,TV-14,93 min,Horror Movies,1,0
s4061,Movie,Radio Rebel,United States,2019.0,2012,TV-G,90 min,Children & Family Movies,1,0
s4063,Movie,The Boy Who Harnessed the Wind,United Kingdom,2019.0,2019,TV-PG,114 min,Children & Family Movies,1,0
s4064,TV Show,The Disastrous Life of Saiki K.,Japan,2019.0,2018,TV-14,3 Seasons,Anime Series,0,1
s4065,Movie,The Last Runway,Paraguay,2019.0,2018,TV-MA,107 min,Action & Adventure,1,0
s4066,Movie,The Spiderwick Chronicles,United States,2019.0,2008,PG,97 min,Children & Family Movies,1,0
s4067,Movie,Your Son,Spain,2019.0,2018,TV-MA,103 min,Dramas,1,0
s4068,Movie,Quién te cantará,Spain,2019.0,2018,TV-MA,125 min,Dramas,1,0
s4069,Movie,A Second Chance,Philippines,2019.0,2015,TV-MA,130 min,Dramas,1,0
s4070,Movie,Beauty and the Bestie,Philippines,2019.0,2015,TV-14,119 min,Action & Adventure,1,0
s4071,Movie,Bride For Rent,Philippines,2019.0,2014,TV-PG,110 min,Comedies,1,0
s4072,Movie,Can't Help Falling in Love,Philippines,2019.0,2017,TV-14,120 min,Comedies,1,0
s4073,Movie,Evening Shadows,India,2019.0,2018,TV-PG,102 min,Dramas,1,0
s4074,Movie,Four Sisters and a Wedding,Philippines,2019.0,2013,TV-14,125 min,Comedies,1,0
s4075,Movie,It Takes a Man and a Woman,Philippines,2019.0,2013,TV-PG,127 min,Comedies,1,0
s4076,Movie,My Ex & Whys,Philippines,2019.0,2017,TV-14,121 min,Comedies,1,0
s4077,Movie,She's Dating the Gangster,Philippines,2019.0,2014,TV-14,113 min,Dramas,1,0
s4078,Movie,The Breakup Playlist,Philippines,2019.0,2015,TV-MA,118 min,Dramas,1,0
s4079,Movie,The Mistress,Philippines,2019.0,2012,TV-MA,132 min,Dramas,1,0
s4080,TV Show,Unsolved,United States,2019.0,2018,TV-MA,1 Season,Crime TV Shows,0,1
s4081,Movie,Zach Galifianakis: Live at the Purple Onion,United States,2019.0,2006,TV-MA,61 min,Stand-Up Comedy,1,0
s4082,Movie,Life of An Outcast,India,2019.0,2018,TV-PG,80 min,Dramas,1,0
s4083,Movie,The Photographer Of Mauthausen,Spain,2019.0,2018,TV-MA,110 min,Dramas,1,0
s4084,Movie,Bert Kreischer: The Machine,United States,2019.0,2016,TV-MA,70 min,Stand-Up Comedy,1,0
s4085,TV Show,Chef's Table,United States,2019.0,2019,TV-MA,6 Seasons,Docuseries,0,1
s4086,Movie,Firebrand,India,2019.0,2019,TV-MA,117 min,Dramas,1,0
s4087,Movie,Paddleton,United States,2019.0,2019,TV-MA,89 min,Comedies,1,0
s4088,Movie,Paris Is Us,France,2019.0,2019,TV-MA,84 min,Dramas,1,0
s4089,Movie,Shonar Pahar,India,2019.0,2018,TV-PG,131 min,Dramas,1,0
s4090,TV Show,The Big Family Cooking Showdown,United Kingdom,2019.0,2018,TV-PG,2 Seasons,British TV Shows,0,1
s4091,TV Show,Z4,Brazil,2019.0,2018,TV-PG,2 Seasons,Kids' TV,0,1
s4092,Movie,The Drug King,South Korea,2019.0,2018,TV-MA,139 min,Dramas,1,0
s4093,Movie,Kevin James: Sweat the Small Stuff,United States,2019.0,2001,TV-PG,42 min,Stand-Up Comedy,1,0
s4094,Movie,Transformer,Canada,2019.0,2017,TV-MA,79 min,Documentaries,1,0
s4095,Movie,Genius,India,2019.0,2018,TV-14,96 min,Dramas,1,0
s4096,Movie,Black Sea,United Kingdom,2019.0,2015,R,114 min,Action & Adventure,1,0
s4097,Movie,Studio 54,United States,2019.0,2018,TV-MA,99 min,Documentaries,1,0
s4098,Movie,Awe,India,2019.0,2018,TV-MA,111 min,Dramas,1,0
s4099,Movie,Ayana,India,2019.0,2017,TV-MA,112 min,Dramas,1,0
s4100,Movie,Behind the Curve,United States,2019.0,2018,TV-14,96 min,Documentaries,1,0
s4101,Movie,Buddies,Brazil,2019.0,2012,TV-MA,103 min,Comedies,1,0
s4102,Movie,Candyflip,India,2019.0,2017,TV-MA,104 min,Dramas,1,0
s4103,Movie,Chameli,India,2019.0,2004,TV-14,102 min,Dramas,1,0
s4104,Movie,Fatso,India,2019.0,2012,TV-14,97 min,Comedies,1,0
s4105,TV Show,Hjørdis,Denmark,2019.0,2015,TV-MA,1 Season,International TV Shows,0,1
s4107,Movie,Neevevaro,India,2019.0,2018,TV-14,132 min,Dramas,1,0
s4108,Movie,Pyaar Ke Side Effects,India,2019.0,2006,TV-MA,120 min,Comedies,1,0
s4109,Movie,Sur: The Melody of Life,India,2019.0,2002,TV-14,137 min,Dramas,1,0
s4111,Movie,The Breaker Upperers,New Zealand,2019.0,2018,TV-MA,82 min,Comedies,1,0
s4112,TV Show,The Kirlian Frequency,Argentina,2019.0,2017,TV-14,1 Season,International TV Shows,0,1
s4113,Movie,Ugly Aur Pagli,India,2019.0,2008,TV-14,115 min,Comedies,1,0
s4114,Movie,Yucatán,Spain,2019.0,2018,TV-MA,130 min,Comedies,1,0
s4115,TV Show,Barbie Dreamhouse Adventures,United States,2019.0,2018,TV-Y,3 Seasons,Kids' TV,0,1
s4116,Movie,"Ken Jeong: You Complete Me, Ho",United States,2019.0,2019,TV-MA,62 min,Stand-Up Comedy,1,0
s4117,TV Show,Velvet Colección,Spain,2019.0,2018,TV-14,2 Seasons,International TV Shows,0,1
s4118,Movie,Period. End of Sentence.,United States,2019.0,2018,TV-PG,26 min,Documentaries,1,0
s4119,TV Show,Iron Ladies,Taiwan,2019.0,2018,TV-14,1 Season,International TV Shows,0,1
s4120,TV Show,The Break,Belgium,2019.0,2018,TV-MA,2 Seasons,Crime TV Shows,0,1
s4121,Movie,High Flying Bird,United States,2019.0,2019,TV-MA,91 min,Dramas,1,0
s4122,Movie,Kevin Hart's Guide to Black History,United States,2019.0,2019,TV-PG,63 min,Children & Family Movies,1,0
s4123,TV Show,One Day at a Time,United States,2019.0,2019,TV-PG,3 Seasons,TV Comedies,0,1
s4124,Movie,ReMastered: The Two Killings of Sam Cooke,United States,2019.0,2019,TV-MA,74 min,Documentaries,1,0
s4125,Movie,The Tree of Blood,Spain,2019.0,2018,TV-MA,136 min,Dramas,1,0
s4126,TV Show,The Last of the Schmucks,Egypt,2019.0,2017,TV-MA,1 Season,International TV Shows,0,1
s4127,TV Show,Hidden Worlds,Egypt,2019.0,2018,TV-14,1 Season,Crime TV Shows,0,1
s4128,TV Show,Live,South Korea,2019.0,2018,TV-MA,1 Season,Crime TV Shows,0,1
s4129,Movie,"Ray Romano: Right Here, Around the Corner",United States,2019.0,2019,TV-MA,59 min,Stand-Up Comedy,1,0
s4130,TV Show,Safe,United Kingdom,2019.0,2018,TV-MA,1 Season,British TV Shows,0,1
s4131,TV Show,Tayee,Egypt,2019.0,2018,TV-MA,1 Season,International TV Shows,0,1
s4132,TV Show,Violet Evergarden,Japan,2019.0,2018,TV-14,1 Season,Anime Series,0,1
s4133,TV Show,Romance is a bonus book,South Korea,2019.0,2019,TV-14,1 Season,International TV Shows,0,1
s4134,Movie,Await Further Instructions,United Kingdom,2019.0,2018,TV-MA,91 min,Horror Movies,1,0
s4135,Movie,Manusangada,India,2019.0,2017,TV-14,93 min,Dramas,1,0
s4136,Movie,14 Minutes from Earth,United States,2019.0,2016,TV-MA,84 min,Documentaries,1,0
s4137,Movie,Dear Ex,Taiwan,2019.0,2018,TV-MA,100 min,Comedies,1,0
s4138,Movie,Free Rein: Valentine's Day,United States,2019.0,2019,TV-G,51 min,Children & Family Movies,1,0
s4139,Movie,Lego DC Comics: Batman Be-Leaguered,United States,2019.0,2014,TV-Y7,22 min,Movies,1,0
s4140,Movie,LEGO Marvel Super Heroes: Black Panther,United States,2019.0,2018,TV-Y7,22 min,Children & Family Movies,1,0
s4141,Movie,LEGO Marvel Super Heroes: Guardians of the Galaxy,United States,2019.0,2017,TV-Y,22 min,Children & Family Movies,1,0
s4142,TV Show,Littlest Pet Shop: A World of Our Own,United States,2019.0,2018,TV-Y7,2 Seasons,Kids' TV,0,1
s4143,TV Show,Russian Doll,United States,2019.0,2019,TV-MA,1 Season,TV Comedies,0,1
s4144,TV Show,Sparta,Russia,2019.0,2018,TV-MA,1 Season,Crime TV Shows,0,1
s4145,TV Show,Sword Art Online Alternative: Gun Gale Online,Japan,2019.0,2018,TV-MA,1 Season,Anime Series,0,1
s4146,Movie,True: Happy Hearts Day,United States,2019.0,2019,TV-Y,24 min,Children & Family Movies,1,0
s4147,Movie,Velvet Buzzsaw,United States,2019.0,2019,R,113 min,Dramas,1,0
s4148,Movie,Hantu Kak Limah,Malaysia,2019.0,2018,TV-PG,110 min,Comedies,1,0
s4149,Movie,Love Off the Cuff,China,2019.0,2017,TV-MA,120 min,Comedies,1,0
s4152,Movie,Virsa,India,2019.0,2010,TV-14,127 min,Dramas,1,0
s4153,Movie,Bhasmasur,India,2019.0,2017,TV-14,74 min,Dramas,1,0
s4155,Movie,High Society,South Korea,2019.0,2018,TV-MA,137 min,Dramas,1,0
s4156,Movie,Up Among  The Stars,Spain,2019.0,2018,TV-MA,86 min,Dramas,1,0
s4158,Movie,Habibie & Ainun,Indonesia,2019.0,2012,TV-14,125 min,Dramas,1,0
s4159,Movie,Nathicharami,India,2019.0,2018,TV-MA,114 min,Dramas,1,0
s4160,Movie,Rudy Habibie,Indonesia,2019.0,2016,TV-14,143 min,Dramas,1,0
s4161,Movie,Surga Yang Tak Dirindukan,Indonesia,2019.0,2015,TV-14,121 min,Dramas,1,0
s4162,Movie,Surga Yang Tak Dirindukan 2,Indonesia,2019.0,2017,TV-14,119 min,Dramas,1,0
s4163,TV Show,A Taiwanese Tale of Two Cities,Taiwan,2019.0,2018,TV-MA,1 Season,International TV Shows,0,1
s4164,TV Show,Z Nation,United States,2019.0,2018,TV-MA,5 Seasons,TV Action & Adventure,0,1
s4165,Movie,Goyo: The Boy General,Philippines,2019.0,2018,TV-MA,150 min,Dramas,1,0
s4166,Movie,Animas,Spain,2019.0,2018,TV-MA,88 min,Horror Movies,1,0
s4167,TV Show,Black Earth Rising,United Kingdom,2019.0,2018,TV-MA,1 Season,British TV Shows,0,1
s4168,TV Show,Club of Crows,Mexico,2019.0,2019,TV-MA,4 Seasons,International TV Shows,0,1
s4169,TV Show,Examination of Conscience,Spain,2019.0,2019,TV-MA,1 Season,Crime TV Shows,0,1
s4170,Movie,Mi Obra Maestra,Argentina,2019.0,2018,TV-MA,105 min,Comedies,1,0
s4171,Movie,Polar,United States,2019.0,2019,TV-MA,119 min,Action & Adventure,1,0
s4173,TV Show,Conversations with a Killer: The Ted Bundy Tapes,United States,2019.0,2019,TV-MA,1 Season,Crime TV Shows,0,1
s4174,Movie,Just Love,Argentina,2019.0,2018,TV-MA,96 min,Dramas,1,0
s4175,TV Show,Innocent,Turkey,2019.0,2017,TV-MA,1 Season,Crime TV Shows,0,1
s4176,Movie,Close,United Kingdom,2019.0,2019,TV-MA,95 min,Action & Adventure,1,0
s4177,Movie,FYRE: The Greatest Party That Never Happened,United States,2019.0,2019,TV-MA,98 min,Documentaries,1,0
s4178,Movie,IO,United States,2019.0,2019,TV-14,96 min,Dramas,1,0
s4179,TV Show,Marvel's The Punisher,United States,2019.0,2019,TV-MA,2 Seasons,Crime TV Shows,0,1
s4181,Movie,Old Lord Savanna,Brazil,2019.0,2018,TV-14,96 min,Documentaries,1,0
s4182,Movie,Patria,Mexico,2019.0,2019,TV-MA,90 min,Documentaries,1,0
s4183,Movie,Soni,India,2019.0,2018,TV-MA,97 min,Dramas,1,0
s4184,TV Show,The World's Most Extraordinary Homes,United Kingdom,2019.0,2019,TV-G,3 Seasons,British TV Shows,0,1
s4186,Movie,Abducted in Plain Sight,United States,2019.0,2017,TV-14,90 min,Documentaries,1,0
s4187,Movie,"Abdullah, The Final Witness",Pakistan,2019.0,2016,TV-14,88 min,Dramas,1,0
s4188,Movie,Adhugo,India,2019.0,2018,TV-14,105 min,Comedies,1,0
s4189,Movie,Echcharikkai,India,2019.0,2018,TV-14,127 min,International Movies,1,0
s4190,TV Show,Lavender,Taiwan,2019.0,2002,TV-14,1 Season,International TV Shows,0,1
s4191,Movie,Pandigai,India,2019.0,2017,TV-MA,125 min,Action & Adventure,1,0
s4192,Movie,Pari,Pakistan,2019.0,2018,TV-14,116 min,Horror Movies,1,0
s4193,Movie,Revenger,South Korea,2019.0,2018,TV-MA,102 min,Action & Adventure,1,0
s4194,Movie,Sebastian Maniscalco: Stay Hungry,United States,2019.0,2019,TV-MA,65 min,Stand-Up Comedy,1,0
s4195,Movie,The Doll,Indonesia,2019.0,2016,TV-MA,106 min,Horror Movies,1,0
s4196,Movie,The Doll 2,Indonesia,2019.0,2017,TV-MA,117 min,Horror Movies,1,0
s4197,TV Show,La Grande Chaumière Violette,Taiwan,2019.0,2016,TV-14,1 Season,International TV Shows,0,1
s4198,Movie,Baazaar,India,2019.0,2018,TV-MA,136 min,Dramas,1,0
s4199,Movie,All of You,Philippines,2019.0,2017,TV-MA,104 min,Comedies,1,0
s4201,TV Show,Friends from College,United States,2019.0,2019,TV-MA,2 Seasons,Romantic TV Shows,0,1
s4202,TV Show,Hardy Bucks,Ireland,2019.0,2018,TV-MA,4 Seasons,TV Comedies,0,1
s4203,TV Show,Horrid Henry,United Kingdom,2019.0,2019,TV-Y7,2 Seasons,British TV Shows,0,1
s4204,Movie,ReMastered: Massacre at the Stadium,United States,2019.0,2019,TV-MA,65 min,Documentaries,1,0
s4205,Movie,Solo,Spain,2019.0,2018,TV-MA,91 min,Dramas,1,0
s4206,Movie,The Last Laugh,United States,2019.0,2019,TV-MA,99 min,Comedies,1,0
s4207,TV Show,Pocoyo,Spain,2019.0,2017,TV-Y,4 Seasons,Kids' TV,0,1
s4208,TV Show,When Heroes Fly,Israel,2019.0,2018,TV-MA,1 Season,International TV Shows,0,1
s4209,Movie,GODZILLA The Planet Eater,Japan,2019.0,2018,TV-PG,91 min,Action & Adventure,1,0
s4210,Movie,Next Enti?,India,2019.0,2018,TV-14,117 min,Comedies,1,0
s4211,Movie,Komola Rocket,Bangladesh,2019.0,2018,TV-14,95 min,Dramas,1,0
s4212,Movie,Nang Nak,Thailand,2019.0,1999,TV-MA,101 min,Horror Movies,1,0
s4213,Movie,And Breathe Normally,Iceland,2019.0,2018,TV-14,102 min,Dramas,1,0
s4215,Movie,Lionheart,Nigeria,2019.0,2018,TV-PG,95 min,Comedies,1,0
s4218,Movie,Monty Python and the Holy Grail,United Kingdom,2019.0,1975,PG,92 min,Action & Adventure,1,0
s4219,TV Show,A Series of Unfortunate Events,United States,2019.0,2019,TV-PG,3 Seasons,Kids' TV,0,1
s4220,Movie,Back to the 90s,Thailand,2019.0,2015,TV-14,111 min,Comedies,1,0
s4221,TV Show,COMEDIANS of the world,United States,2019.0,2019,TV-MA,13 Seasons,Stand-Up Comedy & Talk Shows,0,1
s4222,Movie,Merku Thodarchi Malai,India,2019.0,2018,TV-MA,115 min,Dramas,1,0
s4223,Movie,Moshe Kasher: Live in Oakland,United States,2019.0,2012,TV-MA,61 min,Stand-Up Comedy,1,0
s4224,Movie,Pokémon the Movie: I Choose You!,Japan,2019.0,2017,TV-Y7,97 min,Anime Features,1,0
s4225,Movie,Puriyatha Puthir,India,2019.0,2017,TV-MA,120 min,International Movies,1,0
s4226,Movie,Taramani,India,2019.0,2017,TV-MA,148 min,Dramas,1,0
s4227,TV Show,The Paper,Croatia,2019.0,2018,TV-MA,2 Seasons,International TV Shows,0,1
s4228,TV Show,Tidying Up with Marie Kondo,United States,2019.0,2019,TV-PG,1 Season,Reality TV,0,1
s4229,Movie,Whitney Cummings: Money Shot,United States,2019.0,2010,TV-MA,48 min,Stand-Up Comedy,1,0
s4230,Movie,Bill Hicks: One Night Stand,United Kingdom,2018.0,1991,TV-MA,28 min,Stand-Up Comedy,1,0
s4232,Movie,Bill Hicks: Relentless,United Kingdom,2018.0,1992,TV-MA,61 min,Stand-Up Comedy,1,0
s4233,Movie,Bill Hicks: Revelations,United Kingdom,2018.0,1993,TV-MA,56 min,Stand-Up Comedy,1,0
s4234,Movie,Bill Hicks: Sane Man,United States,2018.0,1989,TV-MA,81 min,Stand-Up Comedy,1,0
s4236,Movie,Gina Yashere: Skinny B*tch,United Kingdom,2018.0,2008,TV-MA,58 min,Stand-Up Comedy,1,0
s4237,Movie,Mexicanos de Bronce,Mexico,2018.0,2016,TV-MA,100 min,Documentaries,1,0
s4238,Movie,Sam Kinison: Breaking the Rules,United States,2018.0,1987,TV-MA,50 min,Stand-Up Comedy,1,0
s4239,Movie,Sam Kinison: Family Entertainment Hour,United States,2018.0,1991,TV-MA,49 min,Stand-Up Comedy,1,0
s4240,Movie,Sam Kinison: Live in Vegas,United States,2018.0,1991,TV-MA,71 min,Stand-Up Comedy,1,0
s4241,Movie,Sam Kinison: The Scream Continues,United States,2018.0,2016,TV-MA,29 min,Documentaries,1,0
s4242,Movie,Secrets in the Hot Spring,Taiwan,2018.0,2018,TV-14,108 min,Comedies,1,0
s4244,Movie,The Seven Deadly Sins the Movie: Prisoners of the Sky,Japan,2018.0,2018,TV-14,100 min,Action & Adventure,1,0
s4245,Movie,Tim Allen: Men Are Pigs,United States,2018.0,1990,TV-MA,30 min,Stand-Up Comedy,1,0
s4246,Movie,Tim Allen: ReWires America,United States,2018.0,1991,TV-MA,30 min,Stand-Up Comedy,1,0
s4247,Movie,Tim Minchin And The Heritage Orchestra Live,United Kingdom,2018.0,2011,TV-MA,146 min,Music & Musicals,1,0
s4248,Movie,Tim Minchin: So F**king Rock,United Kingdom,2018.0,2008,TV-MA,127 min,Music & Musicals,1,0
s4249,Movie,Todd Glass: Stand-Up Special,United States,2018.0,2012,TV-MA,46 min,Stand-Up Comedy,1,0
s4250,Movie,Tom Papa Live in New York City,United States,2018.0,2011,TV-14,57 min,Stand-Up Comedy,1,0
s4252,TV Show,In Family We Trust,Thailand,2018.0,2018,TV-MA,1 Season,Crime TV Shows,0,1
s4253,Movie,A Twelve Year Night,Uruguay,2018.0,2018,TV-MA,122 min,Dramas,1,0
s4254,Movie,Black Mirror: Bandersnatch,United States,2018.0,2018,TV-MA,312 min,Dramas,1,0
s4255,TV Show,Hashoter Hatov,Israel,2018.0,2015,TV-MA,1 Season,Crime TV Shows,0,1
s4256,Movie,Life Ki Toh Lag Gayi,India,2018.0,2012,TV-MA,109 min,Action & Adventure,1,0
s4257,TV Show,Murder Mountain,United States,2018.0,2018,TV-MA,1 Season,Crime TV Shows,0,1
s4258,TV Show,Selection Day,India,2018.0,2018,TV-14,1 Season,International TV Shows,0,1
s4260,Movie,When Angels Sleep,Spain,2018.0,2018,TV-MA,96 min,Dramas,1,0
s4261,TV Show,Stand Up and Away! with Brian Regan,United States,2018.0,2018,TV-PG,1 Season,Stand-Up Comedy & Talk Shows,0,1
s4262,TV Show,Way Back into Love,Taiwan,2018.0,2011,TV-14,1 Season,International TV Shows,0,1
s4263,TV Show,Watership Down,United Kingdom,2018.0,2018,TV-PG,1 Season,British TV Shows,0,1
s4265,TV Show,People Just Do Nothing,United Kingdom,2018.0,2018,TV-MA,5 Seasons,British TV Shows,0,1
s4267,TV Show,7 Days Out,United States,2018.0,2018,TV-PG,1 Season,Docuseries,0,1
s4268,Movie,Bad Seeds,France,2018.0,2018,TV-MA,105 min,Comedies,1,0
s4269,Movie,Bird Box,United States,2018.0,2018,R,124 min,Dramas,1,0
s4270,TV Show,Jojo's World,Taiwan,2018.0,2017,TV-14,1 Season,International TV Shows,0,1
s4271,TV Show,LAST HOPE,Japan,2018.0,2018,TV-14,2 Seasons,Anime Series,0,1
s4272,TV Show,Lion Pride,Taiwan,2018.0,2017,TV-MA,1 Season,International TV Shows,0,1
s4273,TV Show,Love @ Seventeen,Taiwan,2018.0,2016,TV-14,1 Season,International TV Shows,0,1
s4274,TV Show,Perfume,Germany,2018.0,2018,TV-MA,1 Season,Crime TV Shows,0,1
s4275,TV Show,Sirius the Jaeger,Japan,2018.0,2018,TV-MA,1 Season,Anime Series,0,1
s4276,Movie,Struggle: The Life and Lost Art of Szukalski,Poland,2018.0,2018,TV-MA,105 min,Documentaries,1,0
s4277,TV Show,Wolf,Turkey,2018.0,2018,TV-MA,1 Season,International TV Shows,0,1
s4278,Movie,23:59,Singapore,2018.0,2011,R,78 min,Horror Movies,1,0
s4279,Movie,Aggretsuko: We Wish You a Metal Christmas,Japan,2018.0,2018,TV-PG,22 min,Movies,1,0
s4280,TV Show,Fate/stay night: Unlimited Blade Works,Japan,2018.0,2015,TV-14,2 Seasons,Anime Series,0,1
s4281,Movie,Imperfect,Singapore,2018.0,2012,TV-MA,95 min,Action & Adventure,1,0
s4282,Movie,Lang Tong,Singapore,2018.0,2015,TV-MA,82 min,International Movies,1,0
s4283,Movie,Miss J Contemplates Her Choice,Singapore,2018.0,2014,TV-MA,89 min,Dramas,1,0
s4284,Movie,Ascharyachakit!,India,2018.0,2018,TV-MA,90 min,Dramas,1,0
s4285,TV Show,Ellen DeGeneres: Relatable,United States,2018.0,2018,TV-MA,1 Season,Stand-Up Comedy & Talk Shows,0,1
s4286,Movie,Lilli,India,2018.0,2018,TV-MA,85 min,Dramas,1,0
s4287,Movie,Prince of Peoria: A Christmas Moose Miracle,United States,2018.0,2018,TV-G,29 min,Children & Family Movies,1,0
s4288,Movie,Andhadhun,India,2018.0,2018,TV-14,137 min,Comedies,1,0
s4289,TV Show,Ashes of Love,China,2018.0,2018,TV-14,1 Season,International TV Shows,0,1
s4290,Movie,Dragons: Dawn of the Dragon Racers,United States,2018.0,2014,TV-PG,27 min,Children & Family Movies,1,0
s4291,TV Show,DreamWorks Holiday Classics,United States,2018.0,2011,TV-PG,1 Season,Kids' TV,0,1
s4292,Movie,Kill the Messenger,United States,2018.0,2014,R,112 min,Dramas,1,0
s4293,Movie,Maps to the Stars,Canada,2018.0,2014,R,112 min,Comedies,1,0
s4294,Movie,Springsteen on Broadway,United States,2018.0,2018,TV-MA,153 min,Music & Musicals,1,0
s4295,Movie,The Theory of Everything,United Kingdom,2018.0,2014,PG-13,123 min,Dramas,1,0
s4296,Movie,F.R.E.D.I.,United States,2018.0,2018,TV-PG,90 min,Children & Family Movies,1,0
s4297,TV Show,Flowers,United Kingdom,2018.0,2018,TV-MA,2 Seasons,British TV Shows,0,1
s4298,Movie,Kita Kita,Philippines,2018.0,2017,TV-14,84 min,Comedies,1,0
s4299,Movie,Once in a Lifetime Sessions with George Ezra,United States,2018.0,2018,TV-MA,78 min,Documentaries,1,0
s4300,Movie,Once in a Lifetime Sessions with Kasabian,United States,2018.0,2018,TV-MA,79 min,Documentaries,1,0
s4301,Movie,Once in a Lifetime Sessions with OneRepublic,United States,2018.0,2018,TV-PG,73 min,Documentaries,1,0
s4302,Movie,Once in a Lifetime Sessions with Snow Patrol,United States,2018.0,2018,TV-MA,83 min,Documentaries,1,0
s4303,Movie,Sad Hill Unearthed,Spain,2018.0,2017,TV-14,83 min,Documentaries,1,0
s4304,Movie,Vanjagar Ulagam,India,2018.0,2018,TV-MA,145 min,Dramas,1,0
s4305,TV Show,Hymn of Death,South Korea,2018.0,2018,TV-14,1 Season,International TV Shows,0,1
s4307,Movie,ROMA,Mexico,2018.0,2018,R,135 min,Dramas,1,0
s4308,TV Show,The Fix,United States,2018.0,2018,TV-MA,1 Season,TV Comedies,0,1
s4309,TV Show,The Innocent Man,United States,2018.0,2018,TV-MA,1 Season,Crime TV Shows,0,1
s4310,TV Show,Tidelands,Australia,2018.0,2018,TV-MA,1 Season,Crime TV Shows,0,1
s4311,TV Show,Travelers,Canada,2018.0,2018,TV-MA,3 Seasons,Crime TV Shows,0,1
s4312,TV Show,Voltron: Legendary Defender,United States,2018.0,2018,TV-Y7,8 Seasons,Kids' TV,0,1
s4313,TV Show,Back Street Girls -GOKUDOLS-,Japan,2018.0,2018,TV-MA,1 Season,Anime Series,0,1
s4314,Movie,"Out of Many, One",United States,2018.0,2018,TV-PG,35 min,Documentaries,1,0
s4315,Movie,Vir Das: Losing It,United States,2018.0,2018,TV-MA,68 min,Stand-Up Comedy,1,0
s4316,Movie,5 Star Christmas,Italy,2018.0,2018,TV-14,96 min,Comedies,1,0
s4317,TV Show,Dogs of Berlin,Germany,2018.0,2018,TV-MA,1 Season,Crime TV Shows,0,1
s4318,Movie,Dumplin',United States,2018.0,2018,PG-13,110 min,Comedies,1,0
s4320,Movie,Mowgli: Legend of the Jungle,United Kingdom,2018.0,2018,PG-13,105 min,Action & Adventure,1,0
s4321,TV Show,Neo Yokio,United States,2018.0,2018,TV-MA,2 Seasons,TV Comedies,0,1
s4322,TV Show,Pine Gap,Australia,2018.0,2018,TV-MA,1 Season,International TV Shows,0,1
s4325,Movie,The American Meme,United States,2018.0,2018,TV-MA,98 min,Documentaries,1,0
s4327,TV Show,The Sound of Your Heart: Reboot,South Korea,2018.0,2018,TV-14,2 Seasons,International TV Shows,0,1
s4328,TV Show,Memories of the Alhambra,South Korea,2018.0,2018,TV-MA,1 Season,Crime TV Shows,0,1
s4329,Movie,Teefa in Trouble,Pakistan,2018.0,2018,TV-14,155 min,Action & Adventure,1,0
s4330,Movie,A Beautiful Life,China,2018.0,2011,TV-14,122 min,Dramas,1,0
s4331,Movie,Accident,Hong Kong,2018.0,2009,TV-MA,87 min,International Movies,1,0
s4332,Movie,"Ayotzinapa, el paso de la tortuga",Mexico,2018.0,2018,TV-MA,73 min,Documentaries,1,0
s4333,Movie,Battle,Norway,2018.0,2018,TV-MA,98 min,Dramas,1,0
s4334,Movie,Blind Detective,Hong Kong,2018.0,2013,TV-MA,130 min,Action & Adventure,1,0
s4335,Movie,Break Up 100,Hong Kong,2018.0,2014,TV-14,105 min,Comedies,1,0
s4336,Movie,Chal Bhaag,India,2018.0,2014,TV-14,110 min,Comedies,1,0
s4337,Movie,Crossroads: One Two Jaga,Malaysia,2018.0,2018,TV-14,81 min,Dramas,1,0
s4338,Movie,Don't Go Breaking My Heart,Hong Kong,2018.0,2011,TV-PG,115 min,Comedies,1,0
s4339,Movie,Don't Go Breaking My Heart 2,Hong Kong,2018.0,2014,TV-14,113 min,Comedies,1,0
s4340,Movie,Faraar,Australia,2018.0,2015,TV-14,146 min,Action & Adventure,1,0
s4342,Movie,Helios,Hong Kong,2018.0,2015,TV-14,118 min,Action & Adventure,1,0
s4343,Movie,Line Walker,China,2018.0,2016,TV-MA,109 min,Action & Adventure,1,0
s4344,Movie,Look for a Star,Hong Kong,2018.0,2009,TV-14,117 min,Comedies,1,0
s4346,Movie,Once a Gangster,Hong Kong,2018.0,2010,TV-MA,95 min,Action & Adventure,1,0
s4347,Movie,Power Paandi,India,2018.0,2017,TV-MA,124 min,Dramas,1,0
s4348,Movie,Roll With Me,United States,2018.0,2017,TV-MA,90 min,Documentaries,1,0
s4349,Movie,SDU: Sex Duties Unit,Hong Kong,2018.0,2013,TV-MA,96 min,Comedies,1,0
s4350,Movie,Set Off,China,2018.0,2008,TV-MA,96 min,Dramas,1,0
s4351,TV Show,1983,Poland,2018.0,2018,TV-MA,1 Season,Crime TV Shows,0,1
s4352,Movie,A Christmas Prince: The Royal Wedding,United States,2018.0,2018,TV-PG,93 min,Children & Family Movies,1,0
s4353,Movie,Angela's Christmas,Ireland,2018.0,2018,TV-Y,30 min,Children & Family Movies,1,0
s4354,TV Show,Death by Magic,United States,2018.0,2018,TV-PG,1 Season,Reality TV,0,1
s4355,Movie,El club de los insomnes,Mexico,2018.0,2018,TV-MA,82 min,Dramas,1,0
s4356,Movie,Happy as Lazzaro,Italy,2018.0,2018,PG-13,127 min,Dramas,1,0
s4357,TV Show,Love and Fortune,Japan,2018.0,2018,TV-MA,1 Season,International TV Shows,0,1
s4358,Movie,Manto,India,2018.0,2018,TV-MA,114 min,Dramas,1,0
s4359,Movie,Rajma Chawal,India,2018.0,2018,TV-MA,119 min,Comedies,1,0
s4360,TV Show,Spy Kids: Mission Critical,United States,2018.0,2018,TV-Y7,2 Seasons,Kids' TV,0,1
s4361,Movie,The World Is Yours,France,2018.0,2018,TV-MA,101 min,Action & Adventure,1,0
s4362,Movie,Time Share,Mexico,2018.0,2018,TV-MA,96 min,Dramas,1,0
s4363,TV Show,Bumping Mics with Jeff Ross & Dave Attell,United States,2018.0,2018,TV-MA,1 Season,Stand-Up Comedy & Talk Shows,0,1
s4364,TV Show,Minecraft: Story Mode,United States,2018.0,2015,TV-PG,1 Season,Kids' TV,0,1
s4365,Movie,My Little Pony Friendship Is Magic: Best Gift Ever,United States,2018.0,2018,TV-Y,44 min,Children & Family Movies,1,0
s4366,TV Show,Frontier,Canada,2018.0,2018,TV-MA,3 Seasons,International TV Shows,0,1
s4367,TV Show,Fugitiva,Spain,2018.0,2018,TV-MA,1 Season,Crime TV Shows,0,1
s4368,TV Show,Sick Note,United Kingdom,2018.0,2018,TV-MA,2 Seasons,British TV Shows,0,1
s4369,TV Show,Mystery Science Theater 3000: The Return,United States,2018.0,2018,TV-14,2 Seasons,TV Comedies,0,1
s4370,Movie,The Christmas Chronicles,United States,2018.0,2018,TV-PG,104 min,Children & Family Movies,1,0
s4371,Movie,The Tribe,Spain,2018.0,2018,TV-MA,91 min,Comedies,1,0
s4374,Movie,Puppy Star Christmas,United States,2018.0,2018,PG,91 min,Children & Family Movies,1,0
s4375,Movie,Sabrina,Indonesia,2018.0,2018,TV-MA,114 min,Horror Movies,1,0
s4376,Movie,Target,Indonesia,2018.0,2018,TV-14,91 min,Comedies,1,0
s4377,TV Show,The Final Table,United States,2018.0,2018,TV-PG,1 Season,Reality TV,0,1
s4378,Movie,Trevor Noah: Son of Patricia,United States,2018.0,2018,TV-MA,64 min,Stand-Up Comedy,1,0
s4379,Movie,The Pixar Story,United States,2018.0,2007,G,89 min,Documentaries,1,0
s4380,TV Show,Eternal Love,China,2018.0,2017,TV-14,1 Season,International TV Shows,0,1
s4381,TV Show,La Doña,United States,2018.0,2016,TV-14,1 Season,Spanish-Language TV Shows,0,1
s4382,TV Show,Silvana Sin Lana,United States,2018.0,2016,TV-14,1 Season,Romantic TV Shows,0,1
s4383,Movie,Cam,United States,2018.0,2018,TV-MA,95 min,Horror Movies,1,0
s4384,Movie,Nothing to Hide,France,2018.0,2018,TV-MA,94 min,Comedies,1,0
s4385,TV Show,Ponysitters Club,Canada,2018.0,2018,TV-G,2 Seasons,Kids' TV,0,1
s4386,Movie,The Ballad of Buster Scruggs,United States,2018.0,2018,R,133 min,Comedies,1,0
s4387,Movie,The Princess Switch,United States,2018.0,2018,TV-G,102 min,Children & Family Movies,1,0
s4388,TV Show,Vai Anitta,Brazil,2018.0,2018,TV-MA,1 Season,Docuseries,0,1
s4389,Movie,Aalorukkam,India,2018.0,2018,TV-PG,122 min,Dramas,1,0
s4391,Movie,Christmas Wedding Planner,Canada,2018.0,2017,PG,86 min,Comedies,1,0
s4392,Movie,Halkaa,India,2018.0,2018,TV-14,111 min,Comedies,1,0
s4393,Movie,May the Devil Take You,Indonesia,2018.0,2018,TV-MA,111 min,Horror Movies,1,0
s4394,Movie,Muzaffarnagar Baaqi Hai,India,2018.0,2015,TV-MA,136 min,Documentaries,1,0
s4395,Movie,Odu Raja Odu,India,2018.0,2018,TV-14,121 min,Comedies,1,0
s4396,Movie,Savita Damodar Paranjpe,India,2018.0,2018,TV-14,119 min,Horror Movies,1,0
s4397,Movie,The Giant,Spain,2018.0,2017,TV-14,115 min,Dramas,1,0
s4398,Movie,BuyBust,Philippines,2018.0,2018,TV-MA,128 min,Action & Adventure,1,0
s4400,TV Show,Warrior,Denmark,2018.0,2018,TV-MA,1 Season,Crime TV Shows,0,1
s4401,TV Show,Age of Tanks,Germany,2018.0,2017,TV-PG,1 Season,Docuseries,0,1
s4402,Movie,"All's Well, End's Well (2009)",Hong Kong,2018.0,2009,TV-14,99 min,Comedies,1,0
s4403,Movie,Lommbock,Germany,2018.0,2017,TV-MA,106 min,Comedies,1,0
s4404,TV Show,Medal of Honor,United States,2018.0,2018,TV-MA,1 Season,Docuseries,0,1
s4405,Movie,Outlaw King,United Kingdom,2018.0,2018,R,122 min,Action & Adventure,1,0
s4406,TV Show,Super Drags,Brazil,2018.0,2018,TV-MA,1 Season,International TV Shows,0,1
s4407,TV Show,The Queen of Flow,Colombia,2018.0,2018,TV-MA,1 Season,Crime TV Shows,0,1
s4408,TV Show,Treehouse Detectives,South Korea,2018.0,2018,TV-Y,2 Seasons,Kids' TV,0,1
s4409,TV Show,Westside,United States,2018.0,2018,TV-MA,1 Season,Reality TV,0,1
s4410,TV Show,Transfers,France,2018.0,2017,TV-MA,1 Season,Crime TV Shows,0,1
s4411,TV Show,Damnation,United States,2018.0,2017,TV-MA,1 Season,Crime TV Shows,0,1
s4412,Movie,Bucket List,India,2018.0,2018,TV-14,129 min,Dramas,1,0
s4413,Movie,John Leguizamo's Latin History for Morons,United States,2018.0,2018,TV-MA,90 min,Stand-Up Comedy,1,0
s4414,TV Show,Kopitiam,Malaysia,2018.0,2003,TV-14,7 Seasons,International TV Shows,0,1
s4415,Movie,Ana e Vitória,Brazil,2018.0,2018,TV-MA,116 min,Comedies,1,0
s4417,Movie,ReMastered: Tricky Dick & The Man in Black,United States,2018.0,2018,TV-14,59 min,Documentaries,1,0
s4418,Movie,The Holiday Calendar,United States,2018.0,2018,TV-G,95 min,Dramas,1,0
s4419,Movie,The Other Side of the Wind,France,2018.0,2018,R,122 min,Classic Movies,1,0
s4420,Movie,They’ll Love Me When I’m Dead,United States,2018.0,2018,TV-MA,98 min,Documentaries,1,0
s4421,Movie,Aagey Se Right,India,2018.0,2009,TV-14,117 min,Comedies,1,0
s4422,Movie,Aamir,India,2018.0,2008,TV-14,95 min,International Movies,1,0
s4423,Movie,ABCD 2,India,2018.0,2015,TV-14,146 min,Dramas,1,0
s4424,Movie,ABCD: Any Body Can Dance,India,2018.0,2013,TV-14,136 min,Dramas,1,0
s4425,Movie,Arjun: The Warrior Prince,India,2018.0,2011,TV-14,91 min,Action & Adventure,1,0
s4426,Movie,Asees,India,2018.0,2018,TV-14,123 min,Dramas,1,0
s4427,Movie,Barfi!,India,2018.0,2012,TV-14,144 min,Comedies,1,0
s4428,Movie,Chance Pe Dance,India,2018.0,2010,TV-14,121 min,Comedies,1,0
s4429,Movie,Christmas With A View,Canada,2018.0,2018,TV-PG,91 min,International Movies,1,0
s4430,Movie,Chup Chup Ke,India,2018.0,2006,TV-14,158 min,Comedies,1,0
s4431,TV Show,Creators,Argentina,2018.0,2015,TV-Y,2 Seasons,Kids' TV,0,1
s4432,Movie,Dhan Dhana Dhan Goal,United Kingdom,2018.0,2007,TV-14,157 min,Dramas,1,0
s4433,Movie,Dhoondte Reh Jaoge,India,2018.0,2009,TV-14,124 min,Comedies,1,0
s4434,Movie,Do Dooni Chaar,India,2018.0,2010,TV-PG,106 min,Comedies,1,0
s4435,Movie,Edge of Fear,United States,2018.0,2018,TV-MA,92 min,Independent Movies,1,0
s4436,Movie,"Edmilson Filho: Notas, Comedy about Relationships",Brazil,2018.0,2017,TV-MA,80 min,Stand-Up Comedy,1,0
s4437,TV Show,Follow This,United States,2018.0,2018,TV-MA,3 Seasons,Docuseries,0,1
s4438,Movie,Gaddar: the Traitor,India,2018.0,2015,TV-14,126 min,Dramas,1,0
s4439,Movie,Ghanchakkar,India,2018.0,2013,TV-MA,129 min,Comedies,1,0
s4440,Movie,Grandmaster,India,2018.0,2012,TV-14,133 min,International Movies,1,0
s4441,Movie,Hattrick,India,2018.0,2007,TV-14,109 min,Comedies,1,0
s4442,Movie,Heroine,India,2018.0,2012,TV-MA,143 min,Dramas,1,0
s4443,Movie,Himmatwala,India,2018.0,2013,TV-14,140 min,Action & Adventure,1,0
s4444,Movie,Husbands in Goa,India,2018.0,2012,TV-14,150 min,Comedies,1,0
s4445,Movie,Jatts in Golmaal,India,2018.0,2013,TV-PG,128 min,Comedies,1,0
s4446,Movie,Kai Po Che!,India,2018.0,2013,TV-MA,120 min,Dramas,1,0
s4447,Movie,Kalakalappu,India,2018.0,2012,TV-14,154 min,Comedies,1,0
s4448,Movie,Katt Williams: The Pimp Chronicles: Pt. 1,United States,2018.0,2006,TV-MA,45 min,Stand-Up Comedy,1,0
s4449,Movie,Katti Batti,India,2018.0,2015,TV-14,132 min,Comedies,1,0
s4450,Movie,Life in a ... Metro,India,2018.0,2007,TV-14,126 min,Dramas,1,0
s4451,Movie,Marc Maron: Thinky Pain,United States,2018.0,2013,TV-MA,95 min,Stand-Up Comedy,1,0
s4452,Movie,Mumbai Meri Jaan,India,2018.0,2008,TV-MA,135 min,Dramas,1,0
s4453,Movie,Mundeyan Ton Bachke Rahin,India,2018.0,2014,TV-14,139 min,Comedies,1,0
s4454,Movie,No One Killed Jessica,India,2018.0,2011,TV-MA,131 min,Dramas,1,0
s4455,Movie,Oye Lucky! Lucky Oye!,India,2018.0,2008,TV-14,118 min,Comedies,1,0
s4456,Movie,Paan Singh Tomar,India,2018.0,2010,TV-14,129 min,Action & Adventure,1,0
s4457,Movie,Raja Natwarlal,India,2018.0,2014,TV-14,131 min,Dramas,1,0
s4458,Movie,Satyagraha,India,2018.0,2013,TV-14,146 min,Dramas,1,0
s4459,Movie,Settai,India,2018.0,2013,TV-14,123 min,Comedies,1,0
s4460,Movie,Sigaram Thodu,India,2018.0,2014,TV-14,141 min,Dramas,1,0
s4461,Movie,Sommore: The Reign Continues,United States,2018.0,2015,TV-MA,93 min,Stand-Up Comedy,1,0
s4463,Movie,The Untold Tales of Armistead Maupin,United States,2018.0,2017,TV-MA,91 min,Documentaries,1,0
s4464,Movie,Vaya,South Africa,2018.0,2016,TV-MA,106 min,Dramas,1,0
s4465,Movie,Welcome to Sajjanpur,India,2018.0,2008,TV-14,131 min,Comedies,1,0
s4466,Movie,Yeh Hai Bakrapur,India,2018.0,2014,TV-PG,95 min,Comedies,1,0
s4467,Movie,Zokkomon,India,2018.0,2011,PG,104 min,Children & Family Movies,1,0
s4468,Movie,Gun City,Spain,2018.0,2018,TV-MA,126 min,Dramas,1,0
s4469,Movie,Heneral Luna,Philippines,2018.0,2015,R,118 min,Dramas,1,0
s4470,TV Show,Fate/EXTRA Last Encore,Japan,2018.0,2018,TV-MA,2 Seasons,Anime Series,0,1
s4471,Movie,Dragon Tiger Gate,Hong Kong,2018.0,2006,TV-14,94 min,Action & Adventure,1,0
s4473,Movie,Dovlatov,Russia,2018.0,2018,PG-13,126 min,Dramas,1,0
s4474,Movie,Jefe,Spain,2018.0,2018,TV-MA,90 min,Comedies,1,0
s4475,Movie,Santo Cachón,Colombia,2018.0,2018,TV-14,87 min,Comedies,1,0
s4476,Movie,Shirkers,United States,2018.0,2018,TV-14,97 min,Documentaries,1,0
s4477,TV Show,Terrorism Close Calls,United States,2018.0,2018,TV-MA,1 Season,Crime TV Shows,0,1
s4478,Movie,W/O Ram,India,2018.0,2018,TV-MA,115 min,Dramas,1,0
s4479,TV Show,DreamWorks Spooky Stories,United States,2018.0,2009,TV-PG,1 Season,Kids' TV,0,1
s4480,TV Show,Great News,United States,2018.0,2017,TV-14,2 Seasons,TV Comedies,0,1
s4481,Movie,Ronnie Coleman: The King,United States,2018.0,2018,TV-MA,93 min,Documentaries,1,0
s4483,Movie,ADAM SANDLER 100% FRESH,United States,2018.0,2018,TV-MA,74 min,Stand-Up Comedy,1,0
s4484,TV Show,Here to Heart,China,2018.0,2018,TV-14,1 Season,International TV Shows,0,1
s4485,Movie,Scorpion King 5: Book of Souls,United States,2018.0,2018,PG-13,102 min,Action & Adventure,1,0
s4486,TV Show,The Hollywood Masters,United States,2018.0,2017,TV-MA,3 Seasons,Stand-Up Comedy & Talk Shows,0,1
s4487,Movie,How to Get Over a Breakup,Peru,2018.0,2018,TV-MA,104 min,Comedies,1,0
s4488,TV Show,Accidentally in Love,China,2018.0,2018,TV-14,1 Season,International TV Shows,0,1
s4489,TV Show,Ask the Doctor,Australia,2018.0,2017,TV-PG,1 Season,Docuseries,0,1
s4490,TV Show,Best.Worst.Weekend.Ever.,United States,2018.0,2018,TV-PG,1 Season,Kids' TV,0,1
s4491,Movie,"Club de Cuervos Presents: I, Potro",Mexico,2018.0,2018,TV-MA,51 min,Movies,1,0
s4493,Movie,Gnome Alone,United Kingdom,2018.0,2018,PG,86 min,Children & Family Movies,1,0
s4494,Movie,Illang: The Wolf Brigade,South Korea,2018.0,2018,TV-MA,140 min,Action & Adventure,1,0
s4495,TV Show,Making a Murderer,United States,2018.0,2018,TV-14,2 Seasons,Crime TV Shows,0,1
s4496,TV Show,Marvel's Daredevil,United States,2018.0,2018,TV-MA,3 Seasons,Crime TV Shows,0,1
s4497,Movie,Naa Bangaaru Talli,India,2018.0,2013,TV-14,122 min,Dramas,1,0
s4499,TV Show,Project S The Series,Thailand,2018.0,2017,TV-MA,4 Seasons,International TV Shows,0,1
s4500,Movie,S Storm,Hong Kong,2018.0,2016,TV-MA,95 min,Action & Adventure,1,0
s4501,Movie,The Night Comes for Us,Indonesia,2018.0,2018,TV-MA,121 min,Action & Adventure,1,0
s4502,TV Show,Wanderlust,United Kingdom,2018.0,2018,TV-MA,1 Season,British TV Shows,0,1
s4503,Movie,Mr. Chandramouli,India,2018.0,2018,TV-MA,131 min,Dramas,1,0
s4504,TV Show,My Babysitter's a Vampire,Canada,2018.0,2012,TV-PG,2 Seasons,Kids' TV,0,1
s4505,TV Show,Rake,Australia,2018.0,2018,TV-MA,5 Seasons,Crime TV Shows,0,1
s4506,Movie,"Ron White: If You Quit Listening, I'll Shut Up",United States,2018.0,2018,TV-MA,63 min,Stand-Up Comedy,1,0
s4507,Movie,Meghnadbodh Rohoshyo,India,2018.0,2017,TV-MA,150 min,Dramas,1,0
s4508,Movie,Sanju,India,2018.0,2018,TV-MA,159 min,Dramas,1,0
s4509,TV Show,Stunt Science,United Kingdom,2018.0,2018,TV-MA,1 Season,British TV Shows,0,1
s4510,Movie,Soorma,India,2018.0,2018,TV-14,131 min,Dramas,1,0
s4511,Movie,Apostle,United Kingdom,2018.0,2018,TV-MA,130 min,Horror Movies,1,0
s4513,Movie,Errementari: The Blacksmith and the Devil,Spain,2018.0,2018,TV-MA,99 min,Horror Movies,1,0
s4514,Movie,Feminists: What Were They Thinking?,United States,2018.0,2018,TV-MA,86 min,Documentaries,1,0
s4516,Movie,Kuntilanak,Indonesia,2018.0,2018,TV-14,106 min,Horror Movies,1,0
s4517,Movie,ReMastered: Who Shot the Sheriff,United States,2018.0,2018,TV-14,57 min,Documentaries,1,0
s4518,TV Show,The Curious Creations of Christine McConnell,United States,2018.0,2018,TV-PG,1 Season,TV Comedies,0,1
s4519,TV Show,The Haunting of Hill House,United States,2018.0,2018,TV-MA,1 Season,TV Dramas,0,1
s4520,Movie,The Kindergarten Teacher,United States,2018.0,2018,R,97 min,Dramas,1,0
s4523,Movie,22 July,Norway,2018.0,2018,R,144 min,Dramas,1,0
s4524,TV Show,Blood Pact,Brazil,2018.0,2018,TV-MA,1 Season,Crime TV Shows,0,1
s4525,Movie,Tales From the Hood 2,United States,2018.0,2018,R,110 min,Cult Movies,1,0
s4526,Movie,Mo Amer: The Vagabond,United States,2018.0,2018,TV-MA,57 min,Stand-Up Comedy,1,0
s4527,Movie,Pulang,Malaysia,2018.0,2018,TV-14,119 min,Action & Adventure,1,0
s4528,TV Show,Sofia the First,United States,2018.0,2017,TV-Y,4 Seasons,Kids' TV,0,1
s4529,Movie,Seven in Heaven,United States,2018.0,2018,PG-13,94 min,Horror Movies,1,0
s4531,TV Show,Empire Games,Czech Republic,2018.0,2018,TV-14,1 Season,Docuseries,0,1
s4532,TV Show,LOST SONG,Japan,2018.0,2018,TV-14,1 Season,Anime Series,0,1
s4533,Movie,Malevolent,United Kingdom,2018.0,2018,TV-MA,89 min,Horror Movies,1,0
s4534,Movie,Private Life,United States,2018.0,2018,R,124 min,Comedies,1,0
s4536,TV Show,YG Future Strategy Office,South Korea,2018.0,2018,TV-MA,1 Season,International TV Shows,0,1
s4538,Movie,The Black Prince,United Kingdom,2018.0,2017,PG-13,121 min,Dramas,1,0
s4539,Movie,Truth or Dare,United States,2018.0,2017,TV-MA,88 min,Horror Movies,1,0
s4540,Movie,Death Race: Beyond Anarchy,United States,2018.0,2017,R,111 min,Action & Adventure,1,0
s4541,Movie,Eric ldle's What About Dick?,United States,2018.0,2012,TV-MA,81 min,Comedies,1,0
s4543,TV Show,Monty Python Best Bits (mostly),United Kingdom,2018.0,2014,TV-MA,1 Season,British TV Shows,0,1
s4545,Movie,"Monty Python Live (Mostly): One Down, Five to Go",United Kingdom,2018.0,2014,TV-MA,137 min,Comedies,1,0
s4546,Movie,Monty Python: Before the Flying Circus,United Kingdom,2018.0,2000,TV-MA,56 min,Comedies,1,0
s4547,Movie,Monty Python: Live at Aspen,United States,2018.0,1998,TV-MA,58 min,Comedies,1,0
s4548,Movie,Monty Python: Live at The Hollywood Bowl,United Kingdom,2018.0,1982,R,80 min,Comedies,1,0
s4549,Movie,Monty Python: The Meaning of Live,United Kingdom,2018.0,2014,TV-MA,94 min,Documentaries,1,0
s4550,TV Show,Monty Python's Almost the Truth,United Kingdom,2018.0,2009,TV-MA,1 Season,British TV Shows,0,1
s4551,TV Show,Monty Python's Fliegender Zirkus,United Kingdom,2018.0,1972,TV-MA,1 Season,International TV Shows,0,1
s4552,TV Show,Monty Python's Flying Circus,United Kingdom,2018.0,1974,TV-14,4 Seasons,British TV Shows,0,1
s4553,Movie,Monty Python's Life of Brian,United Kingdom,2018.0,1979,R,94 min,Classic Movies,1,0
s4554,TV Show,Monty Python's Personal Best,United States,2018.0,2005,TV-MA,1 Season,British TV Shows,0,1
s4555,Movie,Parrot Sketch Not Included: Twenty Years of Monty Python,United Kingdom,2018.0,1989,TV-14,72 min,Comedies,1,0
s4556,Movie,The Meaning of Monty Python,United Kingdom,2018.0,2013,TV-MA,60 min,Documentaries,1,0
s4557,Movie,25 Kille,India,2018.0,2016,TV-14,140 min,Action & Adventure,1,0
s4558,Movie,A Witches' Ball,Canada,2018.0,2017,PG,91 min,Children & Family Movies,1,0
s4559,Movie,Agyaat,India,2018.0,2009,TV-14,97 min,Horror Movies,1,0
s4560,Movie,Anjaan,India,2018.0,2014,TV-14,146 min,Action & Adventure,1,0
s4561,Movie,Bathinda Express,India,2018.0,2016,TV-14,118 min,Dramas,1,0
s4562,Movie,Delhi 6,India,2018.0,2009,TV-14,128 min,Dramas,1,0
s4563,Movie,Dev.D,India,2018.0,2009,TV-MA,137 min,Dramas,1,0
s4564,Movie,Dil Vil Pyaar Vyaar,India,2018.0,2014,TV-PG,145 min,International Movies,1,0
s4566,Movie,Ek Main Aur Ekk Tu,India,2018.0,2012,TV-14,106 min,Comedies,1,0
s4568,Movie,Haani,India,2018.0,2013,TV-14,137 min,Dramas,1,0
s4569,Movie,Happy Go Lucky,India,2018.0,2014,TV-14,129 min,Comedies,1,0
s4570,Movie,Harishchandrachi Factory,India,2018.0,2009,TV-PG,99 min,Dramas,1,0
s4571,TV Show,Hot Date,United States,2018.0,2018,TV-MA,1 Season,Romantic TV Shows,0,1
s4572,Movie,Jagga Jasoos,India,2018.0,2017,TV-14,155 min,Action & Adventure,1,0
s4573,Movie,Jatt James Bond,India,2018.0,2014,TV-14,142 min,Comedies,1,0
s4574,Movie,Jodhaa Akbar,India,2018.0,2008,TV-14,214 min,Action & Adventure,1,0
s4575,Movie,Judge Singh LLB,India,2018.0,2015,TV-PG,137 min,Comedies,1,0
s4576,Movie,Kaminey,India,2018.0,2009,TV-14,128 min,Dramas,1,0
s4577,Movie,Khido Khundi,India,2018.0,2018,TV-14,151 min,Dramas,1,0
s4578,Movie,Khoobsurat,India,2018.0,2014,TV-14,121 min,Comedies,1,0
s4579,Movie,Kisaan,India,2018.0,2009,TV-14,101 min,Action & Adventure,1,0
s4580,Movie,Kismat Konnection,India,2018.0,2008,TV-14,145 min,Comedies,1,0
s4581,Movie,Kurbaan,India,2018.0,2009,TV-14,147 min,International Movies,1,0
s4582,Movie,Lock,India,2018.0,2016,TV-14,90 min,Dramas,1,0
s4583,Movie,Luv Shuv Tey Chicken Khurana,India,2018.0,2012,TV-14,129 min,Comedies,1,0
s4584,Movie,"Main, Meri Patni Aur Woh",India,2018.0,2005,TV-PG,129 min,Comedies,1,0
s4585,Movie,Manje Bistre,India,2018.0,2017,TV-14,136 min,Comedies,1,0
s4586,Movie,Motor Mitraan Di,India,2018.0,2016,TV-PG,117 min,Comedies,1,0
s4587,Movie,Mugamoodi,India,2018.0,2012,TV-14,150 min,Action & Adventure,1,0
s4588,Movie,Muran,India,2018.0,2011,TV-14,134 min,Action & Adventure,1,0
s4589,Movie,My Friend Pinto,India,2018.0,2011,TV-14,100 min,Comedies,1,0
s4590,Movie,My Little Pony Equestria Girls: Forgotten Friendship,United States,2018.0,2018,TV-Y,44 min,Children & Family Movies,1,0
s4591,Movie,My Little Pony Equestria Girls: Rollercoaster of Friendship,United States,2018.0,2018,TV-Y,44 min,Children & Family Movies,1,0
s4592,Movie,My Suicide,United States,2018.0,2009,TV-MA,111 min,Comedies,1,0
s4593,Movie,Naan Sigappu Manithan,India,2018.0,2014,TV-14,147 min,Action & Adventure,1,0
s4594,Movie,Nasha,India,2018.0,2013,TV-14,115 min,Dramas,1,0
s4595,Movie,Naughty Jatts,India,2018.0,2013,TV-PG,121 min,Comedies,1,0
s4596,Movie,Needhi Singh,India,2018.0,2016,TV-14,103 min,Action & Adventure,1,0
s4597,Movie,Peace Haven,India,2018.0,2016,TV-14,73 min,Comedies,1,0
s4598,Movie,Phantom,India,2018.0,2015,TV-14,129 min,Action & Adventure,1,0
s4599,Movie,Pizza,India,2018.0,2014,TV-14,102 min,Horror Movies,1,0
s4600,Movie,Pooja Kiven Aa,India,2018.0,2013,TV-PG,122 min,Comedies,1,0
s4601,Movie,Race,India,2018.0,2008,TV-14,155 min,Action & Adventure,1,0
s4602,Movie,Race 2,India,2018.0,2013,TV-14,139 min,Action & Adventure,1,0
s4603,Movie,Saadey CM Saab,India,2018.0,2015,TV-PG,131 min,Comedies,1,0
s4604,Movie,Sat Shri Akaal England,India,2018.0,2017,TV-14,127 min,Comedies,1,0
s4605,TV Show,Strong,United States,2018.0,2016,TV-14,1 Season,Reality TV,0,1
s4606,Movie,Thaandavam,India,2018.0,2012,TV-14,156 min,Action & Adventure,1,0
s4608,Movie,Theeya Velai Seyyanum Kumaru,India,2018.0,2013,TV-PG,132 min,Comedies,1,0
s4609,TV Show,Three Wives One Husband,United Kingdom,2018.0,2018,TV-14,1 Season,British TV Shows,0,1
s4610,Movie,Tiger,India,2018.0,2016,TV-14,130 min,Action & Adventure,1,0
s4611,Movie,Udaan,India,2018.0,2010,TV-MA,137 min,Dramas,1,0
s4612,Movie,Vettai,India,2018.0,2012,TV-14,156 min,Action & Adventure,1,0
s4613,Movie,Wake Up Sid,India,2018.0,2009,TV-14,132 min,Comedies,1,0
s4614,Movie,We Are Family,India,2018.0,2010,TV-14,119 min,Dramas,1,0
s4615,Movie,What the Jatt!!,India,2018.0,2015,TV-PG,140 min,Comedies,1,0
s4616,Movie,Zindagi Kitni Haseen Hay,Pakistan,2018.0,2016,TV-14,126 min,Dramas,1,0
s4617,Movie,Big Miracle,United States,2018.0,2012,PG,107 min,Children & Family Movies,1,0
s4618,Movie,Paradise Lost,Brazil,2018.0,2018,TV-MA,111 min,Dramas,1,0
s4619,Movie,Animal World,China,2018.0,2018,TV-MA,130 min,Action & Adventure,1,0
s4620,Movie,Hold the Dark,United States,2018.0,2018,TV-MA,126 min,Action & Adventure,1,0
s4621,Movie,Lessons from a School Shooting: Notes from Dunblane,United States,2018.0,2018,TV-14,24 min,Documentaries,1,0
s4622,TV Show,Made in Mexico,United States,2018.0,2018,TV-MA,1 Season,International TV Shows,0,1
s4623,TV Show,Reboot: The Guardian Code,Canada,2018.0,2018,TV-Y7,2 Seasons,Kids' TV,0,1
s4624,TV Show,Skylanders Academy,South Korea,2018.0,2018,TV-Y7,3 Seasons,Kids' TV,0,1
s4625,Movie,The 3rd Eye,Indonesia,2018.0,2018,TV-MA,108 min,Horror Movies,1,0
s4626,Movie,Two Catalonias,Spain,2018.0,2018,TV-MA,117 min,Documentaries,1,0
s4627,Movie,In Darkness,United Kingdom,2018.0,2018,TV-MA,101 min,Independent Movies,1,0
s4629,TV Show,DRAGON PILOT: Hisone & Masotan,Japan,2018.0,2018,TV-14,1 Season,Anime Series,0,1
s4630,TV Show,Maniac,United States,2018.0,2018,TV-MA,1 Season,TV Comedies,0,1
s4631,Movie,Quincy,United States,2018.0,2018,TV-MA,124 min,Documentaries,1,0
s4632,Movie,Rafinha Bastos: Ultimatum,Brazil,2018.0,2018,TV-MA,63 min,Stand-Up Comedy,1,0
s4633,TV Show,The Good Cop,United States,2018.0,2018,TV-14,1 Season,Crime TV Shows,0,1
s4634,TV Show,Mobile Suit Gundam UC,Japan,2018.0,2014,TV-PG,1 Season,Anime Series,0,1
s4635,TV Show,Transformers: Rescue Bots,Canada,2018.0,2016,TV-Y7,1 Season,Kids' TV,0,1
s4636,TV Show,Al Hayba,Lebanon,2018.0,2017,TV-14,1 Season,Crime TV Shows,0,1
s4637,TV Show,American Vandal,United States,2018.0,2018,TV-MA,2 Seasons,Crime TV Shows,0,1
s4639,TV Show,Ingobernable,Mexico,2018.0,2018,TV-MA,2 Seasons,Crime TV Shows,0,1
s4640,TV Show,Norm Macdonald Has a Show,United States,2018.0,2018,TV-MA,1 Season,Stand-Up Comedy & Talk Shows,0,1
s4642,Movie,The Angel,Israel,2018.0,2018,TV-MA,114 min,Dramas,1,0
s4643,Movie,The Land of Steady Habits,United States,2018.0,2018,TV-MA,98 min,Comedies,1,0
s4644,TV Show,The Rise of Phoenixes,China,2018.0,2018,TV-14,1 Season,International TV Shows,0,1
s4645,Movie,Reversing Roe,United States,2018.0,2018,TV-14,100 min,Documentaries,1,0
s4646,TV Show,Life,South Korea,2018.0,2018,TV-MA,1 Season,International TV Shows,0,1
s4647,Movie,On My Skin,Italy,2018.0,2018,TV-MA,100 min,Dramas,1,0
s4648,TV Show,Daniel Sloss: Live Shows,United States,2018.0,2018,TV-MA,1 Season,Stand-Up Comedy & Talk Shows,0,1
s4650,Movie,The Resistance Banker,Netherlands,2018.0,2018,TV-MA,123 min,Dramas,1,0
s4652,TV Show,Transformers Prime,United States,2018.0,2013,TV-Y7,1 Season,Kids' TV,0,1
s4653,TV Show,Transformers: Robots in Disguise,United States,2018.0,2016,TV-Y7,1 Season,Kids' TV,0,1
s4654,Movie,City of Joy,United States,2018.0,2018,TV-MA,77 min,Documentaries,1,0
s4656,TV Show,Marvel's Iron Fist,United States,2018.0,2018,TV-MA,2 Seasons,Crime TV Shows,0,1
s4657,Movie,Next Gen,China,2018.0,2018,TV-PG,106 min,Children & Family Movies,1,0
s4658,Movie,Sierra Burgess Is A Loser,United States,2018.0,2018,PG-13,106 min,Comedies,1,0
s4659,TV Show,Stretch Armstrong & the Flex Fighters,United States,2018.0,2018,TV-Y7,2 Seasons,Kids' TV,0,1
s4660,Movie,The Most Assassinated Woman in the World,Belgium,2018.0,2018,TV-MA,102 min,Dramas,1,0
s4661,Movie,PK,India,2018.0,2014,TV-14,146 min,Comedies,1,0
s4662,Movie,The Debt Collector,United Kingdom,2018.0,2018,TV-MA,96 min,Action & Adventure,1,0
s4663,TV Show,Monkey Twins,Thailand,2018.0,2018,TV-MA,1 Season,Crime TV Shows,0,1
s4664,TV Show,Quantico,United States,2018.0,2018,TV-14,3 Seasons,Crime TV Shows,0,1
s4665,TV Show,Age of Rebellion,Taiwan,2018.0,2018,TV-MA,1 Season,Crime TV Shows,0,1
s4666,Movie,Carbon,France,2018.0,2017,TV-MA,104 min,Dramas,1,0
s4667,Movie,Garbage,India,2018.0,2018,TV-MA,109 min,Dramas,1,0
s4668,Movie,​​Kuch Bheege Alfaaz,India,2018.0,2018,TV-14,110 min,Dramas,1,0
s4669,Movie,Love and Shukla,India,2018.0,2017,TV-MA,110 min,Dramas,1,0
s4670,Movie,Once Again,India,2018.0,2018,TV-PG,101 min,Dramas,1,0
s4671,TV Show,Sisters,Australia,2018.0,2018,TV-MA,1 Season,International TV Shows,0,1
s4672,Movie,Sparring,France,2018.0,2017,TV-MA,94 min,Dramas,1,0
s4673,TV Show,Cathedral of the Sea,Spain,2018.0,2017,TV-MA,1 Season,International TV Shows,0,1
s4674,TV Show,Inside the Criminal Mind,United States,2018.0,2018,TV-MA,1 Season,Crime TV Shows,0,1
s4675,TV Show,The Comedy Lineup,United States,2018.0,2018,TV-MA,2 Seasons,Stand-Up Comedy & Talk Shows,0,1
s4676,Movie,The Laws of Thermodynamics,Spain,2018.0,2018,TV-MA,101 min,Comedies,1,0
s4677,TV Show,Ultimate Beastmaster,United States,2018.0,2018,TV-PG,3 Seasons,Reality TV,0,1
s4679,TV Show,Undercover Law,Colombia,2018.0,2017,TV-MA,1 Season,Crime TV Shows,0,1
s4680,Movie,Naam Shabana,India,2018.0,2017,TV-14,141 min,Action & Adventure,1,0
s4681,Movie,Qarib Qarib Singlle,India,2018.0,2017,TV-14,120 min,Comedies,1,0
s4682,Movie,Spyder,India,2018.0,2017,TV-14,140 min,Action & Adventure,1,0
s4683,TV Show,Chicken Soup for the Soul's Being Dad,United States,2018.0,2018,TV-MA,1 Season,Docuseries,0,1
s4684,Movie,Maria Bamford: The Special Special Special,United States,2018.0,2012,TV-MA,50 min,Stand-Up Comedy,1,0
s4686,TV Show,GHOUL,India,2018.0,2018,TV-MA,1 Season,International TV Shows,0,1
s4687,Movie,One Last Shot,Canada,2018.0,1998,TV-MA,31 min,Comedies,1,0
s4688,TV Show,Take My Brother Away,China,2018.0,2018,TV-14,1 Season,International TV Shows,0,1
s4689,Movie,The After Party,United States,2018.0,2018,TV-MA,90 min,Comedies,1,0
s4690,TV Show,The Innocents,United Kingdom,2018.0,2018,TV-MA,1 Season,British TV Shows,0,1
s4691,Movie,Bareilly Ki Barfi,India,2018.0,2017,TV-14,110 min,Comedies,1,0
s4692,Movie,Mersal,India,2018.0,2017,TV-14,162 min,Action & Adventure,1,0
s4693,Movie,Mom,India,2018.0,2017,TV-14,139 min,Dramas,1,0
s4694,Movie,Pad Man,India,2018.0,2018,PG-13,130 min,Dramas,1,0
s4695,Movie,Toilet: Ek Prem Katha,India,2018.0,2017,TV-14,145 min,Comedies,1,0
s4696,Movie,Party Monster: Scratching the Surface,United States,2018.0,2018,TV-14,33 min,Comedies,1,0
s4697,TV Show,Stay Here,United States,2018.0,2018,TV-PG,1 Season,Reality TV,0,1
s4698,Movie,The Motive,Spain,2018.0,2017,TV-MA,114 min,Comedies,1,0
s4699,Movie,To All the Boys I’ve Loved Before,United States,2018.0,2018,TV-14,100 min,Comedies,1,0
s4700,Movie,Yoo Byung Jae: Discomfort Zone,South Korea,2018.0,2018,TV-MA,54 min,Stand-Up Comedy,1,0
s4701,Movie,Bhavesh Joshi Superhero,India,2018.0,2018,TV-14,150 min,Dramas,1,0
s4702,Movie,For Here or to Go?,United States,2018.0,2015,TV-MA,105 min,Comedies,1,0
s4703,TV Show,72 Dangerous Animals: Asia,Australia,2018.0,2018,TV-14,1 Season,Docuseries,0,1
s4704,TV Show,Afflicted,United States,2018.0,2018,TV-MA,1 Season,Docuseries,0,1
s4705,TV Show,All About the Washingtons,United States,2018.0,2018,TV-PG,1 Season,TV Comedies,0,1
s4706,Movie,The Guernsey Literary and Potato Peel Pie Society,United Kingdom,2018.0,2018,TV-PG,124 min,Dramas,1,0
s4707,Movie,The Package,United States,2018.0,2018,TV-MA,95 min,Comedies,1,0
s4708,Movie,Zion,United States,2018.0,2018,TV-PG,12 min,Documentaries,1,0
s4709,Movie,Perdida,Argentina,2018.0,2018,TV-MA,104 min,Dramas,1,0
s4710,TV Show,The Originals,United States,2018.0,2018,TV-14,5 Seasons,TV Dramas,0,1
s4712,TV Show,On Children,Taiwan,2018.0,2018,TV-14,1 Season,International TV Shows,0,1
s4713,Movie,2 States,India,2018.0,2014,TV-PG,143 min,Comedies,1,0
s4714,Movie,Baaghi,India,2018.0,2016,TV-14,127 min,Action & Adventure,1,0
s4715,Movie,Brij Mohan Amar Rahe,India,2018.0,2018,TV-MA,100 min,Comedies,1,0
s4716,Movie,Flavors of Youth: International Version,China,2018.0,2018,TV-PG,74 min,Anime Features,1,0
s4717,TV Show,Cocaine Coast,Spain,2018.0,2018,TV-MA,1 Season,Crime TV Shows,0,1
s4719,Movie,Like Father,United States,2018.0,2018,TV-MA,104 min,Comedies,1,0
s4720,Movie,7 Khoon Maaf,India,2018.0,2011,TV-MA,148 min,Dramas,1,0
s4721,Movie,Chillar Party,India,2018.0,2011,TV-PG,127 min,Children & Family Movies,1,0
s4722,Movie,Fashion,India,2018.0,2008,TV-MA,158 min,Dramas,1,0
s4723,Movie,Fitoor,India,2018.0,2016,TV-14,124 min,Dramas,1,0
s4724,Movie,Fiza,India,2018.0,2000,TV-14,163 min,Dramas,1,0
s4725,Movie,Guzaarish,India,2018.0,2010,TV-14,121 min,Dramas,1,0
s4726,Movie,Haider,India,2018.0,2014,TV-MA,154 min,Dramas,1,0
s4727,Movie,Highway,India,2018.0,2014,TV-14,127 min,Action & Adventure,1,0
s4728,Movie,I Hate Luv Storys,India,2018.0,2010,TV-14,128 min,Comedies,1,0
s4729,Movie,Joker,India,2018.0,2012,TV-PG,98 min,Comedies,1,0
s4730,Movie,Main aurr Mrs. Khanna,India,2018.0,2009,TV-14,109 min,International Movies,1,0
s4731,Movie,Mohenjo Daro,India,2018.0,2016,TV-14,168 min,Action & Adventure,1,0
s4732,Movie,Raajneeti,India,2018.0,2010,TV-14,162 min,Dramas,1,0
s4733,Movie,Rang De Basanti,India,2018.0,2006,TV-14,159 min,Dramas,1,0
s4734,Movie,Rowdy Rathore,India,2018.0,2012,TV-14,137 min,Action & Adventure,1,0
s4735,Movie,Tamasha,India,2018.0,2015,TV-14,133 min,Dramas,1,0
s4736,Movie,Tere Naal Love Ho Gaya,India,2018.0,2012,TV-14,127 min,Comedies,1,0
s4737,Movie,Thank You,India,2018.0,2011,TV-14,131 min,Comedies,1,0
s4738,Movie,The Blue Umbrella,India,2018.0,2005,TV-PG,90 min,Children & Family Movies,1,0
s4739,TV Show,Becoming Champions,Mexico,2018.0,2018,TV-G,1 Season,Docuseries,0,1
s4740,Movie,Being Napoleon,United States,2018.0,2018,TV-MA,88 min,Documentaries,1,0
s4741,Movie,Invisible,Argentina,2018.0,2017,TV-MA,87 min,Dramas,1,0
s4742,TV Show,Switched,Japan,2018.0,2018,TV-MA,1 Season,International TV Shows,0,1
s4743,TV Show,The Could’ve-Gone-All-the-Way Committee,Japan,2018.0,2018,TV-14,1 Season,International TV Shows,0,1
s4744,TV Show,A Very Secret Service,France,2018.0,2018,TV-MA,2 Seasons,International TV Shows,0,1
s4745,TV Show,SWORDGAI The Animation,Japan,2018.0,2018,TV-MA,2 Seasons,Anime Series,0,1
s4746,Movie,Da Kath & Kim Code,Australia,2018.0,2005,TV-PG,82 min,Movies,1,0
s4747,Movie,Kath & Kimderella,Australia,2018.0,2012,TV-14,86 min,Comedies,1,0
s4748,TV Show,Kath and Kim,Australia,2018.0,2007,TV-MA,6 Seasons,TV Comedies,0,1
s4749,Movie,The Mansion,France,2018.0,2017,TV-MA,100 min,Comedies,1,0
s4750,Movie,Coco y Raulito: Carrusel de ternura,Mexico,2018.0,2018,TV-MA,57 min,Stand-Up Comedy,1,0
s4751,TV Show,El Chapo,Mexico,2018.0,2018,TV-MA,3 Seasons,Crime TV Shows,0,1
s4752,Movie,Extinction,United States,2018.0,2018,TV-MA,95 min,Action & Adventure,1,0
s4753,TV Show,Smoking,Japan,2018.0,2018,TV-MA,1 Season,Crime TV Shows,0,1
s4754,Movie,The Bleeding Edge,Australia,2018.0,2018,TV-14,101 min,Documentaries,1,0
s4755,TV Show,Welcome to the Family,Spain,2018.0,2018,TV-MA,1 Season,International TV Shows,0,1
s4756,Movie,Parmanu: The Story of Pokhran,India,2018.0,2018,TV-PG,124 min,Dramas,1,0
s4757,Movie,Iliza Shlesinger: Elder Millennial,United States,2018.0,2018,TV-MA,72 min,Stand-Up Comedy,1,0
s4758,Movie,The Warning,Spain,2018.0,2018,TV-MA,93 min,International Movies,1,0
s4759,TV Show,Amazing Interiors,United Kingdom,2018.0,2018,TV-PG,1 Season,British TV Shows,0,1
s4760,TV Show,Dark Tourist,New Zealand,2018.0,2018,TV-MA,1 Season,Docuseries,0,1
s4761,Movie,Duck Duck Goose,China,2018.0,2018,PG,92 min,Children & Family Movies,1,0
s4762,Movie,Father of the Year,United States,2018.0,2018,TV-MA,95 min,Comedies,1,0
s4763,TV Show,Home: Adventures with Tip & Oh,United States,2018.0,2018,TV-Y7,4 Seasons,Kids' TV,0,1
s4764,TV Show,Jimmy: The True Story of a True Idiot,Japan,2018.0,2018,TV-MA,1 Season,International TV Shows,0,1
s4765,TV Show,Luna Petunia: Return to Amazia,Canada,2018.0,2018,TV-Y,2 Seasons,Kids' TV,0,1
s4766,Movie,Nothing to Lose,Brazil,2018.0,2018,PG,133 min,Dramas,1,0
s4767,Movie,El club de los buenos infieles,Spain,2018.0,2018,TV-MA,85 min,Comedies,1,0
s4769,Movie,Camarón: The Film,Spain,2018.0,2018,TV-14,105 min,Documentaries,1,0
s4770,Movie,GODZILLA City on the Edge of Battle,Japan,2018.0,2018,TV-14,101 min,Action & Adventure,1,0
s4771,Movie,Going for Gold,Australia,2018.0,2018,TV-G,88 min,Children & Family Movies,1,0
s4772,TV Show,The Joel McHale Show with Joel McHale,United States,2018.0,2018,TV-MA,2 Seasons,Stand-Up Comedy & Talk Shows,0,1
s4773,TV Show,Meteor Garden,China,2018.0,2018,TV-14,1 Season,International TV Shows,0,1
s4774,Movie,How It Ends,United States,2018.0,2018,TV-MA,113 min,Action & Adventure,1,0
s4775,Movie,Jim Jefferies: This Is Me Now,United States,2018.0,2018,TV-MA,71 min,Stand-Up Comedy,1,0
s4776,Movie,Romina,Mexico,2018.0,2018,TV-MA,75 min,Horror Movies,1,0
s4777,TV Show,Mossad 101,Israel,2018.0,2017,TV-MA,2 Seasons,International TV Shows,0,1
s4778,TV Show,Baby Ballroom,United Kingdom,2018.0,2018,TV-MA,2 Seasons,British TV Shows,0,1
s4779,TV Show,Drug Lords,United States,2018.0,2018,TV-MA,2 Seasons,Crime TV Shows,0,1
s4780,TV Show,Mr. Sunshine,South Korea,2018.0,2018,TV-MA,1 Season,International TV Shows,0,1
s4781,TV Show,First Team: Juventus,United States,2018.0,2018,TV-PG,2 Seasons,Docuseries,0,1
s4782,Movie,Luciano Mellera: Infantiloide,Argentina,2018.0,2018,TV-14,66 min,Stand-Up Comedy,1,0
s4783,Movie,The Legacy of a Whitetail Deer Hunter,United States,2018.0,2018,TV-14,83 min,Action & Adventure,1,0
s4784,Movie,The Skin of the Wolf,Spain,2018.0,2018,TV-MA,110 min,Dramas,1,0
s4785,Movie,White Fang,France,2018.0,2018,TV-PG,88 min,Children & Family Movies,1,0
s4786,Movie,Sommore: Chandelier Status,United States,2018.0,2013,TV-MA,77 min,Stand-Up Comedy,1,0
s4787,Movie,Felipe Esparza: They're Not Going to Laugh at You,United States,2018.0,2012,TV-MA,58 min,Stand-Up Comedy,1,0
s4788,Movie,Joan Rivers: Don't Start with Me,United States,2018.0,2012,TV-MA,69 min,Stand-Up Comedy,1,0
s4789,Movie,Katt Williams: Kattpacalypse,United States,2018.0,2012,TV-MA,61 min,Stand-Up Comedy,1,0
s4790,Movie,King of Peking,China,2018.0,2018,TV-14,88 min,Comedies,1,0
s4791,Movie,Anthony Kaun Hai?,India,2018.0,2006,TV-14,122 min,Comedies,1,0
s4792,Movie,Bo Burnham: what.,United States,2018.0,2013,TV-MA,60 min,Stand-Up Comedy,1,0
s4793,Movie,Chalte Chalte,India,2018.0,2003,TV-14,166 min,Dramas,1,0
s4794,Movie,Deewana Main Deewana,India,2018.0,2013,TV-14,107 min,Comedies,1,0
s4795,Movie,Duck Butter,United States,2018.0,2018,TV-MA,94 min,Dramas,1,0
s4796,Movie,I Am Kalam,India,2018.0,2010,TV-PG,87 min,Children & Family Movies,1,0
s4797,Movie,My Birthday Song,India,2018.0,2018,TV-14,92 min,Dramas,1,0
s4798,Movie,Namastey London,India,2018.0,2007,TV-14,130 min,Comedies,1,0
s4799,TV Show,NCIS,United States,2018.0,2017,TV-14,15 Seasons,Crime TV Shows,0,1
s4800,Movie,Soul Robbers,Mexico,2018.0,2015,TV-14,88 min,Horror Movies,1,0
s4801,Movie,Tum Milo Toh Sahi,India,2018.0,2010,TV-14,128 min,Comedies,1,0
s4802,Movie,What We Started,United States,2018.0,2017,TV-MA,96 min,Documentaries,1,0
s4803,Movie,Zoo,India,2018.0,2018,TV-MA,94 min,Dramas,1,0
s4804,Movie,Bill Burr: You People Are All the Same,United States,2018.0,2012,TV-MA,69 min,Stand-Up Comedy,1,0
s4805,TV Show,Somewhere Between,United States,2018.0,2017,TV-14,1 Season,Crime TV Shows,0,1
s4806,Movie,The Maus,Spain,2018.0,2017,TV-MA,90 min,Horror Movies,1,0
s4807,Movie,Calibre,United Kingdom,2018.0,2018,TV-MA,101 min,Dramas,1,0
s4808,TV Show,Churchill’s Secret Agents: The New Recruits,United Kingdom,2018.0,2018,TV-MA,1 Season,British TV Shows,0,1
s4809,Movie,Jani Dueñas: Grandes fracasos de ayer y hoy,Chile,2018.0,2018,TV-MA,77 min,Stand-Up Comedy,1,0
s4810,TV Show,Kiss Me First,United Kingdom,2018.0,2018,TV-MA,1 Season,British TV Shows,0,1
s4811,Movie,Penalty Kick,Colombia,2018.0,2018,TV-14,89 min,Comedies,1,0
s4812,Movie,Recovery Boys,United States,2018.0,2018,TV-MA,90 min,Documentaries,1,0
s4813,Movie,TAU,United States,2018.0,2018,R,98 min,Sci-Fi & Fantasy,1,0
s4814,TV Show,Hotel Transylvania,United States,2018.0,2017,TV-Y7,1 Season,Kids' TV,0,1
s4815,Movie,W. Kamau Bell: Private School Negro,United States,2018.0,2018,TV-MA,66 min,Stand-Up Comedy,1,0
s4816,TV Show,Borges,Brazil,2018.0,2018,TV-MA,1 Season,International TV Shows,0,1
s4817,Movie,Expelled from Paradise,Japan,2018.0,2014,TV-MA,103 min,Action & Adventure,1,0
s4818,Movie,"To Each, Her Own",France,2018.0,2018,TV-MA,95 min,Comedies,1,0
s4819,TV Show,Life Sentence,United States,2018.0,2018,TV-14,1 Season,TV Dramas,0,1
s4820,Movie,Brain on Fire,United States,2018.0,2016,PG-13,89 min,Dramas,1,0
s4821,Movie,Derren Brown: Miracle,United Kingdom,2018.0,2018,TV-MA,74 min,International Movies,1,0
s4822,TV Show,Marvel's Luke Cage,United States,2018.0,2018,TV-MA,2 Seasons,Crime TV Shows,0,1
s4823,Movie,Us and Them,China,2018.0,2018,TV-MA,119 min,Dramas,1,0
s4824,Movie,Hannah Gadsby: Nanette,Australia,2018.0,2018,TV-MA,70 min,Stand-Up Comedy,1,0
s4825,TV Show,Club de Cuervos Presents: The Ballad of Hugo Sánchez,United States,2018.0,2018,TV-MA,1 Season,International TV Shows,0,1
s4826,Movie,Lust Stories,India,2018.0,2018,TV-MA,121 min,Comedies,1,0
s4827,Movie,Maktub,Israel,2018.0,2018,TV-MA,106 min,Comedies,1,0
s4828,Movie,Pacificum: Return to the Ocean,Peru,2018.0,2017,TV-G,74 min,Documentaries,1,0
s4829,Movie,Set It Up,United States,2018.0,2018,TV-MA,106 min,Comedies,1,0
s4830,Movie,Sunday's Illness,Spain,2018.0,2017,PG-13,113 min,Dramas,1,0
s4831,Movie,The last hour,Chile,2018.0,2017,TV-MA,119 min,Dramas,1,0
s4834,Movie,Alex Strangelove,United States,2018.0,2018,TV-MA,100 min,Comedies,1,0
s4835,Movie,Ali's Wedding,Australia,2018.0,2018,TV-MA,110 min,Comedies,1,0
s4836,Movie,Franco Escamilla: Por la anécdota,Mexico,2018.0,2018,TV-MA,66 min,Stand-Up Comedy,1,0
s4837,TV Show,The Staircase,France,2018.0,2018,TV-MA,1 Season,Crime TV Shows,0,1
s4838,TV Show,The Night Shift,United States,2018.0,2017,TV-14,4 Seasons,TV Dramas,0,1
s4839,TV Show,Dinosaur King,Japan,2018.0,2008,TV-Y7,2 Seasons,Anime Series,0,1
s4840,Movie,B.A. Pass 2,India,2018.0,2017,TV-14,126 min,Dramas,1,0
s4841,Movie,Bad Genius,Thailand,2018.0,2017,TV-MA,130 min,Dramas,1,0
s4842,TV Show,November 13: Attack on Paris,France,2018.0,2018,TV-MA,1 Season,Crime TV Shows,0,1
s4843,Movie,Outside In,United States,2018.0,2018,TV-MA,110 min,Dramas,1,0
s4844,Movie,Pedal the World,Germany,2018.0,2015,TV-MA,85 min,Documentaries,1,0
s4845,TV Show,Unbreakable Kimmy Schmidt,United States,2018.0,2019,TV-14,4 Seasons,TV Comedies,0,1
s4846,TV Show,Arrested Development,United States,2018.0,2019,TV-MA,5 Seasons,TV Comedies,0,1
s4847,TV Show,The Break with Michelle Wolf,United States,2018.0,2018,TV-MA,1 Season,Stand-Up Comedy & Talk Shows,0,1
s4848,Movie,Sara's Notebook,Spain,2018.0,2018,TV-MA,117 min,Dramas,1,0
s4849,TV Show,Something in the Rain,South Korea,2018.0,2018,TV-MA,1 Season,International TV Shows,0,1
s4850,Movie,Fernando Sanjiao: Hombre,Argentina,2018.0,2018,TV-MA,63 min,Stand-Up Comedy,1,0
s4851,Movie,Ibiza,United States,2018.0,2018,TV-MA,94 min,Comedies,1,0
s4852,Movie,Steve Martin and Martin Short: An Evening You Will Forget for the Rest of Your Life,United States,2018.0,2018,TV-14,74 min,Stand-Up Comedy,1,0
s4853,TV Show,Trollhunters,United States,2018.0,2018,TV-Y7,3 Seasons,Kids' TV,0,1
s4854,TV Show,Mob Psycho 100,Japan,2018.0,2018,TV-MA,1 Season,International TV Shows,0,1
s4855,Movie,Tig Notaro Happy To Be Here,United States,2018.0,2018,TV-14,58 min,Stand-Up Comedy,1,0
s4856,Movie,Catching Feelings,South Africa,2018.0,2018,TV-MA,117 min,Comedies,1,0
s4858,TV Show,Inspector Gadget,Canada,2018.0,2017,TV-Y7,4 Seasons,Crime TV Shows,0,1
s4859,Movie,Katt Williams: American Hustle (The Movie),United States,2018.0,2007,TV-MA,89 min,Stand-Up Comedy,1,0
s4860,Movie,Food on the Go,Argentina,2018.0,2017,TV-MA,66 min,Documentaries,1,0
s4861,Movie,Aiyaary,India,2018.0,2018,TV-MA,158 min,Action & Adventure,1,0
s4862,Movie,Lupin the 3rd: The Castle of Cagliostro: Special Edition,Japan,2018.0,1979,PG-13,100 min,Action & Adventure,1,0
s4863,TV Show,Saint Seiya: The Lost Canvas,Japan,2018.0,2009,TV-MA,1 Season,Anime Series,0,1
s4864,Movie,Ali Wong: Hard Knock Wife,United States,2018.0,2018,TV-MA,64 min,Stand-Up Comedy,1,0
s4865,Movie,Spivak,United States,2018.0,2017,TV-MA,92 min,Comedies,1,0
s4866,TV Show,Bill Nye Saves the World,United States,2018.0,2018,TV-14,3 Seasons,Stand-Up Comedy & Talk Shows,0,1
s4867,Movie,Carlos Ballarta: Furia Ñera,Mexico,2018.0,2018,TV-MA,63 min,Stand-Up Comedy,1,0
s4868,TV Show,Evil Genius,United States,2018.0,2018,TV-MA,1 Season,Crime TV Shows,0,1
s4869,Movie,The Kissing Booth,United Kingdom,2018.0,2018,TV-14,105 min,Comedies,1,0
s4870,TV Show,The Who Was? Show,United States,2018.0,2018,TV-PG,1 Season,Kids' TV,0,1
s4871,Movie,Hari Kondabolu: Warn Your Relatives,United States,2018.0,2018,TV-MA,67 min,Stand-Up Comedy,1,0
s4872,Movie,My Fuhrer,Germany,2018.0,2007,TV-14,91 min,Comedies,1,0
s4873,Movie,Family Blood,United States,2018.0,2018,TV-MA,92 min,Horror Movies,1,0
s4874,Movie,Pup Star: World Tour,Canada,2018.0,2018,G,87 min,Children & Family Movies,1,0
s4875,TV Show,A Little Help with Carol Burnett,United States,2018.0,2018,TV-G,1 Season,Stand-Up Comedy & Talk Shows,0,1
s4876,Movie,Anon,United Kingdom,2018.0,2018,TV-MA,100 min,Dramas,1,0
s4877,Movie,Dany Boon: Des Hauts De France,France,2018.0,2018,TV-MA,113 min,Stand-Up Comedy,1,0
s4878,Movie,End Game,United States,2018.0,2018,TV-PG,40 min,Documentaries,1,0
s4879,Movie,Forgive Us Our Debts,Italy,2018.0,2018,TV-MA,105 min,Dramas,1,0
s4880,TV Show,Kong: King of the Apes,United States,2018.0,2018,TV-Y7,2 Seasons,Kids' TV,0,1
s4881,Movie,Lo más sencillo es complicarlo todo,Mexico,2018.0,2018,TV-14,94 min,Comedies,1,0
s4882,Movie,Manhunt,China,2018.0,2017,TV-MA,109 min,Action & Adventure,1,0
s4883,Movie,Thi Mai,Spain,2018.0,2017,TV-MA,99 min,Comedies,1,0
s4884,Movie,Si saben cómo me pongo ¿pá qué me invitan?,Colombia,2018.0,2018,TV-MA,89 min,Comedies,1,0
s4885,Movie,Jailbreak,Cambodia,2018.0,2017,TV-MA,92 min,Action & Adventure,1,0
s4886,Movie,Ajji,India,2018.0,2017,TV-MA,105 min,Dramas,1,0
s4887,Movie,CIA: Comrade in America,India,2018.0,2017,TV-14,130 min,Action & Adventure,1,0
s4888,Movie,Coffee for All,Italy,2018.0,2017,TV-PG,69 min,Documentaries,1,0
s4889,Movie,Darc,United States,2018.0,2018,TV-MA,98 min,Action & Adventure,1,0
s4890,Movie,Despido Procedente,Argentina,2018.0,2017,TV-MA,90 min,Comedies,1,0
s4891,Movie,John Mulaney: Kid Gorgeous at Radio City,United States,2018.0,2018,TV-MA,65 min,Stand-Up Comedy,1,0
s4892,Movie,My Perfect Romance,Canada,2018.0,2018,PG,92 min,Comedies,1,0
s4894,Movie,Pocoyo & The Space Circus,Spain,2018.0,2008,TV-Y,25 min,Movies,1,0
s4896,Movie,Pocoyo Halloween: Space Halloween,United States,2018.0,2015,TV-Y,40 min,Movies,1,0
s4899,TV Show,Simon,France,2018.0,2016,TV-Y,1 Season,Kids' TV,0,1
s4900,Movie,Sometimes,India,2018.0,2016,TV-14,101 min,Dramas,1,0
s4902,Movie,The Clapper,United States,2018.0,2017,R,90 min,Comedies,1,0
s4903,Movie,Toc Toc,Spain,2018.0,2017,TV-MA,96 min,Comedies,1,0
s4904,TV Show,Black Crows,Saudi Arabia,2018.0,2017,TV-14,1 Season,International TV Shows,0,1
s4905,Movie,Running Shaadi,India,2018.0,2017,TV-14,115 min,Comedies,1,0
s4906,Movie,The Price of Success,France,2018.0,2017,TV-MA,92 min,Dramas,1,0
s4908,Movie,Candy Jar,United States,2018.0,2018,TV-14,93 min,Children & Family Movies,1,0
s4910,Movie,Holy Goalie,Spain,2018.0,2017,TV-MA,95 min,Comedies,1,0
s4912,Movie,The Rachel Divide,United States,2018.0,2018,TV-MA,105 min,Documentaries,1,0
s4913,Movie,The Week Of,United States,2018.0,2018,TV-14,117 min,Comedies,1,0
s4916,Movie,Enissa Amani: Ehrenwort,Germany,2018.0,2018,TV-MA,66 min,Stand-Up Comedy,1,0
s4917,Movie,Bill Nye: Science Guy,United States,2018.0,2017,TV-PG,97 min,Documentaries,1,0
s4918,Movie,Fishtronaut: The Movie,Brazil,2018.0,2018,TV-Y,78 min,Children & Family Movies,1,0
s4919,Movie,Psychokinesis,South Korea,2018.0,2018,TV-MA,102 min,Action & Adventure,1,0
s4920,Movie,Kevin James: Never Don't Give Up,United States,2018.0,2018,TV-PG,62 min,Stand-Up Comedy,1,0
s4921,Movie,Dude,United States,2018.0,2018,TV-MA,97 min,Comedies,1,0
s4922,Movie,Kodachrome,Canada,2018.0,2018,TV-MA,105 min,Comedies,1,0
s4923,Movie,Mercury 13,United States,2018.0,2018,TV-PG,79 min,Documentaries,1,0
s4924,Movie,All The Reasons To Forget,Brazil,2018.0,2017,TV-MA,90 min,Comedies,1,0
s4925,TV Show,Charité,Germany,2018.0,2017,TV-MA,1 Season,International TV Shows,0,1
s4926,TV Show,The Chalet,France,2018.0,2018,TV-MA,1 Season,Crime TV Shows,0,1
s4927,TV Show,The Honeymoon Stand Up Special,United States,2018.0,2018,TV-MA,1 Season,Stand-Up Comedy & Talk Shows,0,1
s4928,Movie,Beyond Skyline,United States,2018.0,2017,R,107 min,Action & Adventure,1,0
s4929,Movie,Come Sunday,United States,2018.0,2018,TV-14,105 min,Dramas,1,0
s4930,Movie,I Am not an Easy Man,France,2018.0,2018,TV-MA,99 min,Comedies,1,0
s4931,TV Show,The Magic School Bus Rides Again,United States,2018.0,2018,TV-Y,2 Seasons,Kids' TV,0,1
s4932,Movie,Pickpockets,Colombia,2018.0,2017,TV-MA,108 min,Dramas,1,0
s4933,Movie,Greg Davies: You Magnificent Beast,United Kingdom,2018.0,2018,TV-MA,66 min,Stand-Up Comedy,1,0
s4934,TV Show,AMO,Philippines,2018.0,2017,TV-MA,1 Season,International TV Shows,0,1
s4935,Movie,6 Balloons,United States,2018.0,2018,TV-MA,75 min,Dramas,1,0
s4936,Movie,Amateur,United States,2018.0,2018,TV-MA,96 min,Dramas,1,0
s4937,Movie,Orbiter 9,Spain,2018.0,2017,TV-14,95 min,Dramas,1,0
s4938,Movie,"Ram Dass, Going Home",United States,2018.0,2018,TV-14,32 min,Documentaries,1,0
s4939,Movie,Seth Rogen's Hilarity for Charity,United States,2018.0,2018,TV-MA,70 min,Stand-Up Comedy,1,0
s4940,Movie,Sun Dogs,Mexico,2018.0,2017,TV-MA,94 min,Comedies,1,0
s4941,Movie,Todo lo que sería Lucas Lauriente,Argentina,2018.0,2018,TV-MA,78 min,Stand-Up Comedy,1,0
s4942,TV Show,Troy,United Kingdom,2018.0,2018,TV-MA,1 Season,British TV Shows,0,1
s4943,TV Show,Wakfu,France,2018.0,2017,TV-PG,3 Seasons,Kids' TV,0,1
s4944,Movie,Day of the Dead: Bloodline,Bulgaria,2018.0,2018,R,91 min,Horror Movies,1,0
s4945,Movie,Fary Is the New Black,France,2018.0,2018,TV-MA,75 min,Stand-Up Comedy,1,0
s4946,Movie,Ittefaq,India,2018.0,2017,TV-MA,105 min,Dramas,1,0
s4947,TV Show,Star Trek: The Next Generation,United States,2018.0,1993,TV-PG,7 Seasons,TV Action & Adventure,0,1
s4948,Movie,A Sort of Family,Argentina,2018.0,2017,TV-14,96 min,Dramas,1,0
s4949,Movie,Billu,India,2018.0,2009,TV-PG,132 min,Dramas,1,0
s4950,TV Show,Fallet,Sweden,2018.0,2017,TV-MA,1 Season,Crime TV Shows,0,1
s4951,Movie,John Mulaney: New in Town,United States,2018.0,2012,TV-MA,60 min,Stand-Up Comedy,1,0
s4952,TV Show,Loaded,United Kingdom,2018.0,2017,TV-MA,1 Season,British TV Shows,0,1
s4953,Movie,Main Hoon Na,India,2018.0,2004,TV-14,171 min,Action & Adventure,1,0
s4954,Movie,Metro,India,2018.0,2016,TV-14,116 min,Dramas,1,0
s4955,Movie,Om Shanti Om,India,2018.0,2007,TV-14,169 min,Comedies,1,0
s4956,Movie,Paheli,India,2018.0,2005,TV-PG,134 min,Dramas,1,0
s4957,Movie,Phir Bhi Dil Hai Hindustani,India,2018.0,2000,TV-14,159 min,Comedies,1,0
s4958,TV Show,Doctor Foster,United Kingdom,2018.0,2017,TV-MA,2 Seasons,British TV Shows,0,1
s4959,Movie,Revolt,United Kingdom,2018.0,2017,R,87 min,Action & Adventure,1,0
s4960,Movie,First Match,United States,2018.0,2018,TV-MA,103 min,Dramas,1,0
s4961,Movie,Happy Anniversary,United States,2018.0,2018,TV-MA,78 min,Comedies,1,0
s4962,TV Show,Rapture,United States,2018.0,2018,TV-MA,1 Season,Docuseries,0,1
s4963,Movie,Sofía Niño de Rivera: Selección Natural,Mexico,2018.0,2018,TV-MA,62 min,Stand-Up Comedy,1,0
s4964,Movie,The Titan,United Kingdom,2018.0,2018,TV-MA,97 min,Dramas,1,0
s4965,TV Show,Trailer Park Boys,Canada,2018.0,2018,TV-MA,12 Seasons,Classic & Cult TV,0,1
s4966,Movie,Trailer Park Boys: Countdown to Liquor Day,Canada,2018.0,2009,R,102 min,Comedies,1,0
s4967,Movie,Trailer Park Boys: The Movie,Canada,2018.0,2006,R,95 min,Comedies,1,0
s4968,TV Show,Trump: An American Dream,United Kingdom,2018.0,2018,TV-14,1 Season,Docuseries,0,1
s4969,TV Show,James Acaster: Repertoire,United Kingdom,2018.0,2018,TV-14,1 Season,British TV Shows,0,1
s4970,Movie,Birdshot,Philippines,2018.0,2016,TV-MA,115 min,Dramas,1,0
s4971,Movie,"Game Over, Man!",United States,2018.0,2018,TV-MA,102 min,Action & Adventure,1,0
s4972,Movie,Layla M.,Netherlands,2018.0,2016,TV-MA,99 min,Dramas,1,0
s4973,Movie,Paradox,United States,2018.0,2018,TV-MA,74 min,Dramas,1,0
s4974,TV Show,Requiem,United Kingdom,2018.0,2018,TV-MA,1 Season,British TV Shows,0,1
s4975,Movie,Roxanne Roxanne,United States,2018.0,2018,TV-MA,100 min,Dramas,1,0
s4976,Movie,Secret Superstar,India,2018.0,2017,TV-14,150 min,Dramas,1,0
s4977,TV Show,The Standups,United States,2018.0,2018,TV-MA,2 Seasons,Stand-Up Comedy & Talk Shows,0,1
s4978,Movie,Benji,United Arab Emirates,2018.0,2018,TV-PG,87 min,Children & Family Movies,1,0
s4979,TV Show,Edha,Argentina,2018.0,2018,TV-MA,1 Season,International TV Shows,0,1
s4980,Movie,Take Your Pills,United States,2018.0,2018,TV-14,88 min,Documentaries,1,0
s4981,TV Show,Wild Wild Country,United States,2018.0,2018,TV-MA,1 Season,Crime TV Shows,0,1
s4983,Movie,In This Corner of the World,Japan,2018.0,2016,PG-13,129 min,Anime Features,1,0
s4984,Movie,Jag älskar dig: En skilsmässokomedi,Sweden,2018.0,2016,TV-MA,91 min,Comedies,1,0
s4985,TV Show,Secret of the Nile,Egypt,2018.0,2016,TV-14,1 Season,International TV Shows,0,1
s4986,TV Show,Tabula Rasa,Belgium,2018.0,2017,TV-MA,1 Season,International TV Shows,0,1
s4987,Movie,The Art of Loving,Poland,2018.0,2017,TV-MA,115 min,Dramas,1,0
s4988,Movie,Steel Rain,South Korea,2018.0,2018,TV-MA,140 min,Action & Adventure,1,0
s4989,TV Show,Children of the Whales,Japan,2018.0,2017,TV-14,1 Season,Anime Series,0,1
s4990,Movie,Ricky Gervais: Humanity,United Kingdom,2018.0,2018,TV-MA,79 min,Stand-Up Comedy,1,0
s4991,Movie,Stretch Armstrong: The Breakout,United States,2018.0,2018,TV-Y7,104 min,Children & Family Movies,1,0
s4992,TV Show,A.I.C.O.,Japan,2018.0,2018,TV-14,1 Season,Anime Series,0,1
s4993,TV Show,Collateral,United Kingdom,2018.0,2018,TV-MA,1 Season,British TV Shows,0,1
s4994,Movie,The Outsider,United States,2018.0,2018,TV-MA,121 min,Dramas,1,0
s4995,TV Show,Bad Guys: Vile City,South Korea,2018.0,2018,TV-MA,1 Season,Crime TV Shows,0,1
s4996,Movie,Ladies First,India,2018.0,2018,TV-G,40 min,Documentaries,1,0
s4997,Movie,Bullet Head,Bulgaria,2018.0,2017,R,94 min,International Movies,1,0
s4998,TV Show,Borderliner,Norway,2018.0,2017,TV-MA,1 Season,Crime TV Shows,0,1
s4999,Movie,Gad Elmaleh: American Dream,United States,2018.0,2018,TV-14,58 min,Stand-Up Comedy,1,0
s5001,TV Show,Flint Town,United States,2018.0,2018,TV-MA,1 Season,Docuseries,0,1
s5002,Movie,Malena Pichot: Estupidez compleja,Argentina,2018.0,2018,TV-MA,51 min,Stand-Up Comedy,1,0
s5003,Movie,Natalia Valdebenito: El especial,Chile,2018.0,2018,TV-MA,69 min,Stand-Up Comedy,1,0
s5004,Movie,Ravenous,Canada,2018.0,2017,TV-MA,104 min,Horror Movies,1,0
s5005,TV Show,21 Thunder,Canada,2018.0,2017,TV-MA,1 Season,Crime TV Shows,0,1
s5006,Movie,Adel Karam: Live from Beirut,United States,2018.0,2018,TV-MA,59 min,Stand-Up Comedy,1,0
s5007,Movie,Battle Drone,United States,2018.0,2018,TV-MA,94 min,Action & Adventure,1,0
s5008,Movie,Dil Se,India,2018.0,1998,TV-14,166 min,Dramas,1,0
s5009,Movie,Guru,India,2018.0,2007,TV-PG,155 min,Dramas,1,0
s5010,Movie,Judwaa 2,India,2018.0,2017,TV-14,145 min,Action & Adventure,1,0
s5011,Movie,Love Beats Rhymes,United States,2018.0,2016,R,106 min,Dramas,1,0
s5012,Movie,Schubert In Love,Germany,2018.0,2016,TV-14,94 min,Comedies,1,0
s5013,Movie,Shubh Aarambh,India,2018.0,2017,TV-PG,127 min,Dramas,1,0
s5014,Movie,Something Huge,Spain,2018.0,2017,TV-MA,87 min,Comedies,1,0
s5015,Movie,Swades,India,2018.0,2004,TV-PG,185 min,Dramas,1,0
s5016,Movie,Swearnet Live,Canada,2018.0,2014,TV-MA,75 min,Comedies,1,0
s5017,Movie,Trailer Park Boys Live at the North Pole,Canada,2018.0,2014,TV-MA,89 min,Movies,1,0
s5018,Movie,Trailer Park Boys Live In F**kin' Dublin,Canada,2018.0,2014,TV-MA,81 min,Movies,1,0
s5019,Movie,Trailer Park Boys: Say Goodnight to the Bad Guys,Canada,2018.0,2008,TV-MA,47 min,Comedies,1,0
s5020,Movie,Trailer Park Boys: Xmas Special,Canada,2018.0,2004,TV-MA,46 min,Movies,1,0
s5021,Movie,Tu Hai Mera Sunday,India,2018.0,2016,TV-14,125 min,Comedies,1,0
s5022,Movie,Yuva,India,2018.0,2004,TV-14,160 min,Dramas,1,0
s5023,Movie,반드시 잡는다,South Korea,2018.0,2017,TV-MA,110 min,Dramas,1,0
s5024,Movie,Derren Brown: The Push,United Kingdom,2018.0,2018,TV-MA,69 min,Movies,1,0
s5025,Movie,Marlon Wayans: Woke-ish,United States,2018.0,2018,TV-MA,67 min,Stand-Up Comedy,1,0
s5026,Movie,Veronica,Spain,2018.0,2017,TV-MA,105 min,Horror Movies,1,0
s5027,TV Show,Best Lover,South Korea,2018.0,2016,TV-14,1 Season,International TV Shows,0,1
s5028,TV Show,Marseille,France,2018.0,2018,TV-MA,2 Seasons,International TV Shows,0,1
s5029,Movie,Mute,United Kingdom,2018.0,2018,TV-MA,127 min,Sci-Fi & Fantasy,1,0
s5030,TV Show,Seven Seconds,United States,2018.0,2018,TV-MA,1 Season,Crime TV Shows,0,1
s5031,TV Show,Hitler's Circle of Evil,United Kingdom,2018.0,2017,TV-14,1 Season,British TV Shows,0,1
s5032,Movie,Forgotten,South Korea,2018.0,2017,TV-MA,109 min,Dramas,1,0
s5033,TV Show,The Frankenstein Chronicles,United Kingdom,2018.0,2017,TV-MA,2 Seasons,British TV Shows,0,1
s5034,Movie,FullMetal Alchemist,Japan,2018.0,2017,TV-PG,134 min,Action & Adventure,1,0
s5035,Movie,Agustín Aristarán: Soy Rada,Argentina,2018.0,2018,TV-MA,60 min,Stand-Up Comedy,1,0
s5036,TV Show,Dragons: Race to the Edge,United States,2018.0,2018,TV-Y7,6 Seasons,Kids' TV,0,1
s5037,TV Show,Everything Sucks!,United States,2018.0,2018,TV-14,1 Season,TV Comedies,0,1
s5038,Movie,Irreplaceable You,United States,2018.0,2018,TV-MA,96 min,Dramas,1,0
s5039,TV Show,Re:Mind,Japan,2018.0,2017,TV-MA,1 Season,International TV Shows,0,1
s5040,Movie,Chris Rock: Tamborine,United States,2018.0,2018,TV-MA,65 min,Stand-Up Comedy,1,0
s5041,Movie,Love Per Square Foot,India,2018.0,2018,TV-14,133 min,Comedies,1,0
s5042,Movie,Seeing Allred,United States,2018.0,2018,TV-14,96 min,Documentaries,1,0
s5043,Movie,The Ritual,United Kingdom,2018.0,2018,TV-MA,95 min,Horror Movies,1,0
s5044,Movie,The Trader (Sovdagari),Georgia,2018.0,2018,TV-PG,24 min,Documentaries,1,0
s5045,Movie,When We First Met,United States,2018.0,2018,TV-14,97 min,Comedies,1,0
s5047,TV Show,Valor,United States,2018.0,2017,TV-14,1 Season,TV Action & Adventure,0,1
s5048,Movie,The Cloverfield Paradox,United States,2018.0,2018,PG-13,102 min,Action & Adventure,1,0
s5049,TV Show,Coach Snoop,United States,2018.0,2018,TV-MA,1 Season,Docuseries,0,1
s5051,Movie,On Body and Soul,Hungary,2018.0,2017,TV-MA,116 min,Dramas,1,0
s5052,Movie,The Bros,South Korea,2018.0,2017,TV-14,102 min,Comedies,1,0
s5053,Movie,Liberated: The New Sexual Revolution,United States,2018.0,2017,TV-MA,86 min,Documentaries,1,0
s5054,Movie,Newness,United States,2018.0,2017,TV-MA,117 min,Dramas,1,0
s5055,TV Show,Under Arrest,United States,2018.0,2016,TV-MA,8 Seasons,Crime TV Shows,0,1
s5056,Movie,Expedition Happiness,Germany,2018.0,2017,TV-PG,96 min,Documentaries,1,0
s5057,Movie,Jerry Seinfeld: I'm Telling You for the Last Time,United States,2018.0,1998,TV-14,69 min,Stand-Up Comedy,1,0
s5058,TV Show,Retribution,United Kingdom,2018.0,2016,TV-MA,1 Season,British TV Shows,0,1
s5059,Movie,Holy Camp!,Spain,2018.0,2017,TV-MA,108 min,Comedies,1,0
s5060,Movie,A Futile and Stupid Gesture,United States,2018.0,2018,TV-MA,102 min,Comedies,1,0
s5061,Movie,Fakkah Fuzz: Almost Banned,Singapore,2018.0,2018,TV-MA,61 min,Stand-Up Comedy,1,0
s5062,Movie,Mau Nieto: Viviendo sobrio… desde el bar,Mexico,2018.0,2018,TV-MA,57 min,Stand-Up Comedy,1,0
s5063,Movie,Sebastián Marcelo Wainraich,Argentina,2018.0,2018,TV-MA,49 min,Stand-Up Comedy,1,0
s5064,TV Show,The Adventures of Puss in Boots,United States,2018.0,2018,TV-Y7,6 Seasons,Kids' TV,0,1
s5065,Movie,Acts of Vengeance,Bulgaria,2018.0,2017,R,87 min,Action & Adventure,1,0
s5066,TV Show,Prison Playbook,South Korea,2018.0,2017,TV-MA,1 Season,International TV Shows,0,1
s5067,Movie,Ricardo Quevedo: Hay gente así,Colombia,2018.0,2018,TV-MA,59 min,Stand-Up Comedy,1,0
s5068,Movie,Todd Glass: Act Happy,United States,2018.0,2018,TV-MA,63 min,Stand-Up Comedy,1,0
s5070,TV Show,The Shannara Chronicles,United States,2018.0,2018,TV-MA,2 Seasons,TV Action & Adventure,0,1
s5071,TV Show,Love and Hong Kong,Japan,2018.0,2017,TV-PG,1 Season,International TV Shows,0,1
s5072,Movie,Harith Iskander: I Told You So,United States,2018.0,2018,TV-14,62 min,Stand-Up Comedy,1,0
s5073,Movie,Step Sisters,United States,2018.0,2018,PG-13,108 min,Comedies,1,0
s5074,Movie,The Open House,Canada,2018.0,2018,TV-MA,95 min,Horror Movies,1,0
s5075,Movie,Bad Day for the Cut,United Kingdom,2018.0,2017,TV-MA,99 min,Independent Movies,1,0
s5076,TV Show,Tiempos de guerra,Spain,2018.0,2017,TV-MA,1 Season,International TV Shows,0,1
s5077,Movie,Arango y Sanint: Ríase el show,Colombia,2018.0,2018,TV-MA,62 min,Stand-Up Comedy,1,0
s5078,TV Show,Godzilla,Japan,2018.0,2017,TV-14,1 Season,TV Shows,0,1
s5079,Movie,Katt Williams: Great America,United States,2018.0,2018,TV-MA,60 min,Stand-Up Comedy,1,0
s5080,Movie,Alibaba Aur 40 Chor,Soviet Union,2018.0,1980,TV-14,147 min,Action & Adventure,1,0
s5081,Movie,Pyar Ke Do Pal,India,2018.0,1986,TV-14,153 min,Dramas,1,0
s5082,Movie,Rip Tide,Australia,2018.0,2017,TV-PG,87 min,Children & Family Movies,1,0
s5083,TV Show,Disjointed,United States,2018.0,2018,TV-MA,2 Seasons,TV Comedies,0,1
s5084,Movie,Milada,Czech Republic,2018.0,2017,TV-14,124 min,Dramas,1,0
s5085,Movie,The Polka King,United States,2018.0,2018,TV-14,94 min,Comedies,1,0
s5086,Movie,The Reservoir Game,South Korea,2018.0,2017,TV-MA,100 min,Documentaries,1,0
s5087,Movie,Tom Segura: Disgraceful,United States,2018.0,2018,TV-MA,71 min,Stand-Up Comedy,1,0
s5088,Movie,Alejandro Riaño: Especial de stand up,Colombia,2018.0,2018,TV-MA,60 min,Stand-Up Comedy,1,0
s5089,Movie,The House Next Door,India,2018.0,2017,TV-MA,135 min,Horror Movies,1,0
s5091,TV Show,Episodes,United Kingdom,2018.0,2017,TV-MA,5 Seasons,Classic & Cult TV,0,1
s5092,Movie,Before I Wake,United States,2018.0,2016,PG-13,97 min,Horror Movies,1,0
s5093,TV Show,Devilman Crybaby,Japan,2018.0,2018,TV-MA,1 Season,Anime Series,0,1
s5094,Movie,Mustang Island,United States,2018.0,2017,TV-14,86 min,Comedies,1,0
s5095,Movie,Eve's Apple,Spain,2018.0,2017,TV-MA,91 min,Documentaries,1,0
s5096,TV Show,Fullmetal Alchemist,Japan,2018.0,2003,TV-14,1 Season,Anime Series,0,1
s5097,TV Show,Fullmetal Alchemist: Brotherhood,Japan,2018.0,2010,TV-14,5 Seasons,Anime Series,0,1
s5098,TV Show,Lovesick,United Kingdom,2018.0,2018,TV-MA,3 Seasons,British TV Shows,0,1
s5099,TV Show,Pokémon: Indigo League,Japan,2018.0,2000,TV-Y7,1 Season,Anime Series,0,1
s5100,TV Show,The Frozen Dead,France,2018.0,2017,TV-MA,1 Season,Crime TV Shows,0,1
s5101,TV Show,Dave Chappelle: Equanimity & The Bird Revelation,United States,2017.0,2017,TV-MA,1 Season,Stand-Up Comedy & Talk Shows,0,1
s5102,Movie,Fun Mom Dinner,United States,2017.0,2017,R,82 min,Comedies,1,0
s5103,Movie,Goon: Last of the Enforcers,Canada,2017.0,2016,R,102 min,Comedies,1,0
s5104,TV Show,La Mante,France,2017.0,2017,TV-MA,1 Season,Crime TV Shows,0,1
s5105,Movie,The Climb,France,2017.0,2017,TV-14,105 min,Action & Adventure,1,0
s5107,Movie,Bibi & Tina: Tohuwabohu Total,Germany,2017.0,2017,TV-14,106 min,Children & Family Movies,1,0
s5108,Movie,Mr. Roosevelt,United States,2017.0,2017,TV-MA,91 min,Comedies,1,0
s5109,Movie,Todd Barry: Spicy Honey,United States,2017.0,2017,TV-MA,61 min,Stand-Up Comedy,1,0
s5111,Movie,Creep 2,United States,2017.0,2017,TV-MA,80 min,Horror Movies,1,0
s5112,TV Show,Myths & Monsters,United Kingdom,2017.0,2017,TV-PG,1 Season,British TV Shows,0,1
s5113,TV Show,72 Dangerous Animals: Latin America,Australia,2017.0,2017,TV-14,1 Season,Docuseries,0,1
s5114,Movie,Bright,United States,2017.0,2017,TV-MA,118 min,Action & Adventure,1,0
s5115,Movie,Desire,Argentina,2017.0,2017,TV-MA,94 min,Dramas,1,0
s5116,Movie,48 Christmas Wishes,Canada,2017.0,2017,TV-G,84 min,Children & Family Movies,1,0
s5117,Movie,Jeremiah Tower: The Last Magnificent,Mexico,2017.0,2016,R,103 min,Documentaries,1,0
s5118,Movie,Russell Howard: Recalibrate,United Kingdom,2017.0,2017,TV-MA,69 min,Stand-Up Comedy,1,0
s5119,TV Show,The Indian Detective,Canada,2017.0,2017,TV-14,1 Season,Crime TV Shows,0,1
s5120,TV Show,"Hello, My Twenties!",South Korea,2017.0,2017,TV-MA,2 Seasons,International TV Shows,0,1
s5122,Movie,Christmas Inheritance,United States,2017.0,2017,TV-G,105 min,Dramas,1,0
s5123,Movie,Muramba,India,2017.0,2017,TV-MA,128 min,Comedies,1,0
s5124,Movie,Pottersville,United States,2017.0,2017,PG-13,86 min,Comedies,1,0
s5125,Movie,Seoul Searching,South Korea,2017.0,2015,TV-MA,109 min,Comedies,1,0
s5126,TV Show,Wormwood,United States,2017.0,2017,TV-14,1 Season,Crime TV Shows,0,1
s5127,TV Show,Halt and Catch Fire,United States,2017.0,2017,TV-14,4 Seasons,TV Dramas,0,1
s5128,Movie,Judd Apatow: The Return,United States,2017.0,2017,TV-MA,70 min,Stand-Up Comedy,1,0
s5130,Movie,El Camino Christmas,United States,2017.0,2017,TV-MA,89 min,Comedies,1,0
s5131,Movie,Jaal,India,2017.0,1986,TV-14,162 min,Action & Adventure,1,0
s5132,Movie,Shikari,India,2017.0,1991,TV-14,163 min,Dramas,1,0
s5133,Movie,The Secret,Australia,2017.0,2006,TV-14,91 min,Documentaries,1,0
s5134,Movie,Trolls Holiday Special,United States,2017.0,2017,TV-Y7,27 min,Children & Family Movies,1,0
s5135,Movie,Craig Ferguson: Tickle Fight,United States,2017.0,2017,TV-MA,67 min,Stand-Up Comedy,1,0
s5136,Movie,Jab Harry Met Sejal,India,2017.0,2017,TV-MA,142 min,Comedies,1,0
s5137,Movie,Temple,Japan,2017.0,2017,TV-MA,78 min,Horror Movies,1,0
s5138,Movie,A StoryBots Christmas,United States,2017.0,2017,TV-Y,26 min,Children & Family Movies,1,0
s5139,TV Show,All Hail King Julien,United States,2017.0,2017,TV-Y7,5 Seasons,Kids' TV,0,1
s5140,TV Show,Dhia Sofea,Malaysia,2017.0,2015,TV-14,1 Season,International TV Shows,0,1
s5141,Movie,DreamWorks Home: For the Holidays,United States,2017.0,2017,TV-Y,46 min,Children & Family Movies,1,0
s5142,TV Show,Kantaro: The Sweet Tooth Salaryman,Japan,2017.0,2017,TV-PG,1 Season,International TV Shows,0,1
s5143,Movie,Monster Island,India,2017.0,2017,TV-Y7,81 min,Children & Family Movies,1,0
s5144,Movie,My Happy Family,Georgia,2017.0,2017,TV-14,119 min,Dramas,1,0
s5145,TV Show,Oggy and the Cockroaches,France,2017.0,2017,TV-Y7,1 Season,Kids' TV,0,1
s5147,Movie,The Worthy,United Arab Emirates,2017.0,2016,TV-MA,99 min,International Movies,1,0
s5148,TV Show,TURN: Washington's Spies,United States,2017.0,2017,TV-14,4 Seasons,TV Dramas,0,1
s5149,Movie,Voyeur,United States,2017.0,2017,TV-MA,96 min,Documentaries,1,0
s5150,TV Show,Man Down,United Kingdom,2017.0,2017,TV-MA,4 Seasons,British TV Shows,0,1
s5151,TV Show,Broadchurch,United Kingdom,2017.0,2017,TV-MA,3 Seasons,British TV Shows,0,1
s5152,Movie,Poster Boys,India,2017.0,2017,PG-13,128 min,Comedies,1,0
s5153,Movie,Cuba and the Cameraman,United States,2017.0,2017,TV-14,114 min,Documentaries,1,0
s5154,Movie,The Girl from the Song,Spain,2017.0,2016,TV-MA,101 min,Dramas,1,0
s5155,TV Show,The Many Faces of Ito,Japan,2017.0,2017,TV-14,1 Season,International TV Shows,0,1
s5158,TV Show,Argon,South Korea,2017.0,2017,TV-MA,1 Season,International TV Shows,0,1
s5159,Movie,Barbra: The Music ... The Mem'ries ... The Magic!,United States,2017.0,2017,TV-14,109 min,Music & Musicals,1,0
s5160,TV Show,Godless,United States,2017.0,2017,TV-MA,1 Season,TV Dramas,0,1
s5161,Movie,Beat Bugs: All Together Now,Australia,2017.0,2017,TV-Y,51 min,Children & Family Movies,1,0
s5162,Movie,Brian Regan: Nunchucks and Flamethrowers,United States,2017.0,2017,TV-PG,61 min,Stand-Up Comedy,1,0
s5163,Movie,Saving Capitalism,United States,2017.0,2017,TV-PG,73 min,Documentaries,1,0
s5164,Movie,A Christmas Prince,United States,2017.0,2017,TV-PG,92 min,Children & Family Movies,1,0
s5165,Movie,"Jim & Andy: The Great Beyond - Featuring a Very Special, Contractually Obligated Mention of Tony Clifton",Canada,2017.0,2017,TV-MA,94 min,Documentaries,1,0
s5166,TV Show,Longmire,United States,2017.0,2017,TV-MA,6 Seasons,Crime TV Shows,0,1
s5167,TV Show,Luna Petunia,United States,2017.0,2017,TV-Y,3 Seasons,Kids' TV,0,1
s5168,Movie,Mudbound,United States,2017.0,2017,R,135 min,Dramas,1,0
s5169,TV Show,Shot in the Dark,United States,2017.0,2017,TV-MA,1 Season,Reality TV,0,1
s5170,TV Show,The Irregular at Magic High School,Japan,2017.0,2014,TV-14,1 Season,Anime Series,0,1
s5171,TV Show,The Method,Russia,2017.0,2015,TV-MA,1 Season,Crime TV Shows,0,1
s5172,Movie,DeRay Davis: How to Act Black,United States,2017.0,2017,TV-MA,66 min,Stand-Up Comedy,1,0
s5173,Movie,Bon Cop Bad Cop 2,Canada,2017.0,2017,TV-MA,126 min,Action & Adventure,1,0
s5174,TV Show,Blazing Transfer Students,Japan,2017.0,2017,TV-MA,1 Season,International TV Shows,0,1
s5175,TV Show,Glitter Force Doki Doki,Japan,2017.0,2017,TV-Y7,2 Seasons,Anime Series,0,1
s5176,TV Show,Lady Dynamite,United States,2017.0,2017,TV-MA,2 Seasons,TV Comedies,0,1
s5177,Movie,Mea Culpa,Mexico,2017.0,2017,TV-MA,54 min,Stand-Up Comedy,1,0
s5178,Movie,The Killer,Brazil,2017.0,2017,TV-MA,100 min,Action & Adventure,1,0
s5179,TV Show,Fate/Apocrypha,Japan,2017.0,2017,TV-MA,2 Seasons,Anime Series,0,1
s5180,Movie,Jerry Seinfeld: Comedian,United States,2017.0,2002,R,81 min,Documentaries,1,0
s5181,TV Show,Project Mc²,United States,2017.0,2017,TV-G,6 Seasons,Kids' TV,0,1
s5182,Movie,The Journey Is the Destination,United States,2017.0,2016,R,123 min,Dramas,1,0
s5183,Movie,Let It Fall: Los Angeles 1982-1992,United States,2017.0,2017,TV-MA,144 min,Documentaries,1,0
s5184,Movie,Mubarakan,India,2017.0,2017,PG-13,153 min,Comedies,1,0
s5186,TV Show,Alias Grace,Canada,2017.0,2017,TV-MA,1 Season,Crime TV Shows,0,1
s5187,Movie,Bandie,India,2017.0,1978,TV-PG,141 min,Action & Adventure,1,0
s5188,Movie,Getaway Plan,Spain,2017.0,2016,TV-MA,104 min,International Movies,1,0
s5189,Movie,Hajwala: The Missing Engine,United Arab Emirates,2017.0,2016,TV-PG,97 min,Action & Adventure,1,0
s5190,Movie,Pettersson and Findus 2,Germany,2017.0,2016,TV-G,82 min,Children & Family Movies,1,0
s5191,Movie,The Bittersweet,China,2017.0,2017,TV-MA,98 min,Action & Adventure,1,0
s5196,TV Show,Together,Singapore,2017.0,2009,TV-14,1 Season,International TV Shows,0,1
s5197,Movie,Judah Friedlander: America Is the Greatest Country in the United States,United States,2017.0,2017,TV-MA,84 min,Stand-Up Comedy,1,0
s5198,Movie,The B-Side: Elsa Dorfman's Portrait Photography,United States,2017.0,2016,R,76 min,Documentaries,1,0
s5199,Movie,SPF-18,United States,2017.0,2017,PG-13,75 min,Dramas,1,0
s5200,Movie,Pup Star: Better 2Gether,Canada,2017.0,2017,PG,93 min,Children & Family Movies,1,0
s5201,TV Show,Beyond Stranger Things,United States,2017.0,2017,TV-14,1 Season,Stand-Up Comedy & Talk Shows,0,1
s5202,Movie,Joan Didion: The Center Will Not Hold,United States,2017.0,2017,TV-14,98 min,Documentaries,1,0
s5203,Movie,Strange Weather,United States,2017.0,2016,R,91 min,Dramas,1,0
s5204,Movie,The Hateful Eight,United States,2017.0,2015,R,168 min,Action & Adventure,1,0
s5205,Movie,Jack Whitehall: At Large,United Kingdom,2017.0,2017,TV-MA,68 min,Stand-Up Comedy,1,0
s5206,TV Show,The Mist,Canada,2017.0,2017,TV-MA,1 Season,TV Dramas,0,1
s5207,TV Show,W1A,United Kingdom,2017.0,2017,TV-MA,3 Seasons,British TV Shows,0,1
s5208,Movie,1922,United States,2017.0,2017,TV-MA,103 min,Dramas,1,0
s5209,TV Show,Haters Back Off,United States,2017.0,2017,TV-PG,2 Seasons,TV Comedies,0,1
s5210,Movie,One of Us,United States,2017.0,2017,TV-14,95 min,Documentaries,1,0
s5211,TV Show,The Day I Met El Chapo,United States,2017.0,2017,TV-MA,1 Season,Crime TV Shows,0,1
s5212,Movie,Wheelman,United States,2017.0,2017,TV-MA,82 min,Action & Adventure,1,0
s5213,Movie,Wedding Unplanned,France,2017.0,2017,TV-MA,94 min,Comedies,1,0
s5214,Movie,Patton Oswalt: Annihilation,United States,2017.0,2017,TV-MA,66 min,Stand-Up Comedy,1,0
s5215,Movie,Baadshaho,India,2017.0,2017,TV-14,135 min,Action & Adventure,1,0
s5218,Movie,Lucknow Central,India,2017.0,2017,TV-14,144 min,Dramas,1,0
s5219,Movie,Belief: The Possession of Janet Moses,New Zealand,2017.0,2015,TV-MA,90 min,Documentaries,1,0
s5220,TV Show,Seven and Me,France,2017.0,2017,TV-Y,1 Season,Kids' TV,0,1
s5221,Movie,Singapore,India,2017.0,1960,TV-PG,158 min,Comedies,1,0
s5222,TV Show,West Coast Customs,United States,2017.0,2015,TV-G,6 Seasons,Docuseries,0,1
s5223,Movie,Blessed Benefit,Germany,2017.0,2016,TV-14,83 min,Comedies,1,0
s5224,Movie,Clair Obscur,Turkey,2017.0,2016,TV-MA,102 min,Dramas,1,0
s5225,Movie,"El Especial de Alex Fernández, el Especial",Mexico,2017.0,2017,TV-MA,52 min,Stand-Up Comedy,1,0
s5226,Movie,Kingdom of Us,United Kingdom,2017.0,2017,TV-MA,110 min,Documentaries,1,0
s5227,Movie,The Babysitter,United States,2017.0,2017,TV-MA,85 min,Comedies,1,0
s5228,Movie,The Meyerowitz Stories (New and Selected),United States,2017.0,2017,TV-MA,113 min,Comedies,1,0
s5229,Movie,Barakah Meets Barakah,Saudi Arabia,2017.0,2016,TV-MA,88 min,Comedies,1,0
s5230,Movie,Bomb Scared,Spain,2017.0,2017,TV-MA,89 min,Comedies,1,0
s5231,Movie,Christina P: Mother Inferior,United States,2017.0,2017,TV-MA,59 min,Stand-Up Comedy,1,0
s5232,TV Show,ID-0,Japan,2017.0,2017,TV-PG,1 Season,Anime Series,0,1
s5233,TV Show,Kibaoh Klashers,China,2017.0,2017,TV-Y7,2 Seasons,Kids' TV,0,1
s5234,Movie,The Death and Life of Marsha P. Johnson,Greece,2017.0,2017,TV-MA,106 min,Documentaries,1,0
s5235,Movie,Rodney Carrington: Here Comes the Truth,United States,2017.0,2017,TV-MA,66 min,Stand-Up Comedy,1,0
s5236,Movie,26 Years,South Korea,2017.0,2012,TV-MA,135 min,Dramas,1,0
s5237,TV Show,Beyblade Burst,Japan,2017.0,2016,TV-Y7,1 Season,Anime Series,0,1
s5238,TV Show,Equestria Girls: Tales of Canterlot High,United States,2017.0,2017,TV-Y7,1 Season,Kids' TV,0,1
s5239,Movie,For Your Own Good,Spain,2017.0,2017,TV-MA,93 min,Comedies,1,0
s5240,Movie,Franca: Chaos and Creation,United States,2017.0,2016,TV-MA,79 min,Documentaries,1,0
s5241,Movie,Generation Iron 2,United States,2017.0,2017,PG-13,107 min,Documentaries,1,0
s5242,Movie,Ghost Patrol,Canada,2017.0,2016,TV-Y7,47 min,Children & Family Movies,1,0
s5244,TV Show,Noddy Toyland Detective,France,2017.0,2016,TV-Y,2 Seasons,Kids' TV,0,1
s5245,TV Show,Star Trek: Enterprise,United States,2017.0,2004,TV-14,4 Seasons,Classic & Cult TV,0,1
s5246,TV Show,Star Trek: Voyager,United States,2017.0,2000,TV-PG,7 Seasons,TV Action & Adventure,0,1
s5247,TV Show,Sudden,Singapore,2017.0,2013,TV-14,1 Season,International TV Shows,0,1
s5248,TV Show,The Dream Catchers,Singapore,2017.0,2009,TV-14,1 Season,International TV Shows,0,1
s5249,Movie,The Lion Woman,Norway,2017.0,2016,TV-14,118 min,Dramas,1,0
s5250,Movie,Verónica,Mexico,2017.0,2017,TV-MA,81 min,Dramas,1,0
s5251,TV Show,What She Put on the Table,Taiwan,2017.0,2017,TV-14,1 Season,International TV Shows,0,1
s5252,TV Show,The Royal House of Windsor,United Kingdom,2017.0,2017,TV-MA,1 Season,British TV Shows,0,1
s5253,Movie,Gerald's Game,United States,2017.0,2017,TV-MA,103 min,Horror Movies,1,0
s5254,Movie,Long Shot,United States,2017.0,2017,TV-14,40 min,Documentaries,1,0
s5256,Movie,Our Souls at Night,United States,2017.0,2017,TV-14,103 min,Dramas,1,0
s5258,TV Show,Paul Hollywood's Big Continental Road Trip,United Kingdom,2017.0,2017,TV-14,1 Season,British TV Shows,0,1
s5259,TV Show,Real Rob,United States,2017.0,2017,TV-MA,2 Seasons,TV Comedies,0,1
s5261,Movie,Much Loved,France,2017.0,2015,TV-MA,104 min,Dramas,1,0
s5262,Movie,Def Comedy Jam 25,United States,2017.0,2017,TV-MA,82 min,Stand-Up Comedy,1,0
s5263,TV Show,Terrace House: Aloha State,United States,2017.0,2017,TV-14,4 Seasons,International TV Shows,0,1
s5264,TV Show,Dark Matter,Canada,2017.0,2017,TV-14,3 Seasons,TV Sci-Fi & Fantasy,0,1
s5265,Movie,Swearnet: The Movie,Canada,2017.0,2014,NC-17,112 min,Comedies,1,0
s5266,Movie,The Bar,Spain,2017.0,2017,TV-MA,102 min,Comedies,1,0
s5267,Movie,Gaga: Five Foot Two,United States,2017.0,2017,TV-MA,101 min,Documentaries,1,0
s5268,Movie,The Bad Batch,United States,2017.0,2016,R,119 min,Dramas,1,0
s5269,Movie,Jerry Before Seinfeld,United States,2017.0,2017,TV-14,62 min,Stand-Up Comedy,1,0
s5270,Movie,Barbie Dolphin Magic,United States,2017.0,2017,TV-Y,64 min,Children & Family Movies,1,0
s5271,Movie,First They Killed My Father,Cambodia,2017.0,2017,TV-MA,137 min,Dramas,1,0
s5272,Movie,Strong Island,United States,2017.0,2017,TV-MA,108 min,Documentaries,1,0
s5273,TV Show,VeggieTales in the City,United States,2017.0,2017,TV-Y,2 Seasons,Kids' TV,0,1
s5274,Movie,Ghost of the Mountains,United States,2017.0,2017,G,78 min,Children & Family Movies,1,0
s5275,TV Show,Offspring,Australia,2017.0,2017,TV-MA,7 Seasons,TV Comedies,0,1
s5276,Movie,Heroin(e),United States,2017.0,2017,TV-14,40 min,Documentaries,1,0
s5277,Movie,Jeff Dunham: Relative Disaster,United States,2017.0,2017,TV-MA,71 min,Stand-Up Comedy,1,0
s5278,Movie,#realityhigh,United States,2017.0,2017,TV-14,99 min,Comedies,1,0
s5279,TV Show,Apaches,Spain,2017.0,2016,TV-MA,1 Season,Crime TV Shows,0,1
s5280,Movie,Fabrizio Copano: Solo pienso en mi,Chile,2017.0,2017,TV-MA,60 min,Stand-Up Comedy,1,0
s5281,TV Show,Fire Chasers,United States,2017.0,2017,TV-MA,1 Season,Docuseries,0,1
s5283,Movie,Carrie Pilby,United States,2017.0,2016,TV-MA,98 min,Comedies,1,0
s5284,Movie,Marc Maron: Too Real,United States,2017.0,2017,TV-MA,70 min,Stand-Up Comedy,1,0
s5285,TV Show,No Tomorrow,United States,2017.0,2016,TV-PG,1 Season,Romantic TV Shows,0,1
s5286,TV Show,Reign,United States,2017.0,2017,TV-14,4 Seasons,TV Dramas,0,1
s5287,TV Show,Frequency,United States,2017.0,2016,TV-14,1 Season,Crime TV Shows,0,1
s5288,TV Show,The Vampire Diaries,United States,2017.0,2016,TV-14,8 Seasons,TV Dramas,0,1
s5289,TV Show,A Boy Name Flora A,Taiwan,2017.0,2017,TV-MA,1 Season,International TV Shows,0,1
s5290,TV Show,A House of Blocks,Taiwan,2017.0,2017,TV-PG,1 Season,International TV Shows,0,1
s5291,Movie,Aakhri Adaalat,India,2017.0,1988,TV-14,148 min,Action & Adventure,1,0
s5293,Movie,Berserk: The Golden Age Arc II - The Battle for Doldrey,Japan,2017.0,2012,TV-MA,92 min,Action & Adventure,1,0
s5294,Movie,Berserk: The Golden Age Arc III - The Advent,Japan,2017.0,2013,TV-MA,107 min,Action & Adventure,1,0
s5295,Movie,Brother's Shadow,United States,2017.0,2006,TV-MA,90 min,Dramas,1,0
s5296,Movie,Chadi Jawani Budhe Nu,India,2017.0,1976,TV-PG,135 min,Comedies,1,0
s5297,Movie,Ek Jaan Hain Hum,India,2017.0,1983,TV-14,151 min,Dramas,1,0
s5298,TV Show,FINAL FANTASY XIV Dad of Light,Japan,2017.0,2017,TV-PG,1 Season,International TV Shows,0,1
s5299,TV Show,Gurren Lagann,Japan,2017.0,2007,TV-14,1 Season,Anime Series,0,1
s5300,TV Show,High Risk,United States,2017.0,1988,TV-PG,1 Season,Docuseries,0,1
s5301,Movie,Khoon Khoon,India,2017.0,1973,TV-14,132 min,Action & Adventure,1,0
s5302,TV Show,LEGO Elves: Secrets of Elvendale,United States,2017.0,2017,TV-Y7,1 Season,Kids' TV,0,1
s5303,Movie,Little Evil,United States,2017.0,2017,TV-MA,95 min,Comedies,1,0
s5304,Movie,Manoranjan,India,2017.0,1974,TV-14,162 min,Comedies,1,0
s5305,Movie,Mujrim,India,2017.0,1989,TV-14,163 min,Action & Adventure,1,0
s5306,TV Show,Narcos,United States,2017.0,2017,TV-MA,3 Seasons,Crime TV Shows,0,1
s5307,Movie,Offline - Das leben ist kein bonuslevel,Germany,2017.0,2016,TV-MA,89 min,Action & Adventure,1,0
s5308,Movie,Resurface,United States,2017.0,2017,TV-MA,28 min,Documentaries,1,0
s5309,Movie,Rocco,France,2017.0,2016,TV-MA,103 min,Documentaries,1,0
s5310,Movie,Sohni Mahiwal,India,2017.0,1984,TV-14,160 min,Dramas,1,0
s5311,Movie,The Distinguished Citizen,Argentina,2017.0,2016,TV-MA,113 min,Comedies,1,0
s5312,Movie,The Guardian Brothers,China,2017.0,2016,TV-G,86 min,Children & Family Movies,1,0
s5313,Movie,The Last Shaman,United Kingdom,2017.0,2016,TV-14,83 min,Documentaries,1,0
s5314,Movie,The Lost Brother,Argentina,2017.0,2017,TV-MA,113 min,Dramas,1,0
s5315,Movie,Todo Sobre El Asado,Argentina,2017.0,2016,TV-MA,86 min,Documentaries,1,0
s5316,Movie,Ryan Hamilton: Happy Face,United States,2017.0,2017,TV-14,57 min,Stand-Up Comedy,1,0
s5317,Movie,Buster's Mal Heart,United States,2017.0,2016,TV-MA,98 min,Independent Movies,1,0
s5318,Movie,Berlin Syndrome,Australia,2017.0,2017,R,116 min,International Movies,1,0
s5319,Movie,Death Note,United States,2017.0,2017,TV-MA,100 min,Horror Movies,1,0
s5320,Movie,Lynne Koplitz: Hormonal Beast,United States,2017.0,2017,TV-MA,51 min,Stand-Up Comedy,1,0
s5321,TV Show,Dinotrux,United States,2017.0,2017,TV-Y7,5 Seasons,Kids' TV,0,1
s5322,TV Show,Marvel's The Defenders,United States,2017.0,2017,TV-MA,1 Season,Crime TV Shows,0,1
s5323,Movie,Undefeated,United States,2017.0,2011,PG-13,113 min,Documentaries,1,0
s5324,Movie,What Happened to Monday,United Kingdom,2017.0,2017,TV-MA,124 min,Action & Adventure,1,0
s5325,TV Show,20 Minutes,Turkey,2017.0,2013,TV-MA,1 Season,Crime TV Shows,0,1
s5326,Movie,Brad Paisley's Comedy Rodeo,United States,2017.0,2017,TV-MA,63 min,Music & Musicals,1,0
s5327,Movie,Colin Quinn: Unconstitutional,United States,2017.0,2015,TV-MA,56 min,Stand-Up Comedy,1,0
s5328,TV Show,Million Yen Women,Japan,2017.0,2017,TV-MA,1 Season,Crime TV Shows,0,1
s5329,Movie,The Outcasts,United States,2017.0,2017,TV-14,94 min,Comedies,1,0
s5330,Movie,Chocolate City: Vegas Strip,United States,2017.0,2017,TV-MA,90 min,Dramas,1,0
s5331,Movie,Los Herederos,Mexico,2017.0,2015,TV-MA,71 min,Dramas,1,0
s5332,Movie,Naked,United States,2017.0,2017,TV-14,97 min,Comedies,1,0
s5333,Movie,Demonic,United States,2017.0,2015,R,83 min,Horror Movies,1,0
s5334,Movie,The Saint,United States,2017.0,2017,TV-14,92 min,Action & Adventure,1,0
s5335,Movie,Baahubali 2: The Conclusion (Hindi Version),India,2017.0,2017,TV-MA,165 min,Action & Adventure,1,0
s5338,Movie,Baahubali: The Beginning (Hindi Version),India,2017.0,2015,TV-14,159 min,Action & Adventure,1,0
s5341,Movie,LEGO Marvel Super Heroes: Avengers Reassembled!,United States,2017.0,2015,TV-Y7,22 min,Children & Family Movies,1,0
s5342,Movie,Enter the Warriors Gate,France,2017.0,2016,PG-13,105 min,Action & Adventure,1,0
s5343,Movie,Alan Saldaña: Mi vida de pobre,Mexico,2017.0,2017,TV-MA,54 min,Stand-Up Comedy,1,0
s5344,Movie,Icarus,United States,2017.0,2017,TV-MA,121 min,Documentaries,1,0
s5345,Movie,Message from the King,United Kingdom,2017.0,2017,R,103 min,Independent Movies,1,0
s5346,TV Show,Wet Hot American Summer: Ten Years Later,United States,2017.0,2017,TV-MA,1 Season,TV Comedies,0,1
s5347,Movie,The Invisible Guardian,Spain,2017.0,2017,TV-MA,129 min,International Movies,1,0
s5348,TV Show,Bountiful Blessings,Singapore,2017.0,2011,TV-14,1 Season,International TV Shows,0,1
s5349,TV Show,Close Your Eyes Before It’s Dark,Taiwan,2017.0,2016,TV-14,1 Season,Crime TV Shows,0,1
s5350,TV Show,Entangled,South Korea,2017.0,2014,TV-14,1 Season,International TV Shows,0,1
s5351,TV Show,Fartsa,Russia,2017.0,2015,TV-14,1 Season,Crime TV Shows,0,1
s5352,Movie,Handsome Devil,Ireland,2017.0,2016,TV-MA,95 min,Comedies,1,0
s5354,Movie,Jessica Darling's It List,United States,2017.0,2016,TV-Y,80 min,Children & Family Movies,1,0
s5355,TV Show,Life Plan A and B,Taiwan,2017.0,2016,TV-PG,1 Season,International TV Shows,0,1
s5356,TV Show,Locust,Russia,2017.0,2014,TV-MA,1 Season,Crime TV Shows,0,1
s5359,Movie,Opening Night,United States,2017.0,2016,TV-MA,84 min,Comedies,1,0
s5360,Movie,Raising the Bar,Australia,2017.0,2016,TV-Y,97 min,Children & Family Movies,1,0
s5362,Movie,The Blind Christ,Chile,2017.0,2016,TV-MA,86 min,Dramas,1,0
s5363,TV Show,The In-Laws,Singapore,2017.0,2011,TV-14,1 Season,International TV Shows,0,1
s5364,TV Show,The IT Crowd,United Kingdom,2017.0,2013,TV-MA,5 Seasons,British TV Shows,0,1
s5365,Movie,Un plus une,France,2017.0,2015,TV-MA,114 min,Comedies,1,0
s5366,TV Show,Vexed,United Kingdom,2017.0,2012,TV-MA,2 Seasons,British TV Shows,0,1
s5367,TV Show,World War II in Colour,United Kingdom,2017.0,2009,TV-MA,1 Season,British TV Shows,0,1
s5368,TV Show,Daughters of Destiny,United States,2017.0,2017,TV-14,1 Season,Docuseries,0,1
s5369,Movie,The Incredible Jessica James,United States,2017.0,2017,TV-MA,84 min,Comedies,1,0
s5370,Movie,Joe Mande’s Award-Winning Comedy Special,United States,2017.0,2017,TV-MA,67 min,Stand-Up Comedy,1,0
s5371,Movie,I Called Him Morgan,Sweden,2017.0,2016,TV-14,91 min,Documentaries,1,0
s5372,Movie,Aditi Mittal: Things They Wouldn't Let Me Say,India,2017.0,2017,TV-MA,63 min,Stand-Up Comedy,1,0
s5373,TV Show,Ari Shaffir: Double Negative,United States,2017.0,2017,TV-MA,1 Season,Stand-Up Comedy & Talk Shows,0,1
s5374,Movie,Uncertain Glory,Spain,2017.0,2017,TV-MA,116 min,Dramas,1,0
s5375,Movie,Amar,Spain,2017.0,2017,TV-MA,104 min,Dramas,1,0
s5376,Movie,Buddy Thunderstruck: The Maybe Pile,United States,2017.0,2017,TV-Y7,14 min,Children & Family Movies,1,0
s5377,Movie,Chasing Coral,United States,2017.0,2017,TV-PG,89 min,Documentaries,1,0
s5378,Movie,To the Bone,United States,2017.0,2017,TV-MA,108 min,Dramas,1,0
s5379,Movie,D.L. Hughley: Clear,United States,2017.0,2014,TV-MA,59 min,Stand-Up Comedy,1,0
s5380,Movie,Tom Segura: Completely Normal,United States,2017.0,2014,TV-MA,74 min,Stand-Up Comedy,1,0
s5381,TV Show,Dawn of the Croods,United States,2017.0,2017,TV-Y7,4 Seasons,Kids' TV,0,1
s5382,TV Show,Degrassi: Next Class,Canada,2017.0,2017,TV-14,4 Seasons,International TV Shows,0,1
s5383,TV Show,Diamond Lover,China,2017.0,2015,TV-PG,1 Season,International TV Shows,0,1
s5384,TV Show,King’s War,China,2017.0,2012,TV-14,1 Season,International TV Shows,0,1
s5385,TV Show,Qin Empire: Alliance,China,2017.0,2012,TV-14,1 Season,International TV Shows,0,1
s5386,Movie,Take Me,United States,2017.0,2017,TV-MA,84 min,Comedies,1,0
s5387,TV Show,The Legend of Bruce Lee,China,2017.0,2008,TV-14,1 Season,International TV Shows,0,1
s5388,Movie,10 jours en or,France,2017.0,2012,TV-14,97 min,Comedies,1,0
s5389,TV Show,46,Turkey,2017.0,2016,TV-MA,1 Season,International TV Shows,0,1
s5390,Movie,A 2nd Chance,Australia,2017.0,2011,PG,95 min,Children & Family Movies,1,0
s5391,TV Show,Against the Tide,Singapore,2017.0,2014,TV-14,1 Season,Crime TV Shows,0,1
s5392,Movie,Amrapali,India,2017.0,1966,TV-PG,116 min,Dramas,1,0
s5393,TV Show,Barbie Life in the Dreamhouse,United States,2017.0,2012,TV-Y,1 Season,Kids' TV,0,1
s5395,Movie,Hans Teeuwen: Real Rancour,Netherlands,2017.0,2018,TV-MA,86 min,Stand-Up Comedy,1,0
s5396,TV Show,Intersection,Turkey,2017.0,2016,TV-MA,3 Seasons,International TV Shows,0,1
s5397,Movie,Lal Patthar,India,2017.0,1971,TV-14,153 min,Classic Movies,1,0
s5398,TV Show,Learning Songs by Little Baby Bum: Nursery Rhyme Friends,United Kingdom,2017.0,2015,TV-Y,1 Season,British TV Shows,0,1
s5399,Movie,Liar's Dice,India,2017.0,2013,TV-MA,104 min,Dramas,1,0
s5400,TV Show,Mystic Whispers,Singapore,2017.0,2014,TV-14,1 Season,International TV Shows,0,1
s5401,Movie,Professor,India,2017.0,1962,TV-PG,163 min,Comedies,1,0
s5403,Movie,The Invisible Guest,Spain,2017.0,2016,TV-14,106 min,International Movies,1,0
s5404,TV Show,The Oath,Singapore,2017.0,2011,TV-14,1 Season,International TV Shows,0,1
s5405,TV Show,The Truth Seekers,Singapore,2017.0,2016,TV-MA,1 Season,Crime TV Shows,0,1
s5406,TV Show,The Ultimatum,Singapore,2017.0,2009,TV-14,1 Season,International TV Shows,0,1
s5407,TV Show,Unriddle,Singapore,2017.0,2012,TV-14,2 Seasons,Crime TV Shows,0,1
s5408,TV Show,World at Your Feet,Singapore,2017.0,2014,TV-14,1 Season,International TV Shows,0,1
s5409,Movie,Yaar Gaddar,India,2017.0,1994,TV-14,148 min,Dramas,1,0
s5410,TV Show,Yes We Can!,Singapore,2017.0,2014,TV-14,1 Season,International TV Shows,0,1
s5411,TV Show,Yours Fatefully,Singapore,2017.0,2012,TV-14,1 Season,International TV Shows,0,1
s5412,Movie,Zipi & Zape y la Isla del Capitan,Spain,2017.0,2016,TV-PG,105 min,Children & Family Movies,1,0
s5413,TV Show,Criminal Minds,United States,2017.0,2017,TV-14,12 Seasons,Crime TV Shows,0,1
s5414,TV Show,Gypsy,United States,2017.0,2017,TV-MA,1 Season,TV Dramas,0,1
s5415,TV Show,Little Witch Academia,Japan,2017.0,2017,TV-Y7,2 Seasons,Anime Series,0,1
s5416,Movie,Okja,South Korea,2017.0,2017,TV-MA,121 min,Action & Adventure,1,0
s5417,Movie,Chris D'Elia: Man on Fire,United States,2017.0,2017,TV-MA,66 min,Stand-Up Comedy,1,0
s5418,Movie,I Am Michael,United States,2017.0,2015,TV-MA,102 min,Dramas,1,0
s5419,Movie,Nobody Speak: Trials of the Free Press,Netherlands,2017.0,2017,TV-14,96 min,Documentaries,1,0
s5420,Movie,You Get Me,United States,2017.0,2017,TV-MA,89 min,Dramas,1,0
s5421,Movie,Dangal,India,2017.0,2016,TV-PG,161 min,Dramas,1,0
s5422,TV Show,Young & Hungry,United States,2017.0,2017,TV-14,5 Seasons,TV Comedies,0,1
s5423,TV Show,Pac-Man and the Ghostly Adventures,United States,2017.0,2014,TV-Y7,2 Seasons,Kids' TV,0,1
s5424,Movie,Puss in Book: Trapped in an Epic Tale,United States,2017.0,2017,TV-Y7,24 min,Children & Family Movies,1,0
s5425,Movie,Rory Scovel Tries Stand-Up for the First Time,United States,2017.0,2017,TV-MA,66 min,Stand-Up Comedy,1,0
s5426,TV Show,Aquarius,United States,2017.0,2016,TV-MA,2 Seasons,Crime TV Shows,0,1
s5427,Movie,Counterpunch,United States,2017.0,2017,TV-MA,91 min,Documentaries,1,0
s5428,Movie,What the Health,United States,2017.0,2017,TV-PG,92 min,Documentaries,1,0
s5429,TV Show,World of Winx,Italy,2017.0,2017,TV-Y7,2 Seasons,Kids' TV,0,1
s5430,Movie,Kanavu Variyam,India,2017.0,2017,TV-PG,104 min,Comedies,1,0
s5431,Movie,Marco Luque: Tamo Junto,Brazil,2017.0,2017,TV-MA,73 min,Stand-Up Comedy,1,0
s5432,Movie,The Russian Revolution,United Kingdom,2017.0,2017,TV-PG,47 min,Documentaries,1,0
s5433,Movie,"Oh, Hello On Broadway",United States,2017.0,2017,TV-MA,102 min,Stand-Up Comedy,1,0
s5434,TV Show,28 Moons,South Korea,2017.0,2016,TV-PG,1 Season,International TV Shows,0,1
s5435,TV Show,Magic Phone,South Korea,2017.0,2016,TV-PG,1 Season,International TV Shows,0,1
s5436,TV Show,Man to Man,South Korea,2017.0,2017,TV-14,1 Season,Crime TV Shows,0,1
s5437,TV Show,My Little Baby,South Korea,2017.0,2016,TV-PG,1 Season,Crime TV Shows,0,1
s5438,TV Show,Singles Villa,China,2017.0,2015,TV-14,1 Season,International TV Shows,0,1
s5439,TV Show,Under the Black Moonlight,South Korea,2017.0,2016,TV-14,1 Season,International TV Shows,0,1
s5440,TV Show,My Only Love Song,South Korea,2017.0,2017,TV-MA,1 Season,International TV Shows,0,1
s5441,Movie,Shimmer Lake,Canada,2017.0,2017,TV-MA,87 min,Dramas,1,0
s5442,Movie,The Wishing Tree,India,2017.0,2017,TV-14,117 min,Children & Family Movies,1,0
s5443,Movie,Headshot,Indonesia,2017.0,2016,TV-MA,119 min,Action & Adventure,1,0
s5444,Movie,1898: Our Last Men in the Philippines,Spain,2017.0,2016,R,130 min,Dramas,1,0
s5445,TV Show,Crashing,United Kingdom,2017.0,2016,TV-MA,1 Season,British TV Shows,0,1
s5446,TV Show,Flaked,United States,2017.0,2017,TV-MA,2 Seasons,TV Comedies,0,1
s5447,Movie,Lucid Dream,South Korea,2017.0,2017,TV-MA,102 min,International Movies,1,0
s5448,Movie,Aashik Awara,India,2017.0,1993,TV-14,154 min,Dramas,1,0
s5449,Movie,Amelia: A Tale of Two Sisters,United Kingdom,2017.0,2017,TV-PG,44 min,Documentaries,1,0
s5450,Movie,Catfight,United States,2017.0,2016,TV-MA,96 min,Comedies,1,0
s5451,Movie,How to Stage a Coup,United Kingdom,2017.0,2017,TV-14,47 min,Documentaries,1,0
s5452,Movie,Jackie: A Tale of Two Sisters,United Kingdom,2017.0,2017,TV-PG,44 min,Documentaries,1,0
s5453,Movie,Lens,India,2017.0,2015,TV-MA,109 min,Dramas,1,0
s5454,Movie,Little Boxes,United States,2017.0,2016,TV-MA,89 min,Comedies,1,0
s5455,Movie,Love.com,Brazil,2017.0,2017,TV-MA,92 min,Comedies,1,0
s5456,Movie,Maya Memsaab,France,2017.0,1993,TV-14,122 min,Dramas,1,0
s5457,Movie,Michael Lost and Found,Canada,2017.0,2017,TV-PG,19 min,Documentaries,1,0
s5458,TV Show,Mind Game,Singapore,2017.0,2015,TV-14,1 Season,Crime TV Shows,0,1
s5460,TV Show,Off Camera,United States,2017.0,2015,TV-MA,3 Seasons,Stand-Up Comedy & Talk Shows,0,1
s5461,Movie,Oh Darling Yeh Hai India,India,2017.0,1995,TV-14,154 min,Action & Adventure,1,0
s5462,Movie,Prince,India,2017.0,1969,TV-PG,152 min,Dramas,1,0
s5463,Movie,Qila,India,2017.0,1998,TV-14,161 min,Dramas,1,0
s5464,Movie,Smoke & Mirrors,Spain,2017.0,2016,TV-14,123 min,Dramas,1,0
s5465,TV Show,The Day Will Come,Denmark,2017.0,2016,TV-14,1 Season,International TV Shows,0,1
s5466,TV Show,The Dream Job,Singapore,2017.0,2016,TV-14,1 Season,International TV Shows,0,1
s5467,Movie,The Mitfords: A Tale of Two Sisters,United Kingdom,2017.0,2017,TV-PG,44 min,Documentaries,1,0
s5468,Movie,Without Gorky,United Kingdom,2017.0,2011,TV-14,80 min,Documentaries,1,0
s5469,Movie,Sarah Silverman A Speck of Dust,United States,2017.0,2017,TV-MA,71 min,Stand-Up Comedy,1,0
s5470,Movie,Rangoon,India,2017.0,2017,TV-14,153 min,Action & Adventure,1,0
s5471,TV Show,Bloodline,United States,2017.0,2017,TV-MA,3 Seasons,TV Dramas,0,1
s5472,Movie,Joshua: Teenager vs. Superpower,United States,2017.0,2017,TV-14,79 min,Documentaries,1,0
s5473,Movie,Raees,India,2017.0,2017,TV-14,143 min,Action & Adventure,1,0
s5474,Movie,War Machine,United States,2017.0,2017,TV-MA,123 min,Comedies,1,0
s5475,Movie,Arès,France,2017.0,2016,TV-MA,80 min,Action & Adventure,1,0
s5477,Movie,BLAME!,Japan,2017.0,2017,TV-14,106 min,Action & Adventure,1,0
s5478,TV Show,Highland: Thailand's Marijuana Awakening,Thailand,2017.0,2017,TV-MA,1 Season,Docuseries,0,1
s5479,Movie,Laerte-se,Brazil,2017.0,2017,TV-MA,101 min,Documentaries,1,0
s5480,TV Show,The Keepers,United States,2017.0,2017,TV-MA,1 Season,Crime TV Shows,0,1
s5481,Movie,Tracy Morgan: Staying Alive,United States,2017.0,2017,TV-MA,59 min,Stand-Up Comedy,1,0
s5482,Movie,Chamatkar,India,2017.0,1992,TV-14,164 min,Comedies,1,0
s5483,Movie,Kabhi Haan Kabhi Naa,India,2017.0,1994,TV-14,151 min,Comedies,1,0
s5484,Movie,Lovesong,United States,2017.0,2016,TV-MA,84 min,Dramas,1,0
s5485,Movie,Natascha Kampusch: The Whole Story,United States,2017.0,2010,TV-14,51 min,Movies,1,0
s5486,Movie,Ram Jaane,India,2017.0,1995,TV-14,142 min,Dramas,1,0
s5487,Movie,The Devil's Mistress,Czech Republic,2017.0,2016,TV-MA,110 min,Dramas,1,0
s5488,Movie,Wild Oats,Germany,2017.0,2016,PG-13,86 min,Comedies,1,0
s5490,Movie,Get Me Roger Stone,United States,2017.0,2017,TV-MA,101 min,Documentaries,1,0
s5491,Movie,Mindhorn,United Kingdom,2017.0,2017,TV-MA,88 min,Comedies,1,0
s5492,Movie,Sahara,France,2017.0,2017,TV-Y7,86 min,Children & Family Movies,1,0
s5493,Movie,"Norm Macdonald: Hitler's Dog, Gossip & Trickery",United States,2017.0,2017,TV-MA,61 min,Stand-Up Comedy,1,0
s5494,Movie,Handsome: A Netflix Mystery Movie,United States,2017.0,2017,TV-MA,81 min,Comedies,1,0
s5495,TV Show,Kazoops!,Australia,2017.0,2017,TV-Y,3 Seasons,Kids' TV,0,1
s5496,Movie,Simplemente Manu NNa,Mexico,2017.0,2017,TV-MA,72 min,Stand-Up Comedy,1,0
s5497,Movie,The Mars Generation,United States,2017.0,2017,TV-PG,98 min,Children & Family Movies,1,0
s5498,Movie,Maria Bamford: Old Baby,United States,2017.0,2017,TV-MA,64 min,Stand-Up Comedy,1,0
s5499,Movie,A Yellow Bird,Singapore,2017.0,2016,TV-MA,111 min,Dramas,1,0
s5500,Movie,Chaahat,India,2017.0,1996,TV-14,148 min,Dramas,1,0
s5501,Movie,English Babu Desi Mem,India,2017.0,1996,TV-14,163 min,Comedies,1,0
s5502,Movie,He Even Has Your Eyes,France,2017.0,2016,TV-MA,95 min,Comedies,1,0
s5503,Movie,In the Shadow of Iris,France,2017.0,2016,TV-MA,99 min,Dramas,1,0
s5504,Movie,JFK: The Making of a President,United Kingdom,2017.0,2017,TV-PG,44 min,Documentaries,1,0
s5505,Movie,Kiss & Cry,Canada,2017.0,2017,TV-MA,93 min,Dramas,1,0
s5506,Movie,Loev,India,2017.0,2015,TV-MA,89 min,Dramas,1,0
s5507,Movie,Mostly Sunny,Canada,2017.0,2016,TV-MA,83 min,Documentaries,1,0
s5508,Movie,The Next Skin,Spain,2017.0,2016,TV-MA,104 min,Dramas,1,0
s5509,Movie,Casting JonBenet,United States,2017.0,2017,TV-14,81 min,Documentaries,1,0
s5510,TV Show,Jumping Girl,South Korea,2017.0,2015,TV-14,1 Season,International TV Shows,0,1
s5511,TV Show,President,South Korea,2017.0,2010,TV-14,1 Season,International TV Shows,0,1
s5512,Movie,Rodney King,United States,2017.0,2017,TV-MA,53 min,Dramas,1,0
s5513,Movie,Small Crimes,Canada,2017.0,2017,TV-MA,95 min,Dramas,1,0
s5514,TV Show,What in the World Happened?,South Korea,2017.0,2015,TV-14,1 Season,International TV Shows,0,1
s5515,TV Show,Mar de Plástico,Spain,2017.0,2017,TV-MA,2 Seasons,Crime TV Shows,0,1
s5516,Movie,Dear Zindagi,India,2017.0,2016,TV-14,149 min,Comedies,1,0
s5517,Movie,Shepherds and Butchers,South Africa,2017.0,2016,R,106 min,Dramas,1,0
s5518,Movie,The 101-Year-Old Man Who Skipped Out on the Bill and Disappeared,Sweden,2017.0,2016,TV-MA,108 min,Comedies,1,0
s5519,Movie,Vir Das: Abroad Understanding,United States,2017.0,2017,TV-MA,66 min,Stand-Up Comedy,1,0
s5520,TV Show,Fangbone,Canada,2017.0,2016,TV-Y7,1 Season,Kids' TV,0,1
s5521,TV Show,Girlboss,United States,2017.0,2017,TV-MA,1 Season,TV Comedies,0,1
s5522,TV Show,Hot Girls Wanted: Turned On,United States,2017.0,2017,TV-MA,1 Season,Docuseries,0,1
s5523,Movie,Sand Castle,United States,2017.0,2017,TV-MA,113 min,Action & Adventure,1,0
s5524,TV Show,The Mr. Peabody and Sherman Show,United States,2017.0,2017,TV-Y7,4 Seasons,Kids' TV,0,1
s5525,Movie,Tramps,United States,2017.0,2017,TV-MA,83 min,Dramas,1,0
s5526,Movie,Lucas Brothers: On Drugs,United States,2017.0,2017,TV-MA,50 min,Stand-Up Comedy,1,0
s5527,Movie,Bibi & Tina,Germany,2017.0,2014,TV-PG,97 min,Children & Family Movies,1,0
s5528,Movie,Bibi & Tina II,Germany,2017.0,2014,TV-14,105 min,Children & Family Movies,1,0
s5529,Movie,Bibi & Tina: Girls Versus Boys,Germany,2017.0,2016,TV-14,107 min,Children & Family Movies,1,0
s5530,Movie,Slam,Italy,2017.0,2017,TV-MA,99 min,Comedies,1,0
s5531,Movie,The Wedding Party,Nigeria,2017.0,2016,TV-14,101 min,Comedies,1,0
s5532,Movie,Arctic Heart,France,2017.0,2016,TV-14,81 min,Dramas,1,0
s5533,Movie,Our Lovers,Spain,2017.0,2016,TV-MA,92 min,Comedies,1,0
s5534,Movie,Sandy Wexler,United States,2017.0,2017,TV-14,131 min,Comedies,1,0
s5535,Movie,Macho,Mexico,2017.0,2016,TV-MA,101 min,Comedies,1,0
s5536,Movie,Kevin Hart: What Now?,United States,2017.0,2016,R,96 min,Stand-Up Comedy,1,0
s5537,Movie,Frat Star,United States,2017.0,2017,TV-MA,85 min,Comedies,1,0
s5538,TV Show,The Miracle,South Korea,2017.0,2016,TV-14,1 Season,International TV Shows,0,1
s5539,TV Show,The Get Down,United States,2017.0,2017,TV-MA,2 Seasons,TV Dramas,0,1
s5540,Movie,The Lighthouse of the Orcas,Spain,2017.0,2016,TV-MA,110 min,Dramas,1,0
s5541,Movie,Win It All,United States,2017.0,2017,TV-MA,89 min,Comedies,1,0
s5542,Movie,Louis C.K. 2017,United States,2017.0,2017,74 min,,Movies,1,0
s5543,TV Show,Burned Cocoon,Turkey,2017.0,2005,TV-MA,1 Season,International TV Shows,0,1
s5544,Movie,Couples Counseling,Brazil,2017.0,2016,TV-MA,88 min,Comedies,1,0
s5545,Movie,Deuces,United States,2017.0,2016,TV-MA,88 min,Dramas,1,0
s5546,Movie,Elaan,India,2017.0,1971,TV-14,143 min,Action & Adventure,1,0
s5547,Movie,Five Nights in Maine,United States,2017.0,2015,TV-MA,83 min,Dramas,1,0
s5548,Movie,Killa,India,2017.0,2014,TV-14,107 min,Dramas,1,0
s5549,Movie,Life 2.0,United States,2017.0,2010,TV-MA,99 min,Documentaries,1,0
s5550,Movie,Salaakhen,India,2017.0,1975,TV-14,134 min,Action & Adventure,1,0
s5551,Movie,Skins,Spain,2017.0,2017,TV-MA,78 min,Dramas,1,0
s5552,Movie,The Tenth Man,Argentina,2017.0,2016,TV-MA,81 min,Dramas,1,0
s5553,Movie,Toro,Spain,2017.0,2016,TV-MA,106 min,Dramas,1,0
s5554,Movie,Bridget Christie: Stand Up for Her,United Kingdom,2017.0,2016,TV-MA,51 min,Stand-Up Comedy,1,0
s5556,TV Show,Hoff the Record,United Kingdom,2017.0,2016,TV-MA,2 Seasons,British TV Shows,0,1
s5557,Movie,The Discovery,United States,2017.0,2017,TV-MA,102 min,Dramas,1,0
s5558,Movie,Jo Koy: Live from Seattle,United States,2017.0,2017,TV-MA,63 min,Stand-Up Comedy,1,0
s5559,TV Show,Bottersnikes & Gumbles,United States,2017.0,2017,TV-Y7,2 Seasons,British TV Shows,0,1
s5560,Movie,Felipe Neto: My Life Makes No Sense,Brazil,2017.0,2017,TV-MA,91 min,Stand-Up Comedy,1,0
s5561,Movie,The C Word,United States,2017.0,2016,TV-14,93 min,Documentaries,1,0
s5562,Movie,The Most Hated Woman in America,United States,2017.0,2017,TV-MA,93 min,Dramas,1,0
s5563,TV Show,Dave Chappelle,United States,2017.0,2017,TV-MA,1 Season,Stand-Up Comedy & Talk Shows,0,1
s5564,TV Show,One-Punch Man,Japan,2017.0,2015,TV-14,1 Season,Anime Series,0,1
s5565,Movie,Best Worst Thing That Ever Could Have Happened,United States,2017.0,2016,TV-MA,97 min,Documentaries,1,0
s5566,Movie,Deidra & Laney Rob a Train,United States,2017.0,2017,TV-14,92 min,Comedies,1,0
s5567,TV Show,Julie's Greenroom,United States,2017.0,2017,TV-Y,1 Season,Kids' TV,0,1
s5568,TV Show,Outback Truckers,Australia,2017.0,2015,TV-MA,3 Seasons,Reality TV,0,1
s5569,Movie,Pandora,South Korea,2017.0,2016,TV-MA,137 min,Dramas,1,0
s5570,TV Show,Samurai Gourmet,Japan,2017.0,2017,TV-PG,1 Season,International TV Shows,0,1
s5571,Movie,Howards End,United Kingdom,2017.0,1992,PG,143 min,Classic Movies,1,0
s5572,Movie,Asoka,India,2017.0,2001,R,168 min,Action & Adventure,1,0
s5573,Movie,"Bon Cop, Bad Cop",Canada,2017.0,2006,TV-MA,117 min,Action & Adventure,1,0
s5574,Movie,Notes on Blindness,United Kingdom,2017.0,2016,TV-PG,87 min,Documentaries,1,0
s5575,Movie,One 2 Ka 4,India,2017.0,2001,TV-14,160 min,Action & Adventure,1,0
s5576,TV Show,Cheer Squad,United States,2017.0,2016,TV-PG,1 Season,Reality TV,0,1
s5577,Movie,Jim Norton: Mouthful of Shame,United States,2017.0,2017,TV-MA,62 min,Stand-Up Comedy,1,0
s5578,Movie,100 Meters,Portugal,2017.0,2016,TV-MA,109 min,Dramas,1,0
s5579,TV Show,Buddy Thunderstruck,United States,2017.0,2017,TV-Y7,1 Season,Kids' TV,0,1
s5580,Movie,Burning Sands,United States,2017.0,2017,TV-MA,102 min,Dramas,1,0
s5581,TV Show,One More Time,South Korea,2017.0,2016,TV-14,1 Season,International TV Shows,0,1
s5582,Movie,The Butterfly's Dream,Turkey,2017.0,2013,TV-PG,118 min,Dramas,1,0
s5583,Movie,Amy Schumer: The Leather Special,United States,2017.0,2017,TV-MA,57 min,Stand-Up Comedy,1,0
s5584,TV Show,Love Is in the Air,United Kingdom,2017.0,2010,TV-14,1 Season,International TV Shows,0,1
s5585,Movie,Nila,India,2017.0,2016,TV-MA,94 min,Dramas,1,0
s5586,TV Show,Tong: Memories,South Korea,2017.0,2016,TV-MA,1 Season,International TV Shows,0,1
s5587,Movie,Mike Birbiglia: Thank God for Jokes,United States,2017.0,2017,TV-MA,71 min,Stand-Up Comedy,1,0
s5588,Movie,Force 2,India,2017.0,2016,TV-14,123 min,Action & Adventure,1,0
s5589,Movie,Jonas,Brazil,2017.0,2015,TV-MA,97 min,Dramas,1,0
s5590,Movie,Operações Especiais,Brazil,2017.0,2015,TV-MA,99 min,Action & Adventure,1,0
s5591,Movie,I Don't Feel at Home in This World Anymore,United States,2017.0,2017,TV-MA,97 min,Dramas,1,0
s5592,TV Show,Legend Quest,Mexico,2017.0,2017,TV-Y7,1 Season,Kids' TV,0,1
s5593,TV Show,The Sound of Your Heart,South Korea,2017.0,2016,TV-14,1 Season,International TV Shows,0,1
s5594,TV Show,Love Me As I Am,Turkey,2017.0,2015,TV-PG,3 Seasons,International TV Shows,0,1
s5595,Movie,Trevor Noah: Afraid of the Dark,United States,2017.0,2017,TV-14,67 min,Stand-Up Comedy,1,0
s5596,Movie,Boy Missing,Spain,2017.0,2016,TV-MA,105 min,International Movies,1,0
s5597,Movie,Growing Up Wild,United States,2017.0,2016,G,78 min,Children & Family Movies,1,0
s5598,Movie,Tini: The New Life of Violetta,Spain,2017.0,2016,G,99 min,Children & Family Movies,1,0
s5599,TV Show,Love for Ten: Generation of Youth,South Korea,2017.0,2013,TV-14,1 Season,International TV Shows,0,1
s5600,Movie,Rocky Handsome,India,2017.0,2016,TV-MA,119 min,Action & Adventure,1,0
s5601,Movie,A Heavy Heart,Germany,2017.0,2015,TV-MA,109 min,Dramas,1,0
s5602,TV Show,Nightmare High,South Korea,2017.0,2016,TV-14,1 Season,International TV Shows,0,1
s5603,Movie,Rush: Beyond the Lighted Stage,Canada,2017.0,2010,TV-MA,107 min,Documentaries,1,0
s5604,TV Show,Spark,South Korea,2017.0,2016,TV-PG,1 Season,International TV Shows,0,1
s5605,Movie,The Fury of a Patient Man,Spain,2017.0,2016,TV-MA,92 min,International Movies,1,0
s5606,Movie,The Memory of Water,Chile,2017.0,2015,TV-MA,88 min,Dramas,1,0
s5607,Movie,Girlfriend's Day,United States,2017.0,2017,TV-MA,71 min,Comedies,1,0
s5608,Movie,Katherine Ryan: In Trouble,United Kingdom,2017.0,2017,TV-MA,64 min,Stand-Up Comedy,1,0
s5609,TV Show,White Nights,South Korea,2017.0,2016,TV-14,1 Season,International TV Shows,0,1
s5610,TV Show,Cyborg 009: Call of Justice,Japan,2017.0,2017,TV-14,1 Season,Anime Series,0,1
s5611,Movie,David Brent: Life on the Road,United Kingdom,2017.0,2016,TV-MA,97 min,Comedies,1,0
s5612,Movie,Grillo vs Grillo,Italy,2017.0,2017,TV-MA,96 min,Stand-Up Comedy,1,0
s5613,Movie,Hitler - A Career,West Germany,2017.0,1977,TV-MA,150 min,Documentaries,1,0
s5614,Movie,"Michael Bolton's Big, Sexy Valentine's Day Special",United States,2017.0,2017,TV-MA,54 min,Comedies,1,0
s5615,Movie,Daniel Sosa: Sosafado,Mexico,2017.0,2017,TV-MA,78 min,Stand-Up Comedy,1,0
s5616,Movie,Imperial Dreams,United States,2017.0,2014,TV-MA,86 min,Dramas,1,0
s5617,Movie,Dilwale,India,2017.0,2015,TV-PG,154 min,Action & Adventure,1,0
s5618,Movie,Happy New Year,India,2017.0,2014,TV-14,179 min,Action & Adventure,1,0
s5619,Movie,Haraamkhor,India,2017.0,2015,TV-14,93 min,Dramas,1,0
s5620,Movie,Heroes Wanted,Spain,2017.0,2016,TV-MA,97 min,Action & Adventure,1,0
s5621,Movie,The Reconquest,Spain,2017.0,2016,TV-MA,108 min,Dramas,1,0
s5622,Movie,Zapped,Canada,2017.0,2014,TV-Y,92 min,Children & Family Movies,1,0
s5623,Movie,Bill Burr: Walk Your Way Out,United States,2017.0,2017,TV-MA,78 min,Stand-Up Comedy,1,0
s5624,Movie,Semana Santa,Mexico,2017.0,2015,TV-MA,87 min,Dramas,1,0
s5625,Movie,Journey to Greenland,France,2017.0,2016,TV-14,99 min,Comedies,1,0
s5626,Movie,IBOY,United Kingdom,2017.0,2017,TV-MA,91 min,International Movies,1,0
s5627,Movie,O Silêncio do Céu,Brazil,2017.0,2016,TV-MA,102 min,Dramas,1,0
s5628,Movie,Cristela Alonzo: Lower Classy,United States,2017.0,2017,TV-MA,67 min,Stand-Up Comedy,1,0
s5629,Movie,Gad Gone Wild,France,2017.0,2017,TV-MA,57 min,Stand-Up Comedy,1,0
s5630,Movie,Pink,India,2017.0,2016,TV-14,130 min,Dramas,1,0
s5631,Movie,Take the 10,United States,2017.0,2017,TV-MA,80 min,Comedies,1,0
s5632,Movie,Neal Brennan: 3 Mics,United States,2017.0,2017,TV-MA,66 min,Stand-Up Comedy,1,0
s5633,Movie,Berlin Calling,Germany,2017.0,2008,TV-MA,105 min,Dramas,1,0
s5634,Movie,Sarajevo,Austria,2017.0,2014,TV-PG,98 min,Dramas,1,0
s5635,Movie,Stereo,Germany,2017.0,2014,TV-MA,91 min,International Movies,1,0
s5636,Movie,We Are Young. We Are Strong.,Germany,2017.0,2014,TV-MA,123 min,Dramas,1,0
s5637,Movie,Casablancas: The Man Who Loved Women,France,2017.0,2016,TV-14,82 min,Documentaries,1,0
s5638,Movie,Clinical,United States,2017.0,2017,TV-MA,104 min,Horror Movies,1,0
s5639,Movie,Very Big Shot,Lebanon,2017.0,2015,TV-MA,109 min,Comedies,1,0
s5640,Movie,Jim Gaffigan: Cinco,United States,2017.0,2017,TV-14,74 min,Stand-Up Comedy,1,0
s5641,TV Show,We're Lalaloopsy,United States,2017.0,2017,TV-Y,1 Season,Kids' TV,0,1
s5642,Movie,Under the Shadow,United Kingdom,2017.0,2016,PG-13,84 min,Horror Movies,1,0
s5643,Movie,Coin Heist,United States,2017.0,2017,TV-14,98 min,Children & Family Movies,1,0
s5644,Movie,LEGO: Marvel Super Heroes: Maximum Overload,United States,2017.0,2013,TV-Y7,22 min,Children & Family Movies,1,0
s5645,Movie,Rampage: President Down,Canada,2017.0,2016,TV-MA,100 min,Action & Adventure,1,0
s5646,Movie,Marvel's Hulk: Where Monsters Dwell,United States,2017.0,2016,PG,75 min,Children & Family Movies,1,0
s5647,Movie,Jen Kirkman: Just Keep Livin’?,United States,2017.0,2017,TV-MA,69 min,Stand-Up Comedy,1,0
s5648,Movie,Autohead,India,2017.0,2016,TV-MA,97 min,Dramas,1,0
s5649,Movie,Bee Movie,United States,2017.0,2007,PG,92 min,Children & Family Movies,1,0
s5650,Movie,Headwinds,France,2017.0,2011,TV-MA,92 min,Dramas,1,0
s5651,TV Show,Star Trek: Deep Space Nine,United States,2017.0,1999,TV-14,7 Seasons,TV Action & Adventure,0,1
s5652,Movie,Udta Punjab,India,2017.0,2016,TV-MA,146 min,Dramas,1,0
s5653,Movie,Mr. Pig,Mexico,2016.0,2016,TV-MA,97 min,Dramas,1,0
s5654,TV Show,My Runway,South Korea,2016.0,2016,TV-14,1 Season,International TV Shows,0,1
s5655,TV Show,AJIN: Demi-Human,Japan,2016.0,2016,TV-MA,2 Seasons,Anime Series,0,1
s5656,TV Show,Chasing Cameron,United States,2016.0,2016,TV-14,1 Season,Reality TV,0,1
s5657,Movie,7:19,Mexico,2016.0,2016,TV-MA,93 min,Dramas,1,0
s5658,Movie,Garfunkel and Oates: Trying to be Special,United States,2016.0,2016,TV-MA,62 min,Music & Musicals,1,0
s5659,TV Show,Sense8,United States,2016.0,2018,TV-MA,2 Seasons,Crime TV Shows,0,1
s5660,Movie,A Christmas Special: Miraculous: Tales of Ladybug & Cat Noir,France,2016.0,2016,TV-Y7,22 min,Movies,1,0
s5661,Movie,Gabriel lglesias: I’m Sorry For What I Said When I Was Hungry,United States,2016.0,2016,TV-14,88 min,Stand-Up Comedy,1,0
s5662,Movie,Barry,United States,2016.0,2016,TV-MA,105 min,Dramas,1,0
s5663,TV Show,Crazyhead,United Kingdom,2016.0,2016,TV-MA,1 Season,British TV Shows,0,1
s5664,Movie,Sister Cities,United States,2016.0,2016,TV-MA,88 min,Dramas,1,0
s5665,Movie,3 Türken & ein Baby,Germany,2016.0,2015,TV-MA,93 min,Comedies,1,0
s5666,TV Show,Color of Woman,South Korea,2016.0,2012,TV-PG,1 Season,International TV Shows,0,1
s5667,Movie,Eddie - Strongman,United Kingdom,2016.0,2015,TV-MA,98 min,Documentaries,1,0
s5668,TV Show,Goodbye My Wife,South Korea,2016.0,2012,TV-14,1 Season,International TV Shows,0,1
s5669,TV Show,Happy And,South Korea,2016.0,2012,TV-14,1 Season,International TV Shows,0,1
s5670,TV Show,Heaven's Garden,South Korea,2016.0,2011,TV-MA,1 Season,International TV Shows,0,1
s5671,TV Show,Ice Fantasy,China,2016.0,2016,TV-14,1 Season,International TV Shows,0,1
s5672,TV Show,Immortal Classic,South Korea,2016.0,2012,TV-14,1 Season,International TV Shows,0,1
s5673,TV Show,InuYasha,Japan,2016.0,2001,TV-14,2 Seasons,Anime Series,0,1
s5674,TV Show,K-POP Extreme Survival,South Korea,2016.0,2012,TV-14,1 Season,International TV Shows,0,1
s5675,TV Show,Merlin,United Kingdom,2016.0,2012,TV-PG,5 Seasons,British TV Shows,0,1
s5676,TV Show,Miss Panda & Mr. Hedgehog,South Korea,2016.0,2012,TV-PG,1 Season,International TV Shows,0,1
s5677,Movie,Sand Storm,Israel,2016.0,2016,TV-PG,88 min,Dramas,1,0
s5678,TV Show,Tokyo Trial,Canada,2016.0,2017,TV-MA,1 Season,International TV Shows,0,1
s5679,Movie,Ricardo O'Farrill: Abrazo navideño,Mexico,2016.0,2016,TV-MA,31 min,Stand-Up Comedy,1,0
s5680,Movie,Asperger's Are Us,United States,2016.0,2016,TV-MA,83 min,Documentaries,1,0
s5681,TV Show,Captive,United Kingdom,2016.0,2016,TV-MA,1 Season,Crime TV Shows,0,1
s5682,Movie,Mariah Carey's Merriest Christmas,United States,2016.0,2015,TV-G,38 min,Children & Family Movies,1,0
s5683,Movie,Spectral,United States,2016.0,2016,TV-14,108 min,Action & Adventure,1,0
s5684,TV Show,White Rabbit Project,United States,2016.0,2016,TV-14,1 Season,Docuseries,0,1
s5685,TV Show,Miss in Kiss,Taiwan,2016.0,2016,TV-14,1 Season,International TV Shows,0,1
s5686,Movie,Other People,United States,2016.0,2016,TV-MA,97 min,Comedies,1,0
s5687,TV Show,The Cuba Libre Story,France,2016.0,2015,TV-14,1 Season,Docuseries,0,1
s5688,Movie,Blue Jay,United States,2016.0,2016,TV-MA,81 min,Dramas,1,0
s5689,Movie,One in a Billion,United States,2016.0,2016,TV-14,70 min,Documentaries,1,0
s5690,Movie,Reggie Watts: Spatial,United States,2016.0,2016,TV-MA,62 min,Music & Musicals,1,0
s5691,TV Show,From Dusk Till Dawn,United States,2016.0,2016,TV-MA,3 Seasons,Classic & Cult TV,0,1
s5692,Movie,Mercenary,France,2016.0,2016,TV-MA,99 min,Dramas,1,0
s5693,TV Show,Lost & Found Music Studios,Canada,2016.0,2016,TV-G,2 Seasons,Kids' TV,0,1
s5694,Movie,For the Love of Spock,Canada,2016.0,2016,TV-14,112 min,Documentaries,1,0
s5695,Movie,White Girl,United States,2016.0,2016,TV-MA,90 min,Dramas,1,0
s5696,Movie,#Rucker50,United States,2016.0,2016,TV-PG,56 min,Documentaries,1,0
s5697,Movie,1000 Rupee Note,India,2016.0,2014,TV-14,89 min,Dramas,1,0
s5698,Movie,Across Grace Alley,United States,2016.0,2013,TV-PG,24 min,Dramas,1,0
s5699,Movie,Asu Mare 2,Peru,2016.0,2015,TV-14,100 min,Comedies,1,0
s5700,TV Show,Back to 1989,Taiwan,2016.0,2016,TV-PG,1 Season,International TV Shows,0,1
s5701,TV Show,Bromance,Taiwan,2016.0,2015,TV-PG,1 Season,International TV Shows,0,1
s5702,Movie,Interrogation,India,2016.0,2015,TV-MA,116 min,Dramas,1,0
s5703,Movie,Rainbow Time,United States,2016.0,2016,TV-MA,92 min,Comedies,1,0
s5704,TV Show,Refresh Man,Taiwan,2016.0,2016,TV-14,1 Season,International TV Shows,0,1
s5705,Movie,Richard Pryor: Live in Concert,United States,2016.0,1979,TV-MA,79 min,Stand-Up Comedy,1,0
s5706,Movie,The Violin Player,India,2016.0,2016,TV-14,72 min,Dramas,1,0
s5707,Movie,Beauties of the Night,Mexico,2016.0,2016,TV-MA,92 min,Documentaries,1,0
s5708,TV Show,Gilmore Girls: A Year in the Life,United States,2016.0,2016,TV-14,1 Season,TV Comedies,0,1
s5709,Movie,Michael Che Matters,United States,2016.0,2016,TV-MA,61 min,Stand-Up Comedy,1,0
s5710,Movie,Mercy,United States,2016.0,2016,TV-MA,88 min,Dramas,1,0
s5711,Movie,The Land of Cards,India,2016.0,2012,TV-14,113 min,Dramas,1,0
s5712,Movie,Carlos Ballarta: El amor es de putos,Mexico,2016.0,2016,TV-MA,67 min,Stand-Up Comedy,1,0
s5713,Movie,Donald Glover: Weirdo,United States,2016.0,2012,TV-MA,65 min,Stand-Up Comedy,1,0
s5714,Movie,Colin Quinn: The New York Story,United States,2016.0,2016,TV-MA,62 min,Stand-Up Comedy,1,0
s5715,Movie,Divines,France,2016.0,2016,TV-MA,107 min,Dramas,1,0
s5716,TV Show,La Niña,Colombia,2016.0,2016,TV-MA,1 Season,Crime TV Shows,0,1
s5717,TV Show,Paranoid,United Kingdom,2016.0,2016,TV-MA,1 Season,British TV Shows,0,1
s5718,Movie,Dieter Nuhr: Nuhr in Berlin,Germany,2016.0,2016,TV-MA,69 min,Stand-Up Comedy,1,0
s5719,Movie,Mumbai Cha Raja,India,2016.0,2012,TV-MA,77 min,Dramas,1,0
s5720,Movie,True Memoirs of an International Assassin,United States,2016.0,2016,TV-14,98 min,Action & Adventure,1,0
s5721,TV Show,Einsatzgruppen: The Nazi Death Squads,France,2016.0,2009,TV-MA,1 Season,Docuseries,0,1
s5722,Movie,Kathleen Madigan: Bothering Jesus,United States,2016.0,2016,TV-MA,71 min,Stand-Up Comedy,1,0
s5723,TV Show,Case,Iceland,2016.0,2015,TV-MA,1 Season,Crime TV Shows,0,1
s5724,TV Show,Danger Mouse,United Kingdom,2016.0,2016,TV-Y7,2 Seasons,British TV Shows,0,1
s5725,Movie,"Dana Carvey: Straight White Male, 60",United States,2016.0,2016,TV-MA,64 min,Stand-Up Comedy,1,0
s5726,Movie,The Ivory Game,Austria,2016.0,2016,TV-14,112 min,Documentaries,1,0
s5727,Movie,A Grand Night In: The Story of Aardman,United Kingdom,2016.0,2015,TV-PG,59 min,Documentaries,1,0
s5728,TV Show,Inborn Pair,Taiwan,2016.0,2011,TV-14,1 Season,International TV Shows,0,1
s5729,TV Show,Just You,Taiwan,2016.0,2013,TV-14,1 Season,International TV Shows,0,1
s5730,TV Show,Love Around,Taiwan,2016.0,2013,TV-14,1 Season,International TV Shows,0,1
s5731,TV Show,Love Family,Taiwan,2016.0,2013,TV-MA,1 Season,International TV Shows,0,1
s5732,TV Show,Love Me or Leave Me,Taiwan,2016.0,2012,TV-14,1 Season,International TV Shows,0,1
s5733,TV Show,Love Now,Taiwan,2016.0,2012,TV-14,1 Season,International TV Shows,0,1
s5734,Movie,Norman Lear: Just Another Version of You,United States,2016.0,2016,TV-MA,91 min,Documentaries,1,0
s5736,Movie,Spanish Affair 2,Spain,2016.0,2015,TV-MA,107 min,Comedies,1,0
s5737,Movie,Pup Star,Canada,2016.0,2016,G,92 min,Children & Family Movies,1,0
s5738,Movie,I Am the Pretty Thing That Lives in the House,Canada,2016.0,2016,TV-14,89 min,Horror Movies,1,0
s5739,Movie,Into the Inferno,United Kingdom,2016.0,2016,TV-PG,107 min,Documentaries,1,0
s5740,Movie,The African Doctor,France,2016.0,2016,TV-14,94 min,Comedies,1,0
s5741,Movie,They Are Everywhere,France,2016.0,2016,TV-MA,110 min,Comedies,1,0
s5742,TV Show,Trailer Park Boys: Out of the Park: Europe,Canada,2016.0,2016,TV-MA,1 Season,International TV Shows,0,1
s5743,Movie,West Coast,France,2016.0,2016,TV-MA,81 min,Comedies,1,0
s5744,Movie,7 años,Spain,2016.0,2016,TV-MA,77 min,Dramas,1,0
s5745,TV Show,Containment,United States,2016.0,2016,TV-MA,1 Season,TV Dramas,0,1
s5746,Movie,Joe Rogan: Triggered,United States,2016.0,2016,TV-MA,64 min,Stand-Up Comedy,1,0
s5747,Movie,A Mighty Team,France,2016.0,2016,TV-MA,97 min,Comedies,1,0
s5748,Movie,Berserk: The Golden Age Arc I - The Egg of the King,Japan,2016.0,2012,TV-MA,77 min,Action & Adventure,1,0
s5749,Movie,Bleach The Movie: Fade to Black,Japan,2016.0,2008,TV-PG,94 min,Action & Adventure,1,0
s5750,Movie,Bleach the Movie: Hell Verse,Japan,2016.0,2010,TV-14,94 min,Action & Adventure,1,0
s5751,Movie,Blind Date,France,2016.0,2015,TV-14,91 min,Comedies,1,0
s5752,TV Show,DEATH NOTE,Japan,2016.0,2006,TV-14,1 Season,Anime Series,0,1
s5753,TV Show,Spotless,United Kingdom,2016.0,2015,TV-MA,1 Season,Crime TV Shows,0,1
s5754,TV Show,Vampire Knight,Japan,2016.0,2008,TV-14,2 Seasons,Anime Series,0,1
s5755,Movie,Sky Ladder: The Art of Cai Guo-Qiang,United States,2016.0,2016,TV-MA,80 min,Documentaries,1,0
s5756,Movie,Mascots,United States,2016.0,2016,TV-MA,95 min,Comedies,1,0
s5757,Movie,Justin Timberlake + the Tennessee Kids,United States,2016.0,2016,TV-MA,90 min,Music & Musicals,1,0
s5758,Movie,13TH,United States,2016.0,2016,TV-MA,101 min,Documentaries,1,0
s5759,Movie,Russell Peters: Almost Famous,United States,2016.0,2016,TV-MA,73 min,Stand-Up Comedy,1,0
s5760,TV Show,StoryBots Super Songs,United States,2016.0,2016,TV-Y,1 Season,Kids' TV,0,1
s5761,Movie,The Siege of Jadotville,Ireland,2016.0,2016,TV-MA,108 min,Action & Adventure,1,0
s5762,Movie,LEGO Jurassic World: The Indominus Escape,United States,2016.0,2016,TV-Y7,25 min,Children & Family Movies,1,0
s5763,TV Show,Be with Me,Taiwan,2016.0,2015,TV-PG,1 Season,International TV Shows,0,1
s5764,TV Show,Be with You,Taiwan,2016.0,2015,TV-14,1 Season,International TV Shows,0,1
s5765,Movie,Bombshell,New Zealand,2016.0,2016,TV-MA,86 min,Dramas,1,0
s5766,Movie,Chatô: The King of Brazil,Brazil,2016.0,2015,TV-MA,105 min,Dramas,1,0
s5767,TV Show,Fall in Love with Me,Taiwan,2016.0,2014,TV-14,1 Season,International TV Shows,0,1
s5768,Movie,Harud,India,2016.0,2010,TV-MA,100 min,Dramas,1,0
s5769,TV Show,Love Cheque Charge,Taiwan,2016.0,2014,TV-14,1 Season,International TV Shows,0,1
s5770,TV Show,Masha's Spooky Stories,United States,2016.0,2012,TV-Y,1 Season,Kids' TV,0,1
s5771,Movie,Much Ado About Nothing,Chile,2016.0,2016,TV-MA,96 min,Dramas,1,0
s5772,TV Show,Murphy's Law of Love,Taiwan,2016.0,2015,TV-PG,1 Season,International TV Shows,0,1
s5773,Movie,My Big Night,Spain,2016.0,2015,TV-MA,97 min,Comedies,1,0
s5774,Movie,My Little Pony Equestria Girls: Legend of Everfree,United States,2016.0,2016,TV-Y7,73 min,Children & Family Movies,1,0
s5775,TV Show,Old Money,United States,2016.0,2015,TV-MA,1 Season,International TV Shows,0,1
s5777,Movie,Riphagen - The Untouchable,Netherlands,2016.0,2016,TV-14,132 min,Dramas,1,0
s5778,TV Show,Someone Like You,Taiwan,2016.0,2015,TV-14,1 Season,International TV Shows,0,1
s5779,Movie,Umrika,India,2016.0,2015,TV-MA,96 min,Dramas,1,0
s5780,Movie,Unchained: The Untold Story of Freestyle Motocross,United States,2016.0,2016,TV-MA,92 min,Documentaries,1,0
s5781,Movie,Welcome Mr. President,Italy,2016.0,2013,TV-MA,99 min,Comedies,1,0
s5782,TV Show,When I See You Again,Taiwan,2016.0,2015,TV-14,1 Season,International TV Shows,0,1
s5783,Movie,Amanda Knox,Denmark,2016.0,2016,TV-MA,92 min,Documentaries,1,0
s5784,Movie,Audrie & Daisy,United States,2016.0,2016,TV-MA,99 min,Documentaries,1,0
s5785,Movie,Iliza Shlesinger: Confirmed Kills,United States,2016.0,2016,TV-MA,78 min,Stand-Up Comedy,1,0
s5786,TV Show,VeggieTales in the House,United States,2016.0,2016,TV-Y,4 Seasons,Kids' TV,0,1
s5793,Movie,ARQ,Canada,2016.0,2016,TV-MA,89 min,International Movies,1,0
s5794,Movie,Cedric the Entertainer: Live from the Ville,United States,2016.0,2016,TV-MA,60 min,Stand-Up Comedy,1,0
s5795,Movie,Louis C.K.: Hilarious,United States,2016.0,2010,84 min,,Movies,1,0
s5796,Movie,The White Helmets,United Kingdom,2016.0,2016,TV-PG,41 min,Documentaries,1,0
s5797,Movie,Sample This,United States,2016.0,2012,TV-14,83 min,Documentaries,1,0
s5798,Movie,Extremis,United States,2016.0,2016,TV-PG,25 min,Documentaries,1,0
s5799,Movie,Jandino: Whatever it Takes,United Kingdom,2016.0,2016,TV-MA,94 min,Stand-Up Comedy,1,0
s5801,TV Show,Kulipari: An Army of Frogs,United States,2016.0,2016,TV-Y7,1 Season,Kids' TV,0,1
s5802,TV Show,Conspiracy,United Kingdom,2016.0,2015,TV-14,1 Season,British TV Shows,0,1
s5803,TV Show,Dead Set,United Kingdom,2016.0,2008,TV-MA,1 Season,British TV Shows,0,1
s5804,TV Show,Forensic Files,United States,2016.0,2011,TV-MA,9 Seasons,Crime TV Shows,0,1
s5805,Movie,Saudi Arabia Uncovered,United Kingdom,2016.0,2016,TV-14,52 min,Documentaries,1,0
s5806,TV Show,The Fierce Wife,Taiwan,2016.0,2010,TV-MA,1 Season,International TV Shows,0,1
s5807,TV Show,Witches: A Century of Murder,United Kingdom,2016.0,2015,TV-14,1 Season,British TV Shows,0,1
s5808,TV Show,Glitter Force,Japan,2016.0,2016,TV-Y7,2 Seasons,Anime Series,0,1
s5809,Movie,Jeff Foxworthy and Larry the Cable Guy: We’ve Been Thinking...,United States,2016.0,2016,TV-14,75 min,Stand-Up Comedy,1,0
s5810,Movie,XOXO,United States,2016.0,2016,TV-MA,92 min,Dramas,1,0
s5811,Movie,I'll Sleep When I'm Dead,United States,2016.0,2016,TV-MA,80 min,Documentaries,1,0
s5812,TV Show,Behind Enemy Lines,United States,2016.0,2001,TV-14,1 Season,British TV Shows,0,1
s5813,TV Show,Caught on Camera,United Kingdom,2016.0,2015,TV-MA,3 Seasons,British TV Shows,0,1
s5814,Movie,Louis C.K.: Live at the Comedy Store,United States,2016.0,2015,66 min,,Movies,1,0
s5815,Movie,Real Crime: Supermarket Heist (Tesco Bomber),United Kingdom,2016.0,2010,TV-14,46 min,Documentaries,1,0
s5816,Movie,Jim Gaffigan: Beyond the Pale,United States,2016.0,2005,TV-14,72 min,Stand-Up Comedy,1,0
s5817,Movie,Jim Gaffigan: King Baby,United States,2016.0,2009,TV-PG,71 min,Stand-Up Comedy,1,0
s5818,Movie,Jim Gaffigan: Mr. Universe,United States,2016.0,2012,TV-14,77 min,Stand-Up Comedy,1,0
s5819,Movie,Jim Gaffigan: Obsessed,United States,2016.0,2014,TV-14,70 min,Stand-Up Comedy,1,0
s5820,Movie,David Cross: Making America Great Again!,United States,2016.0,2016,TV-MA,73 min,Stand-Up Comedy,1,0
s5821,Movie,Lavell Crawford: Can a Brother Get Some Love?,United States,2016.0,2011,TV-MA,81 min,Stand-Up Comedy,1,0
s5822,Movie,Children of God,United Kingdom,2016.0,1994,TV-MA,63 min,Documentaries,1,0
s5823,TV Show,Cocaine,United Kingdom,2016.0,2005,TV-14,1 Season,British TV Shows,0,1
s5824,TV Show,Edge of the Universe,United Kingdom,2016.0,2008,TV-G,1 Season,British TV Shows,0,1
s5825,Movie,Interview with a Serial Killer,United States,2016.0,2008,TV-MA,45 min,Documentaries,1,0
s5826,TV Show,La Esclava Blanca,Colombia,2016.0,2016,TV-MA,1 Season,International TV Shows,0,1
s5827,Movie,Real Crime: Diamond Geezers,United Kingdom,2016.0,2008,TV-14,46 min,Documentaries,1,0
s5828,TV Show,LEGO Bionicle: The Journey to One,United States,2016.0,2016,TV-Y7,2 Seasons,Kids' TV,0,1
s5829,Movie,Tallulah,United States,2016.0,2016,TV-MA,112 min,Dramas,1,0
s5830,TV Show,Popples,United States,2016.0,2016,TV-Y,3 Seasons,Kids' TV,0,1
s5831,Movie,Rebirth,United States,2016.0,2016,TV-MA,101 min,Dramas,1,0
s5832,Movie,Tony Robbins: I Am Not Your Guru,United States,2016.0,2016,TV-MA,117 min,Documentaries,1,0
s5833,Movie,Gridlocked,Canada,2016.0,2015,R,114 min,Action & Adventure,1,0
s5834,Movie,Brahman Naman,India,2016.0,2016,TV-MA,96 min,Comedies,1,0
s5835,TV Show,Kuromukuro,Japan,2016.0,2016,TV-14,2 Seasons,Anime Series,0,1
s5836,Movie,Jim Jefferies: Freedumb,United States,2016.0,2016,TV-MA,87 min,Stand-Up Comedy,1,0
s5837,TV Show,Marco Polo,United States,2016.0,2016,TV-MA,2 Seasons,TV Action & Adventure,0,1
s5838,Movie,X: Past Is Present,India,2016.0,2015,TV-MA,105 min,Dramas,1,0
s5840,Movie,Sofía Niño de Rivera: Exposed,Mexico,2016.0,2016,TV-MA,80 min,Stand-Up Comedy,1,0
s5841,Movie,The Fundamentals of Caring,United States,2016.0,2016,TV-MA,97 min,Comedies,1,0
s5842,Movie,Ip Man 3,China,2016.0,2015,PG-13,105 min,Action & Adventure,1,0
s5843,Movie,Bo Burnham: Make Happy,United States,2016.0,2016,TV-MA,60 min,Music & Musicals,1,0
s5844,TV Show,Hibana: Spark,Japan,2016.0,2016,TV-MA,1 Season,International TV Shows,0,1
s5845,TV Show,72 Cutest Animals,Australia,2016.0,2016,TV-PG,1 Season,Docuseries,0,1
s5846,TV Show,72 Dangerous Places to Live,Australia,2016.0,2016,TV-PG,1 Season,Docuseries,0,1
s5847,Movie,The Do-Over,United States,2016.0,2016,TV-MA,109 min,Action & Adventure,1,0
s5848,Movie,Ali Wong: Baby Cobra,United States,2016.0,2016,TV-MA,60 min,Stand-Up Comedy,1,0
s5849,Movie,Special Correspondents,Canada,2016.0,2016,TV-MA,101 min,Comedies,1,0
s5850,Movie,Team Foxcatcher,United States,2016.0,2016,TV-MA,91 min,Documentaries,1,0
s5851,Movie,Patton Oswalt: Talking for Clapping,United States,2016.0,2016,TV-MA,66 min,Stand-Up Comedy,1,0
s5852,Movie,Belgica,Belgium,2016.0,2016,TV-MA,127 min,Dramas,1,0
s5853,Movie,Hush,United States,2016.0,2016,R,82 min,Horror Movies,1,0
s5854,TV Show,Cyborg 009 VS Devilman,Japan,2016.0,2015,TV-MA,1 Season,Anime Series,0,1
s5855,Movie,Frank and Cindy,United States,2016.0,2007,TV-MA,70 min,Documentaries,1,0
s5856,TV Show,Justin Time,Canada,2016.0,2012,TV-Y,2 Seasons,Kids' TV,0,1
s5857,TV Show,Terrace House: Boys & Girls in the City,Japan,2016.0,2016,TV-14,2 Seasons,International TV Shows,0,1
s5858,Movie,Kung Fu Panda: Secrets of the Scroll,United States,2016.0,2016,TV-PG,23 min,Children & Family Movies,1,0
s5859,Movie,He Never Died,Canada,2016.0,2015,R,97 min,Comedies,1,0
s5860,Movie,Jimmy Carr: Funny Business,United Kingdom,2016.0,2016,TV-MA,62 min,Stand-Up Comedy,1,0
s5861,Movie,My Beautiful Broken Brain,United Kingdom,2016.0,2016,TV-14,84 min,Documentaries,1,0
s5862,Movie,Pee-wee's Big Holiday,United States,2016.0,2016,TV-PG,90 min,Children & Family Movies,1,0
s5863,TV Show,Netflix Presents: The Characters,United States,2016.0,2016,TV-MA,1 Season,TV Comedies,0,1
s5864,TV Show,Your lie in April,Japan,2016.0,2014,TV-14,1 Season,Anime Series,0,1
s5865,Movie,"Crouching Tiger, Hidden Dragon: Sword of Destiny",China,2016.0,2016,PG-13,101 min,Action & Adventure,1,0
s5866,Movie,Marvel Super Hero Adventures: Frost Fight!,United States,2016.0,2015,PG,74 min,Children & Family Movies,1,0
s5867,TV Show,Cooked,United States,2016.0,2016,TV-14,1 Season,Docuseries,0,1
s5868,TV Show,Care Bears & Cousins,United States,2016.0,2016,TV-Y,2 Seasons,Kids' TV,0,1
s5869,Movie,Hannibal Buress: Comedy Camisado,United States,2016.0,2016,TV-MA,68 min,Stand-Up Comedy,1,0
s5870,TV Show,Turbo FAST,United States,2016.0,2016,TV-Y7,3 Seasons,Kids' TV,0,1
s5872,TV Show,Chelsea Does,United States,2016.0,2016,TV-MA,1 Season,Docuseries,0,1
s5873,Movie,Ricardo O'Farrill Abrazo Genial,Mexico,2016.0,2016,TV-MA,92 min,Stand-Up Comedy,1,0
s5874,Movie,Ip Man,Hong Kong,2016.0,2008,R,107 min,Action & Adventure,1,0
s5875,Movie,Ip Man 2,Hong Kong,2016.0,2010,R,108 min,Action & Adventure,1,0
s5876,Movie,Tom Segura: Mostly Stories,United States,2016.0,2016,TV-MA,74 min,Stand-Up Comedy,1,0
s5877,Movie,Marco Polo: One Hundred Eyes,United States,2015.0,2015,TV-MA,29 min,Movies,1,0
s5878,TV Show,Sammy & Co,France,2015.0,2014,TV-Y,1 Season,Kids' TV,0,1
s5879,Movie,Mike Epps: Don't Take It Personal,United States,2015.0,2015,TV-MA,60 min,Stand-Up Comedy,1,0
s5880,Movie,The Ridiculous 6,United States,2015.0,2015,TV-14,120 min,Action & Adventure,1,0
s5881,Movie,"Trailer Park Boys: Drunk, High and Unemployed: Live in Austin",Canada,2015.0,2015,TV-MA,74 min,Comedies,1,0
s5882,Movie,A Very Murray Christmas,United States,2015.0,2015,TV-14,57 min,Comedies,1,0
s5883,TV Show,Atelier,Japan,2015.0,2015,TV-PG,1 Season,International TV Shows,0,1
s5884,Movie,Naomi and Ely's No Kiss List,United States,2015.0,2015,TV-MA,91 min,Comedies,1,0
s5885,Movie,John Mulaney: The Comeback Kid,United States,2015.0,2015,TV-MA,62 min,Stand-Up Comedy,1,0
s5886,TV Show,W/ Bob & David,United States,2015.0,2015,TV-MA,1 Season,TV Comedies,0,1
s5887,Movie,Manson Family Vacation,United States,2015.0,2015,TV-MA,85 min,Comedies,1,0
s5888,Movie,Walt Disney Animation Studios Short Films Collection,United States,2015.0,2015,TV-Y,90 min,Children & Family Movies,1,0
s5889,TV Show,Hemlock Grove,United States,2015.0,2015,TV-MA,3 Seasons,TV Horror,0,1
s5890,Movie,Results,United States,2015.0,2015,R,105 min,Comedies,1,0
s5891,Movie,Anthony Jeselnik: Thoughts and Prayers,United States,2015.0,2015,TV-MA,59 min,Stand-Up Comedy,1,0
s5892,Movie,Beasts of No Nation,United States,2015.0,2015,TV-MA,137 min,Dramas,1,0
s5893,Movie,Circle,United States,2015.0,2015,TV-MA,86 min,Dramas,1,0
s5894,Movie,Winter on Fire: Ukraine's Fight for Freedom,United Kingdom,2015.0,2015,TV-MA,99 min,Documentaries,1,0
s5895,Movie,Anjelah Johnson: Not Fancy,United States,2015.0,2015,TV-14,64 min,Stand-Up Comedy,1,0
s5897,Movie,Keith Richards: Under the Influence,United States,2015.0,2015,TV-14,82 min,Documentaries,1,0
s5898,Movie,Cowspiracy: The Sustainability Secret,United States,2015.0,2014,TV-PG,90 min,Documentaries,1,0
s5899,Movie,6 Years,United States,2015.0,2015,TV-MA,80 min,Dramas,1,0
s5900,Movie,Demetri Martin: Live (At the Time),United States,2015.0,2015,TV-MA,62 min,Stand-Up Comedy,1,0
s5901,TV Show,Wet Hot American Summer,United States,2015.0,2015,TV-MA,1 Season,TV Comedies,0,1
s5902,Movie,Tig,United States,2015.0,2015,TV-14,92 min,Documentaries,1,0
s5903,TV Show,H2O: Mermaid Adventures,Germany,2015.0,2015,TV-Y7,2 Seasons,Kids' TV,0,1
s5904,Movie,Creep,United States,2015.0,2014,R,78 min,Horror Movies,1,0
s5905,Movie,Chris Tucker Live,United States,2015.0,2015,TV-MA,92 min,Stand-Up Comedy,1,0
s5906,Movie,Ralphie May: Imperfectly Yours,United States,2015.0,2015,TV-MA,69 min,Stand-Up Comedy,1,0
s5907,Movie,"What Happened, Miss Simone?",United States,2015.0,2015,TV-14,103 min,Documentaries,1,0
s5908,Movie,Advantageous,United States,2015.0,2015,TV-MA,92 min,Dramas,1,0
s5909,TV Show,Danger Mouse: Classic Collection,United Kingdom,2015.0,1992,TV-Y,10 Seasons,British TV Shows,0,1
s5910,Movie,The Perfect Dictatorship,Mexico,2015.0,2014,TV-MA,143 min,Comedies,1,0
s5911,Movie,Hot Girls Wanted,United States,2015.0,2015,TV-MA,83 min,Documentaries,1,0
s5912,Movie,Jen Kirkman: I'm Gonna Die Alone (And I Feel Fine),United States,2015.0,2015,TV-MA,78 min,Stand-Up Comedy,1,0
s5913,Movie,The Other One: The Long Strange Trip of Bob Weir,United States,2015.0,2015,TV-14,84 min,Documentaries,1,0
s5914,Movie,Chris D'Elia: Incorrigible,United States,2015.0,2015,TV-MA,84 min,Stand-Up Comedy,1,0
s5915,TV Show,Oscar's Oasis,France,2015.0,2011,TV-Y,1 Season,Kids' TV,0,1
s5916,Movie,Aziz Ansari Live at Madison Square Garden,United States,2015.0,2015,TV-MA,58 min,Stand-Up Comedy,1,0
s5917,Movie,My Own Man,United States,2015.0,2015,TV-MA,82 min,Documentaries,1,0
s5918,Movie,Ralphie May: Unruly,United States,2015.0,2015,TV-MA,83 min,Stand-Up Comedy,1,0
s5919,Movie,Virunga: Gorillas in Peril,United States,2015.0,2015,TV-14,29 min,Documentaries,1,0
s5921,Movie,BoJack Horseman Christmas Special: Sabrina's Christmas Wish,United States,2014.0,2014,TV-MA,26 min,Movies,1,0
s5922,Movie,Bill Burr: I'm Sorry You Feel That Way,United States,2014.0,2014,TV-MA,81 min,Stand-Up Comedy,1,0
s5923,TV Show,Lilyhammer,Norway,2014.0,2014,TV-MA,3 Seasons,Crime TV Shows,0,1
s5924,TV Show,Goosebumps,Canada,2014.0,1998,TV-G,5 Seasons,Kids' TV,0,1
s5925,Movie,Chelsea Peretti: One of the Greats,United States,2014.0,2014,TV-MA,75 min,Stand-Up Comedy,1,0
s5926,Movie,Virunga,United Kingdom,2014.0,2014,TV-MA,100 min,Documentaries,1,0
s5927,Movie,E-Team,United States,2014.0,2014,TV-MA,90 min,Documentaries,1,0
s5928,Movie,Wyatt Cenac: Brooklyn,United States,2014.0,2014,TV-MA,68 min,Stand-Up Comedy,1,0
s5929,Movie,Chelsea Handler: Uganda Be Kidding Me Live,United States,2014.0,2014,TV-MA,71 min,Stand-Up Comedy,1,0
s5930,Movie,Print the Legend,United States,2014.0,2014,TV-14,100 min,Documentaries,1,0
s5931,Movie,Mission Blue,United States,2014.0,2014,TV-PG,94 min,Documentaries,1,0
s5932,Movie,The Battered Bastards of Baseball,United States,2014.0,2014,TV-MA,80 min,Documentaries,1,0
s5933,Movie,From One Second to the Next,United States,2014.0,2013,TV-14,35 min,Documentaries,1,0
s5934,TV Show,The Borgias,United States,2014.0,2013,TV-MA,3 Seasons,TV Dramas,0,1
s5935,Movie,Mitt,United States,2014.0,2014,TV-PG,93 min,Documentaries,1,0
s5936,Movie,The Square,United Kingdom,2014.0,2013,TV-MA,105 min,Documentaries,1,0
s5937,Movie,Shrek the Musical,United States,2013.0,2013,TV-G,130 min,Children & Family Movies,1,0
s5938,Movie,The Short Game,United States,2013.0,2013,PG,100 min,Children & Family Movies,1,0
s5939,Movie,Aziz Ansari: Buried Alive,United States,2013.0,2013,TV-MA,80 min,Stand-Up Comedy,1,0
s5940,TV Show,The 4400,United States,2013.0,2007,TV-14,4 Seasons,TV Dramas,0,1
s5941,TV Show,Breaking Bad,United States,2013.0,2013,TV-MA,5 Seasons,Crime TV Shows,0,1
s5942,Movie,Being Elmo: A Puppeteer's Journey,United States,2012.0,2011,PG,76 min,Documentaries,1,0
s5943,Movie,A Stoning in Fulham County,United States,2011.0,1988,TV-14,95 min,Dramas,1,0
s5944,Movie,Adam: His Song Continues,United States,2011.0,1986,TV-MA,96 min,Dramas,1,0
s5945,Movie,Hard Lessons,United States,2011.0,1986,TV-14,94 min,Dramas,1,0
s5946,Movie,In Defense of a Married Man,United States,2011.0,1990,TV-14,94 min,Dramas,1,0
s5947,Movie,Quiet Victory: The Charlie Wedemeyer Story,United States,2011.0,1988,TV-PG,93 min,Dramas,1,0
s5948,Movie,Strange Voices,United States,2011.0,1987,TV-PG,96 min,Dramas,1,0
s5949,Movie,The Ryan White Story,United States,2011.0,1989,TV-PG,94 min,Dramas,1,0
s5950,Movie,Too Young the Hero,United States,2011.0,1988,TV-MA,94 min,Dramas,1,0
s5951,Movie,Triumph of the Heart,United States,2011.0,1991,TV-PG,93 min,Dramas,1,0
s5952,Movie,Unspeakable Acts,United States,2011.0,1990,TV-14,95 min,Dramas,1,0
s5953,Movie,Victim of Beauty,United States,2011.0,1991,TV-14,93 min,Dramas,1,0
s5954,Movie,Joseph: King of Dreams,United States,2011.0,2000,TV-PG,75 min,Children & Family Movies,1,0
s5955,Movie,Even the Rain,Spain,2011.0,2010,TV-MA,103 min,Dramas,1,0
s5956,Movie,Splatter,United States,2009.0,2009,TV-MA,29 min,Horror Movies,1,0
s5957,Movie,Just Another Love Story,Denmark,2009.0,2007,TV-MA,104 min,Dramas,1,0
s5958,Movie,To and From New York,United States,2008.0,2006,TV-MA,81 min,Dramas,1,0
s5959,Movie,9,United States,2017.0,2009,PG-13,80 min,Action & Adventure,1,0
s5960,Movie,21,United States,2020.0,2008,PG-13,123 min,Dramas,1,0
s5961,Movie,187,United States,2019.0,1997,R,119 min,Dramas,1,0
s5962,Movie,706,India,2019.0,2019,TV-14,118 min,Horror Movies,1,0
s5963,Movie,1920,India,2017.0,2008,TV-MA,143 min,Horror Movies,1,0
s5964,Movie,Oct-01,Nigeria,2019.0,2014,TV-14,149 min,Dramas,1,0
s5966,Movie,22-Jul,Norway,2018.0,2018,R,144 min,Dramas,1,0
s5967,Movie,15-Aug,India,2019.0,2019,TV-14,124 min,Comedies,1,0
s5968,Movie,'89,United Kingdom,2018.0,2017,TV-PG,87 min,Sports Movies,1,0
s5969,Movie,​Goli Soda 2,India,2018.0,2018,TV-14,128 min,Action & Adventure,1,0
s5970,Movie,​Maj Rati ​​Keteki,India,2018.0,2017,TV-14,117 min,Dramas,1,0
s5971,Movie,​Mayurakshi,India,2018.0,2017,TV-14,100 min,Dramas,1,0
s5972,Movie,(T)ERROR,United States,2016.0,2015,NR,84 min,Documentaries,1,0
s5973,Movie,#cats_the_mewvie,Canada,2020.0,2020,TV-14,90 min,Documentaries,1,0
s5974,Movie,#Roxy,Canada,2019.0,2018,TV-14,105 min,Comedies,1,0
s5976,Movie,Ég man þig,Iceland,2018.0,2017,TV-MA,106 min,Horror Movies,1,0
s5977,Movie,Çok Filim Hareketler Bunlar,Turkey,2017.0,2010,TV-MA,99 min,Comedies,1,0
s5978,Movie,Æon Flux,United States,2018.0,2005,PG-13,93 min,Action & Adventure,1,0
s5979,TV Show,Şubat,Turkey,2017.0,2013,TV-MA,1 Season,Crime TV Shows,0,1
s5980,Movie,1 Chance 2 Dance,United States,2017.0,2014,TV-PG,89 min,Dramas,1,0
s5981,Movie,1 Mile to You,United States,2017.0,2017,TV-14,105 min,Dramas,1,0
s5982,Movie,"10,000 B.C.",United States,2019.0,2008,PG-13,109 min,Action & Adventure,1,0
s5983,Movie,100 Days Of Solitude,Spain,2018.0,2018,TV-MA,93 min,Documentaries,1,0
s5984,Movie,100 Years: One Woman's Fight for Justice,United States,2018.0,2016,TV-14,75 min,Documentaries,1,0
s5985,TV Show,100% Hotter,United Kingdom,2019.0,2017,TV-14,1 Season,British TV Shows,0,1
s5986,Movie,12 ROUND GUN,United States,2019.0,2017,TV-MA,90 min,Dramas,1,0
s5987,TV Show,12 Years Promise,South Korea,2017.0,2014,TV-14,1 Season,International TV Shows,0,1
s5988,Movie,13 Cameras,United States,2016.0,2015,NR,90 min,Horror Movies,1,0
s5989,Movie,13 Sins,United States,2019.0,2014,R,93 min,Horror Movies,1,0
s5991,Movie,14 Blades,Hong Kong,2019.0,2010,R,113 min,Action & Adventure,1,0
s5992,Movie,14 Cameras,United States,2018.0,2018,TV-MA,89 min,Horror Movies,1,0
s5993,Movie,16 Blocks,United States,2019.0,2006,PG-13,102 min,Action & Adventure,1,0
s5994,Movie,17 Again,United States,2021.0,2009,PG-13,102 min,Comedies,1,0
s5995,Movie,1BR,United States,2020.0,2019,TV-MA,90 min,Horror Movies,1,0
s5996,Movie,1st Summoning,United States,2019.0,2018,TV-MA,94 min,Horror Movies,1,0
s5997,Movie,20 Feet From Stardom,United States,2018.0,2013,PG-13,91 min,Documentaries,1,0
s5998,Movie,2015 Dream Concert,South Korea,2017.0,2015,TV-PG,107 min,International Movies,1,0
s5999,Movie,2036 Origin Unknown,United Kingdom,2018.0,2018,TV-14,95 min,Sci-Fi & Fantasy,1,0
s6000,Movie,20th Century Women,United States,2019.0,2016,R,119 min,Dramas,1,0
s6001,Movie,21 & Over,United States,2019.0,2013,R,93 min,Comedies,1,0
s6002,TV Show,21 Sarfarosh: Saragarhi 1897,India,2018.0,2018,TV-14,1 Season,International TV Shows,0,1
s6003,Movie,2307: Winter's Dream,United States,2018.0,2016,TV-MA,101 min,Action & Adventure,1,0
s6004,Movie,24 Hours to Live,South Africa,2018.0,2017,R,93 min,Action & Adventure,1,0
s6005,Movie,"27, el club de los malditos",Argentina,2018.0,2018,TV-MA,82 min,Action & Adventure,1,0
s6006,Movie,27: Gone Too Soon,United Kingdom,2018.0,2017,TV-MA,70 min,Documentaries,1,0
s6007,Movie,28 Days,United States,2020.0,2000,PG-13,104 min,Comedies,1,0
s6009,Movie,3 Generations,United States,2017.0,2015,PG-13,92 min,Dramas,1,0
s6010,Movie,3 Heroines,Indonesia,2019.0,2016,TV-PG,124 min,Dramas,1,0
s6011,Movie,3 Seconds Divorce,Canada,2019.0,2018,TV-PG,53 min,Documentaries,1,0
s6012,Movie,30 Days of Luxury,Egypt,2019.0,2016,TV-14,91 min,Comedies,1,0
s6013,Movie,30 Minutes or Less,United States,2021.0,2011,R,83 min,Action & Adventure,1,0
s6014,Movie,300 Miles to Heaven,Denmark,2019.0,1989,TV-14,93 min,Dramas,1,0
s6015,Movie,42 Grams,United States,2018.0,2017,TV-MA,81 min,Documentaries,1,0
s6016,Movie,4th Man Out,United States,2016.0,2015,NR,86 min,Comedies,1,0
s6018,Movie,5 to 7,United States,2017.0,2014,R,97 min,Comedies,1,0
s6019,Movie,50 First Dates,United States,2020.0,2004,PG-13,99 min,Comedies,1,0
s6020,Movie,50/50,United States,2019.0,2011,R,100 min,Comedies,1,0
s6021,Movie,5CM,Indonesia,2018.0,2012,TV-14,126 min,Dramas,1,0
s6022,Movie,6 Days,New Zealand,2018.0,2017,R,94 min,Action & Adventure,1,0
s6023,Movie,6-5=2,India,2017.0,2014,TV-MA,103 min,Horror Movies,1,0
s6024,Movie,68 Kill,United States,2019.0,2017,R,96 min,Comedies,1,0
s6025,TV Show,7 (Seven),India,2019.0,2019,TV-14,1 Season,TV Shows,0,1
s6026,Movie,7 Din Mohabbat In,Pakistan,2019.0,2018,TV-PG,137 min,Comedies,1,0
s6027,TV Show,9 Months That Made You,United States,2017.0,2016,TV-PG,1 Season,British TV Shows,0,1
s6028,Movie,A Bad Moms Christmas,United States,2020.0,2017,R,104 min,Comedies,1,0
s6029,Movie,A Billion Colour Story,India,2018.0,2016,TV-14,104 min,Dramas,1,0
s6030,Movie,A Boy Called Po,United States,2018.0,2016,PG,94 min,Dramas,1,0
s6031,Movie,A Bridge Too Far,United States,2020.0,1977,PG,176 min,Action & Adventure,1,0
s6032,Movie,A Clockwork Orange,United Kingdom,2020.0,1971,R,137 min,Classic Movies,1,0
s6033,Movie,A Dangerous Woman,United States,2018.0,1993,R,101 min,Dramas,1,0
s6034,Movie,A Family Affair,Netherlands,2016.0,2015,TV-PG,111 min,Documentaries,1,0
s6035,Movie,A Family Man,Canada,2019.0,2016,R,110 min,Dramas,1,0
s6036,Movie,A Flying Jatt,India,2017.0,2016,TV-14,142 min,Action & Adventure,1,0
s6037,Movie,A Glimpse Inside the Mind of Charles Swan III,United States,2018.0,2012,R,86 min,Comedies,1,0
s6038,TV Show,A Good Wife,Taiwan,2017.0,2013,TV-14,1 Season,International TV Shows,0,1
s6039,Movie,A Gray State,United States,2017.0,2017,TV-MA,93 min,Documentaries,1,0
s6040,Movie,A Haunted House,United States,2020.0,2013,R,86 min,Comedies,1,0
s6041,Movie,A Haunting at Silver Falls: The Return,United States,2019.0,2019,TV-14,80 min,Horror Movies,1,0
s6042,Movie,A Holiday Engagement,United States,2019.0,2011,TV-G,92 min,Children & Family Movies,1,0
s6043,Movie,A Kind of Murder,United States,2017.0,2016,R,96 min,Thrillers,1,0
s6044,Movie,A Leaf of Faith,United States,2018.0,2018,TV-MA,87 min,Documentaries,1,0
s6045,TV Show,A Man Called God,South Korea,2019.0,2010,TV-14,1 Season,Crime TV Shows,0,1
s6047,Movie,A Most Violent Year,United Arab Emirates,2018.0,2014,R,125 min,Dramas,1,0
s6048,Movie,A Murder in the Park,United States,2017.0,2014,PG-13,91 min,Documentaries,1,0
s6049,Movie,A new Capitalism,Brazil,2018.0,2017,TV-14,76 min,Documentaries,1,0
s6050,Movie,A Night at the Roxbury,United States,2019.0,1998,PG-13,82 min,Comedies,1,0
s6051,Movie,A Noble Intention,Netherlands,2016.0,2015,TV-MA,111 min,Dramas,1,0
s6052,Movie,A Patch of Fog,United Kingdom,2017.0,2015,TV-MA,92 min,Dramas,1,0
s6053,Movie,A Perfect Man,United States,2019.0,2013,R,94 min,Dramas,1,0
s6054,Movie,A Princess for Christmas,United States,2020.0,2011,TV-PG,91 min,Children & Family Movies,1,0
s6055,Movie,A Russell Peters Christmas,Canada,2013.0,2011,NR,44 min,Stand-Up Comedy,1,0
s6056,Movie,A Scandall,India,2017.0,2016,TV-MA,108 min,International Movies,1,0
s6057,Movie,A Separation,Iran,2019.0,2011,PG-13,123 min,Dramas,1,0
s6058,Movie,A Serious Man,United States,2018.0,2009,R,106 min,Comedies,1,0
s6059,Movie,A Sort of Homecoming,United States,2017.0,2015,TV-PG,89 min,Dramas,1,0
s6060,Movie,A Tale of Love and Darkness,Israel,2019.0,2015,PG-13,98 min,Dramas,1,0
s6061,Movie,A Thin Line Between Love & Hate,United States,2020.0,1996,R,108 min,Comedies,1,0
s6062,Movie,A Thousand Words,United States,2020.0,2012,PG-13,92 min,Comedies,1,0
s6063,Movie,A Walk to Remember,United States,2020.0,2002,PG,102 min,Dramas,1,0
s6064,Movie,A Wednesday,India,2018.0,2008,TV-MA,103 min,Action & Adventure,1,0
s6065,Movie,A Week in Watts,United States,2018.0,2017,TV-14,91 min,Documentaries,1,0
s6066,Movie,A Wrinkle in Time,United States,2018.0,2018,PG,110 min,Children & Family Movies,1,0
s6067,TV Show,A Young Doctor's Notebook and Other Stories,United Kingdom,,2013,TV-MA,2 Seasons,British TV Shows,0,1
s6068,TV Show,A.D. Kingdom and Empire,United States,2017.0,2015,TV-14,1 Season,TV Dramas,0,1
s6069,Movie,A.M.I.,Canada,2020.0,2019,TV-MA,77 min,Horror Movies,1,0
s6070,Movie,A.X.L.,United States,2019.0,2018,PG,99 min,Action & Adventure,1,0
s6071,Movie,Aşk Tesadüfleri Sever,Turkey,2018.0,2011,TV-MA,122 min,Dramas,1,0
s6072,Movie,Aadu 2,India,2018.0,2017,TV-MA,150 min,Comedies,1,0
s6073,Movie,Aajcha Divas Majha,India,2018.0,2013,TV-PG,126 min,Comedies,1,0
s6074,Movie,Aarakshan,India,2019.0,2011,TV-14,164 min,Dramas,1,0
s6075,Movie,Aashayein,India,2017.0,2010,TV-14,115 min,Dramas,1,0
s6076,Movie,Aata Pita,India,2018.0,2010,TV-14,133 min,Comedies,1,0
s6077,Movie,Abby Sen,India,2017.0,2015,TV-PG,127 min,Comedies,1,0
s6078,Movie,Abdo Mota,Egypt,2019.0,2012,TV-MA,100 min,Action & Adventure,1,0
s6079,Movie,Abhinetri,India,2018.0,2016,TV-14,131 min,Comedies,1,0
s6080,TV Show,Abnormal Summit,South Korea,,2017,TV-PG,2 Seasons,International TV Shows,0,1
s6081,Movie,Abominable Christmas,United States,2016.0,2012,TV-Y7,44 min,Children & Family Movies,1,0
s6082,Movie,About a Boy,United Kingdom,2019.0,2002,PG-13,101 min,Comedies,1,0
s6083,Movie,Abzurdah,Argentina,2016.0,2015,TV-MA,90 min,Dramas,1,0
s6084,Movie,Acapulco La vida va,Mexico,2017.0,2016,TV-MA,89 min,Comedies,1,0
s6085,Movie,Across The Line,Canada,2019.0,2015,TV-MA,88 min,Dramas,1,0
s6086,Movie,Across the Universe,United States,2019.0,2007,PG-13,133 min,Dramas,1,0
s6087,Movie,Act of Valor,United States,2020.0,2012,R,110 min,Action & Adventure,1,0
s6088,Movie,Act of Vengeance,Turkey,2018.0,2010,NR,112 min,Action & Adventure,1,0
s6089,Movie,Acts of Violence,Canada,2020.0,2018,R,87 min,Action & Adventure,1,0
s6090,TV Show,Adam Ruins Everything,United States,2018.0,2018,TV-14,1 Season,TV Comedies,0,1
s6091,Movie,Addicted to Life,France,2020.0,2014,TV-14,91 min,Action & Adventure,1,0
s6092,Movie,Adore,Australia,2019.0,2013,R,111 min,Dramas,1,0
s6093,Movie,Adrishya,India,2019.0,2017,TV-14,99 min,Horror Movies,1,0
s6094,Movie,Adventures in Public School,Canada,2018.0,2018,NR,86 min,Comedies,1,0
s6095,TV Show,Africa,United Kingdom,2016.0,2013,TV-PG,1 Season,British TV Shows,0,1
s6096,Movie,After Porn Ends,United States,2019.0,2012,NR,93 min,Documentaries,1,0
s6097,Movie,After Porn Ends 3,United States,2018.0,2018,TV-MA,87 min,Documentaries,1,0
s6098,Movie,Afterschool,United States,2020.0,2008,TV-MA,107 min,Dramas,1,0
s6099,Movie,Aftershock,United States,2018.0,2012,R,89 min,Action & Adventure,1,0
s6100,Movie,Agatha and the Truth of Murder,United Kingdom,2019.0,2018,TV-MA,92 min,Dramas,1,0
s6101,TV Show,Age Gap Love,United Kingdom,2019.0,2017,TV-MA,1 Season,British TV Shows,0,1
s6103,TV Show,Agent Raghav,India,2017.0,2015,TV-14,1 Season,Crime TV Shows,0,1
s6104,Movie,Ahista Ahista,India,2019.0,2006,TV-14,122 min,Dramas,1,0
s6105,Movie,Ai Weiwei: Never Sorry,United States,2018.0,2012,R,91 min,Documentaries,1,0
s6106,TV Show,Ainsley Eats the Streets,United Kingdom,2019.0,2014,TV-PG,1 Season,British TV Shows,0,1
s6107,Movie,Aisa Yeh Jahaan,India,2017.0,2015,TV-14,127 min,Dramas,1,0
s6108,Movie,Aitraaz,India,2018.0,2004,TV-14,153 min,International Movies,1,0
s6109,Movie,Alarmoty in the Land of Fire,Egypt,2019.0,2017,TV-MA,94 min,Comedies,1,0
s6110,Movie,Albion: The Enchanted Stallion,United States,2017.0,2016,TV-PG,106 min,Children & Family Movies,1,0
s6111,Movie,Alejandro Sanz: What I Was Is What I Am,Spain,2018.0,2018,TV-MA,102 min,Documentaries,1,0
s6112,Movie,Alice Doesn't Live Here Anymore,United States,2019.0,1974,PG,112 min,Classic Movies,1,0
s6113,Movie,Alien Contact: Outer Space,United States,2018.0,2017,TV-PG,63 min,Documentaries,1,0
s6114,Movie,Aliens Ate My Homework,United States,2018.0,2018,PG,90 min,Children & Family Movies,1,0
s6115,Movie,Alive and Kicking,Sweden,2017.0,2016,TV-14,89 min,Documentaries,1,0
s6116,Movie,All About Nina,United States,2019.0,2018,R,101 min,Comedies,1,0
s6117,Movie,All Dogs Go to Heaven,Ireland,2020.0,1989,G,85 min,Children & Family Movies,1,0
s6118,Movie,All Good Ones Get Away,Spain,2019.0,2019,TV-MA,83 min,International Movies,1,0
s6119,Movie,All Hallows' Eve,United States,2017.0,2016,TV-G,92 min,Children & Family Movies,1,0
s6120,Movie,All Light Will End,United States,2019.0,2018,TV-MA,84 min,Horror Movies,1,0
s6121,Movie,All the Boys Love Mandy Lane,United States,2018.0,2006,R,91 min,Horror Movies,1,0
s6122,Movie,All the Devil's Men,United Kingdom,2019.0,2018,R,100 min,Action & Adventure,1,0
s6123,Movie,Alone in Berlin,United Kingdom,2019.0,2016,R,103 min,Dramas,1,0
s6124,Movie,Along Came a Spider,United States,2019.0,2001,R,103 min,Thrillers,1,0
s6125,Movie,Alpha and Omega 2: A Howl-iday Adventure,United States,2019.0,2013,TV-G,45 min,Children & Family Movies,1,0
s6126,Movie,Alpha and Omega: The Legend of the Saw Tooth Cave,United States,2020.0,2014,TV-Y7,45 min,Children & Family Movies,1,0
s6127,TV Show,Alphablocks,United Kingdom,2020.0,2014,TV-Y,5 Seasons,Kids' TV,0,1
s6128,Movie,AlphaGo,United States,2018.0,2017,TV-G,90 min,Documentaries,1,0
s6129,Movie,Always a Bridesmaid,United States,2020.0,2019,TV-14,98 min,Comedies,1,0
s6130,Movie,Amar Akbar & Tony,United Kingdom,2017.0,2015,TV-MA,92 min,Comedies,1,0
s6131,Movie,Amar Akbar Anthony,India,2019.0,1977,TV-14,172 min,Action & Adventure,1,0
s6132,Movie,Amar's Hands,Egypt,2019.0,2011,TV-14,125 min,Dramas,1,0
s6133,TV Show,America's Book of Secrets,United States,2019.0,2014,TV-14,1 Season,Docuseries,0,1
s6134,Movie,American Anarchist,United States,2017.0,2016,TV-MA,81 min,Documentaries,1,0
s6135,Movie,American Assassin,United States,2020.0,2017,R,112 min,Action & Adventure,1,0
s6136,Movie,American Beauty,United States,2020.0,1999,R,122 min,Dramas,1,0
s6137,Movie,American Circumcision,United States,2018.0,2017,TV-14,101 min,Documentaries,1,0
s6138,TV Show,American Crime,United States,2017.0,2017,TV-MA,3 Seasons,Crime TV Shows,0,1
s6139,Movie,American Experience: Ruby Ridge,United States,2017.0,2017,TV-MA,53 min,Documentaries,1,0
s6140,TV Show,American Experience: The Circus,United States,2019.0,2018,TV-PG,1 Season,Docuseries,0,1
s6141,Movie,American Experience: The Island Murder,United States,2019.0,2018,TV-14,53 min,Documentaries,1,0
s6142,Movie,American Hangman,Canada,2019.0,2019,TV-MA,99 min,Thrillers,1,0
s6143,Movie,American Heist,Canada,2019.0,2014,R,95 min,Action & Adventure,1,0
s6144,Movie,American History X,United States,2019.0,1998,R,119 min,Dramas,1,0
s6145,Movie,American Honey,United Kingdom,2019.0,2016,R,163 min,Dramas,1,0
s6146,Movie,American Masters: Ted Williams,United States,2019.0,2018,TV-MA,55 min,Documentaries,1,0
s6147,TV Show,American Odyssey,United States,2016.0,2015,TV-14,1 Season,TV Dramas,0,1
s6148,Movie,American Psycho,United States,2019.0,2000,R,102 min,Comedies,1,0
s6149,Movie,American Warfighter,United States,2019.0,2019,TV-MA,106 min,Dramas,1,0
s6150,Movie,Amy,United Kingdom,2018.0,2015,R,128 min,Documentaries,1,0
s6151,Movie,An American in Madras,India,2017.0,2013,TV-PG,80 min,Documentaries,1,0
s6152,Movie,An American Tail,United States,2018.0,1986,G,80 min,Children & Family Movies,1,0
s6153,Movie,An American Tail: Fievel Goes West,United States,2018.0,1991,G,75 min,Children & Family Movies,1,0
s6154,Movie,An American Tail: The Mystery of the Night Monster,United States,2018.0,1999,G,75 min,Children & Family Movies,1,0
s6155,Movie,An American Tail: The Treasures of Manhattan Island,United States,2018.0,2000,G,79 min,Children & Family Movies,1,0
s6156,Movie,An Hour and a Half,Egypt,2019.0,2012,TV-14,87 min,Dramas,1,0
s6157,TV Show,An Innocent Mistake,Taiwan,2017.0,2012,TV-14,1 Season,International TV Shows,0,1
s6158,Movie,An Interview with God,United States,2019.0,2018,TV-PG,97 min,Dramas,1,0
s6159,Movie,An Upper Egyptian,Egypt,2019.0,2014,TV-MA,85 min,Comedies,1,0
s6160,Movie,Anarkali of Aarah,India,2017.0,2017,TV-MA,111 min,Dramas,1,0
s6161,Movie,Anchor and Hope,Spain,2019.0,2017,TV-MA,113 min,Comedies,1,0
s6162,TV Show,Ancient Aliens,United States,2019.0,2018,TV-14,1 Season,Docuseries,0,1
s6163,Movie,Anesthesia,United States,2018.0,2015,R,90 min,Dramas,1,0
s6164,Movie,Angel Eyes,United States,2020.0,2001,R,103 min,Dramas,1,0
s6165,Movie,Anger Management,United States,2019.0,2003,PG-13,105 min,Comedies,1,0
s6166,Movie,Angry Indian Goddesses,India,2017.0,2015,TV-MA,104 min,Dramas,1,0
s6167,TV Show,Anjaan: Rural Myths,India,2018.0,2018,TV-14,1 Season,International TV Shows,0,1
s6168,TV Show,Anjaan: Special Crimes Unit,India,2018.0,2018,TV-14,1 Season,International TV Shows,0,1
s6169,Movie,Ankur Arora Murder Case,India,2017.0,2013,TV-14,127 min,Dramas,1,0
s6170,Movie,Annabelle Hooper and the Ghosts of Nantucket,United States,2017.0,2016,TV-PG,92 min,Children & Family Movies,1,0
s6171,Movie,Another Forever,Brazil,2017.0,2016,TV-PG,72 min,Dramas,1,0
s6172,Movie,Ant-Man and the Wasp,United States,2019.0,2018,PG-13,118 min,Action & Adventure,1,0
s6173,Movie,Antar: Son of Shadad,Egypt,2019.0,2017,TV-MA,110 min,Comedies,1,0
s6175,TV Show,Anthony Bourdain: Parts Unknown,United States,,2018,TV-PG,5 Seasons,Docuseries,0,1
s6176,Movie,Antidote,United States,2019.0,2018,TV-MA,90 min,Action & Adventure,1,0
s6177,Movie,Anwar,India,2019.0,2007,TV-14,134 min,Dramas,1,0
s6178,TV Show,忍者ハットリくん,Japan,,2012,TV-Y7,2 Seasons,Anime Series,0,1
s6179,Movie,Apache Warrior,United States,2019.0,2017,TV-MA,89 min,Documentaries,1,0
s6180,Movie,APEX: The Story of the Hypercar,United States,2016.0,2016,NR,86 min,Documentaries,1,0
s6181,Movie,Apollo 18,United States,2019.0,2011,PG-13,87 min,Horror Movies,1,0
s6182,Movie,April and the Extraordinary World,France,2017.0,2015,PG,107 min,Action & Adventure,1,0
s6183,Movie,"Aram, Aram",United States,2017.0,2015,TV-14,79 min,Dramas,1,0
s6184,Movie,Are We Done Yet?,Egypt,2019.0,2018,TV-14,87 min,Comedies,1,0
s6185,Movie,Arisan 2,Indonesia,2018.0,2011,TV-14,113 min,Comedies,1,0
s6186,Movie,Arthur,United States,2019.0,2011,PG-13,110 min,Comedies,1,0
s6187,Movie,Arthur Christmas,United Kingdom,2020.0,2011,PG,98 min,Children & Family Movies,1,0
s6188,Movie,"As Above, So Below",United States,2018.0,2014,R,93 min,Horror Movies,1,0
s6189,Movie,As Good as It Gets,United States,2020.0,1997,PG-13,139 min,Comedies,1,0
s6190,Movie,Assimilate,United States,2019.0,2019,TV-MA,94 min,Horror Movies,1,0
s6191,Movie,Asura: The City of Madness,South Korea,2018.0,2016,NR,133 min,Action & Adventure,1,0
s6192,Movie,At All Costs,United States,2016.0,2016,TV-MA,81 min,Documentaries,1,0
s6193,Movie,At First Light,Canada,2018.0,2018,TV-14,91 min,Dramas,1,0
s6194,Movie,ATM,United States,2018.0,2012,TV-14,122 min,Comedies,1,0
s6195,TV Show,Atomic Puppet,Canada,2017.0,2016,TV-Y7,1 Season,Crime TV Shows,0,1
s6196,Movie,Attacking the Devil: Harold Evans and the Last Nazi War Crime,United Kingdom,2016.0,2014,TV-14,102 min,Documentaries,1,0
s6197,Movie,Attitude Test,Chile,2018.0,2016,TV-14,88 min,Comedies,1,0
s6198,Movie,Auschwitz: Blueprints of Genocide,United Kingdom,2019.0,1994,TV-PG,49 min,Documentaries,1,0
s6199,TV Show,Aussie Gold Hunters,Australia,2017.0,2016,TV-MA,1 Season,Docuseries,0,1
s6200,Movie,Automata,Bulgaria,2017.0,2014,R,110 min,International Movies,1,0
s6201,Movie,Avengers: Infinity War,United States,2018.0,2018,PG-13,150 min,Action & Adventure,1,0
s6202,Movie,Avicii: True Stories,Sweden,2018.0,2017,TV-MA,97 min,Documentaries,1,0
s6203,Movie,Azhar,India,2019.0,2016,TV-14,129 min,Dramas,1,0
s6204,Movie,B.A. Pass,India,2018.0,2013,TV-14,99 min,Dramas,1,0
s6205,Movie,Babam ve Oğlum,Turkey,2018.0,2005,TV-14,112 min,Dramas,1,0
s6206,Movie,Babel,France,2019.0,2006,R,143 min,Dramas,1,0
s6207,Movie,Bachelor Girls,India,2018.0,2016,TV-MA,61 min,Documentaries,1,0
s6208,Movie,Back and Forth,Brazil,2017.0,2016,NR,95 min,Comedies,1,0
s6209,Movie,Backcountry,Canada,2017.0,2014,NR,92 min,Horror Movies,1,0
s6210,Movie,Backfire,United States,2019.0,2019,TV-MA,97 min,Dramas,1,0
s6211,Movie,Backtrack,Australia,2018.0,2015,R,90 min,Dramas,1,0
s6212,Movie,Bad Boys,United States,2019.0,1995,R,119 min,Action & Adventure,1,0
s6213,Movie,Bad Boys II,United States,2019.0,2003,R,147 min,Action & Adventure,1,0
s6214,TV Show,Bad Education,United Kingdom,,2014,TV-MA,3 Seasons,British TV Shows,0,1
s6215,Movie,Bad Match,Singapore,2018.0,2017,TV-MA,83 min,Thrillers,1,0
s6216,Movie,Bad Rap,United States,2017.0,2016,TV-MA,83 min,Documentaries,1,0
s6217,TV Show,Badalte Rishton Ki Dastaan,India,2017.0,2013,TV-14,1 Season,International TV Shows,0,1
s6218,Movie,Badha,India,2018.0,2006,TV-14,91 min,Dramas,1,0
s6219,Movie,Badland,United States,2020.0,2019,TV-14,117 min,Dramas,1,0
s6220,TV Show,Bala Loca,Chile,2017.0,2016,TV-MA,1 Season,International TV Shows,0,1
s6221,Movie,Balto,United States,2018.0,1995,G,78 min,Children & Family Movies,1,0
s6222,Movie,Balto 2: Wolf Quest,United States,2018.0,2001,G,75 min,Children & Family Movies,1,0
s6223,Movie,Balto 3: Wings of Change,United States,2018.0,2004,G,78 min,Children & Family Movies,1,0
s6224,Movie,Balu Mahi,Pakistan,2018.0,2017,TV-MA,149 min,International Movies,1,0
s6225,Movie,Bana Masal Anlatma,Turkey,2017.0,2015,TV-14,103 min,Comedies,1,0
s6226,Movie,Band Aid,United States,2019.0,2017,R,94 min,Comedies,1,0
s6227,Movie,Band of Robbers,United States,2016.0,2015,NR,95 min,Action & Adventure,1,0
s6228,Movie,Bang Rajan 2,Thailand,2018.0,2010,TV-MA,122 min,Action & Adventure,1,0
s6230,Movie,Bangkok Hell,Thailand,2018.0,2002,TV-MA,107 min,Dramas,1,0
s6231,Movie,Bangkok Traffic (Love) Story,Thailand,2018.0,2009,TV-14,126 min,Comedies,1,0
s6232,Movie,Barça Dreams,Spain,2018.0,2015,TV-MA,122 min,Documentaries,1,0
s6233,Movie,Barah Aana,India,2019.0,2009,TV-14,95 min,Dramas,1,0
s6234,Movie,Barbecue,Australia,2017.0,2017,TV-MA,101 min,Documentaries,1,0
s6235,Movie,Barbie & Her Sisters in a Pony Tale,United States,2017.0,2013,TV-Y,74 min,Children & Family Movies,1,0
s6236,Movie,Barbie in A Mermaid Tale,United States,2017.0,2010,TV-Y,74 min,Children & Family Movies,1,0
s6237,Movie,Barbie in Princess Power,United States,2017.0,2015,TV-Y,74 min,Children & Family Movies,1,0
s6238,Movie,Barbie in Rock 'N Royals,United States,2017.0,2015,TV-Y,83 min,Children & Family Movies,1,0
s6239,Movie,Barbie Star Light Adventure,United States,2017.0,2016,TV-Y,79 min,Children & Family Movies,1,0
s6240,Movie,Barbie: A Fairy Secret,United States,2017.0,2010,TV-Y7,72 min,Children & Family Movies,1,0
s6241,Movie,Barbie: Princess Charm School,United States,2017.0,2011,TV-Y,80 min,Children & Family Movies,1,0
s6242,Movie,Barbie: Spy Squad,United States,2017.0,2016,TV-Y,75 min,Children & Family Movies,1,0
s6243,Movie,Barbie: The Princess & the Popstar,United States,2017.0,2012,TV-Y,75 min,Children & Family Movies,1,0
s6244,Movie,Barbie: Video Game Hero,United States,2017.0,2017,TV-Y,72 min,Children & Family Movies,1,0
s6245,Movie,Barely Lethal,United States,2018.0,2015,PG-13,99 min,Action & Adventure,1,0
s6246,Movie,Barrio Universitario,Chile,2018.0,2013,TV-14,91 min,Comedies,1,0
s6247,Movie,Barsaat,India,2018.0,1995,TV-PG,166 min,Action & Adventure,1,0
s6248,Movie,BASEketball,United States,2018.0,1998,R,103 min,Comedies,1,0
s6249,Movie,Basic Instinct,United States,2020.0,1992,R,128 min,Classic Movies,1,0
s6250,TV Show,Bat Pat,Italy,2017.0,2016,TV-Y,1 Season,Kids' TV,0,1
s6251,TV Show,Bates Motel,United States,2018.0,2017,TV-MA,5 Seasons,Crime TV Shows,0,1
s6252,Movie,Bathtubs Over Broadway,United States,2019.0,2018,PG-13,87 min,Documentaries,1,0
s6253,TV Show,Battle Creek,United States,2015.0,2015,TV-14,1 Season,Crime TV Shows,0,1
s6254,TV Show,Battlefield Recovery,United Kingdom,2016.0,2016,TV-PG,1 Season,British TV Shows,0,1
s6255,Movie,Bawarchi,India,2019.0,1972,TV-PG,125 min,Classic Movies,1,0
s6256,Movie,Bazaar,India,2019.0,1982,TV-14,121 min,Dramas,1,0
s6257,Movie,Be Here Now,United States,2017.0,2015,TV-MA,110 min,Documentaries,1,0
s6258,Movie,Be Somebody,United States,2019.0,2016,PG,88 min,Comedies,1,0
s6259,TV Show,Be-Be-Bears,Russia,2018.0,2018,TV-Y,1 Season,Kids' TV,0,1
s6260,Movie,Beak & Brain: Genius Birds From Down Under,Germany,2017.0,2013,TV-G,52 min,Documentaries,1,0
s6261,Movie,Bean: The Ultimate Disaster Movie,United Kingdom,2018.0,1997,PG-13,89 min,Comedies,1,0
s6262,Movie,Beary Tales,United States,2017.0,2013,TV-G,52 min,Children & Family Movies,1,0
s6263,TV Show,Beast Legends,Canada,2019.0,2010,TV-PG,1 Season,Docuseries,0,1
s6264,TV Show,Beating Again,South Korea,2017.0,2015,TV-14,1 Season,International TV Shows,0,1
s6265,TV Show,Beauty & the Beast,Canada,2016.0,2016,TV-14,4 Seasons,Crime TV Shows,0,1
s6267,Movie,Beavis and Butt-head Do America,United States,2019.0,1996,PG-13,81 min,Comedies,1,0
s6268,Movie,Bebe's Kids,United States,2019.0,1992,PG-13,73 min,Comedies,1,0
s6269,Movie,Because of Soccer,Indonesia,2018.0,2008,TV-14,75 min,Comedies,1,0
s6270,Movie,Because We're Heading Out,Egypt,2019.0,2016,TV-14,99 min,Comedies,1,0
s6271,Movie,Becoming Jane,United Kingdom,2019.0,2007,PG-13,121 min,Dramas,1,0
s6272,Movie,Bedtime Stories,United States,2019.0,2008,PG,100 min,Children & Family Movies,1,0
s6273,Movie,Before the Flood,United States,2018.0,2016,PG,97 min,Documentaries,1,0
s6274,Movie,"Behind ""The Cove"": The Quiet Japanese Speak Out",Japan,2017.0,2015,TV-14,105 min,Documentaries,1,0
s6275,Movie,Behind the Curtain: Todrick Hall,United States,2018.0,2017,TV-MA,100 min,Documentaries,1,0
s6277,TV Show,Behzat Ç.,Turkey,2017.0,2010,TV-MA,1 Season,Crime TV Shows,0,1
s6278,Movie,Beiimaan Love,India,2017.0,2016,TV-MA,115 min,Dramas,1,0
s6279,Movie,Being AP,United Kingdom,2016.0,2015,TV-14,99 min,Documentaries,1,0
s6280,TV Show,Being Mary Jane: The Series,United States,,2016,TV-14,4 Seasons,Romantic TV Shows,0,1
s6281,Movie,Below Her Mouth,Canada,2017.0,2016,TV-MA,91 min,Dramas,1,0
s6282,TV Show,Ben 10,United States,2018.0,2016,TV-Y7,1 Season,Kids' TV,0,1
s6283,Movie,Beneath the Leaves,United States,2019.0,2019,TV-MA,90 min,Independent Movies,1,0
s6284,Movie,Benji: Off the Leash,United States,2018.0,2004,PG,100 min,Children & Family Movies,1,0
s6285,Movie,Benji's Very Own Christmas Story,United States,2018.0,1978,TV-G,25 min,Children & Family Movies,1,0
s6286,Movie,Berlin Kaplani,Turkey,2017.0,2012,TV-14,99 min,Comedies,1,0
s6287,Movie,"Berlin, I Love You",Germany,2019.0,2019,R,120 min,Dramas,1,0
s6289,Movie,Betting on Zero,United States,2017.0,2017,TV-PG,104 min,Documentaries,1,0
s6290,Movie,Bewafaa,India,2019.0,2005,TV-PG,149 min,Dramas,1,0
s6291,Movie,Bewildered Bolbol,Egypt,2019.0,2010,TV-14,112 min,Comedies,1,0
s6292,TV Show,Beyblade: Metal Fusion,Japan,2017.0,2009,TV-Y7,1 Season,Anime Series,0,1
s6293,Movie,Beyond All Boundaries,United States,2017.0,2013,TV-14,98 min,Documentaries,1,0
s6294,Movie,Beyond the Clouds,India,2018.0,2018,TV-14,120 min,Dramas,1,0
s6295,TV Show,Bh Se Bhade,India,2018.0,2013,TV-PG,1 Season,International TV Shows,0,1
s6296,TV Show,Bhaage Re Mann,India,2017.0,2015,TV-14,1 Season,International TV Shows,0,1
s6297,Movie,Bhagam Bhag,India,2019.0,2006,TV-14,151 min,Comedies,1,0
s6299,Movie,Bhool Bhulaiyaa,India,2017.0,2007,TV-14,148 min,Dramas,1,0
s6300,Movie,Bhoot,India,2019.0,2003,TV-MA,114 min,Horror Movies,1,0
s6301,Movie,Bhouri,India,2017.0,2017,TV-14,123 min,Dramas,1,0
s6302,TV Show,Big Bad Beetleborgs,United States,2016.0,1997,TV-G,2 Seasons,Kids' TV,0,1
s6303,Movie,Big Bear,United States,2018.0,2017,TV-MA,87 min,Comedies,1,0
s6304,Movie,Big Daddy,United States,2020.0,1999,PG-13,93 min,Comedies,1,0
s6305,TV Show,"Big Dreams, Small Spaces",United Kingdom,,2017,TV-G,3 Seasons,British TV Shows,0,1
s6306,Movie,Big Fat Liar,United States,2020.0,2002,PG,88 min,Children & Family Movies,1,0
s6307,Movie,Big Kill,United States,2019.0,2018,R,126 min,Action & Adventure,1,0
s6308,Movie,Big Time,Denmark,2018.0,2017,TV-MA,90 min,Documentaries,1,0
s6309,Movie,Bigger Fatter Liar,United States,2017.0,2017,PG,95 min,Children & Family Movies,1,0
s6310,Movie,Biggie & Tupac,United Kingdom,2019.0,2002,R,108 min,Documentaries,1,0
s6311,Movie,Bill Burr: Let It Go,United States,2017.0,2010,NR,65 min,Stand-Up Comedy,1,0
s6312,Movie,Billy Elliot,United Kingdom,2019.0,2000,R,110 min,Dramas,1,0
s6313,Movie,Billy Graham: An Extraordinary Journey,United States,2019.0,2018,TV-PG,66 min,Documentaries,1,0
s6314,Movie,Bilu Rakkhosh,India,2018.0,2017,TV-MA,127 min,Dramas,1,0
s6315,Movie,Bioscope,India,2018.0,2015,TV-14,131 min,Dramas,1,0
s6316,Movie,Birthmarked,Canada,2018.0,2018,TV-MA,88 min,Comedies,1,0
s6317,Movie,Bitch,United States,2018.0,2017,R,97 min,Comedies,1,0
s6318,Movie,Bitcoin Heist,Vietnam,2017.0,2016,TV-14,116 min,Action & Adventure,1,0
s6319,TV Show,Bitten,Canada,,2016,TV-MA,3 Seasons,International TV Shows,0,1
s6320,TV Show,Bitter Daisies,Spain,2019.0,2018,TV-MA,1 Season,Crime TV Shows,0,1
s6321,Movie,Bittoo Boss,India,2020.0,2012,TV-14,117 min,Comedies,1,0
s6322,Movie,Black & Privileged: Volume 1,United States,2019.0,2019,TV-MA,79 min,Dramas,1,0
s6323,Movie,Black Hawk Down,United States,2019.0,2001,R,144 min,Action & Adventure,1,0
s6324,TV Show,Black Heart,Turkey,2018.0,2014,TV-14,1 Season,Crime TV Shows,0,1
s6325,Movie,Black Man White Skin,Spain,2016.0,2015,TV-PG,79 min,Documentaries,1,0
s6326,Movie,Black Panther,United States,2018.0,2018,PG-13,135 min,Action & Adventure,1,0
s6327,Movie,Black Site Delta,United States,2017.0,2017,TV-MA,88 min,Action & Adventure,1,0
s6328,Movie,Black Snake Moan,United States,2019.0,2007,R,116 min,Dramas,1,0
s6329,Movie,Black Snow,Argentina,2017.0,2017,TV-MA,91 min,Dramas,1,0
s6330,Movie,Blackfish,United States,2020.0,2013,PG-13,83 min,Documentaries,1,0
s6331,Movie,Blackway,United States,2017.0,2015,PG-13,90 min,Thrillers,1,0
s6332,Movie,Blaze,United States,2020.0,2018,R,129 min,Dramas,1,0
s6333,Movie,Bleed for This,United States,2020.0,2016,R,120 min,Dramas,1,0
s6334,Movie,Blinky Bill: The Movie,Australia,2017.0,2015,PG,91 min,Children & Family Movies,1,0
s6335,Movie,Blockbuster,France,2018.0,2017,TV-MA,85 min,Comedies,1,0
s6336,TV Show,Blood & Treasures,Thailand,2018.0,2016,TV-14,1 Season,International TV Shows,0,1
s6337,Movie,Blood Father,France,2020.0,2016,R,88 min,Action & Adventure,1,0
s6338,Movie,Blow,United States,2019.0,2001,R,123 min,Dramas,1,0
s6339,Movie,Blue Is the Warmest Color,France,2016.0,2013,NC-17,180 min,Dramas,1,0
s6340,Movie,Blue Jasmine,United States,2019.0,2013,PG-13,98 min,Comedies,1,0
s6341,Movie,Blue Mountain State: The Rise of Thadland,United States,2016.0,2016,R,90 min,Comedies,1,0
s6342,TV Show,Blue Planet II,United Kingdom,2018.0,2017,TV-G,1 Season,British TV Shows,0,1
s6343,Movie,Blue Ruin,United States,2019.0,2013,R,90 min,Independent Movies,1,0
s6344,Movie,Blue Streak,Germany,2021.0,1999,PG-13,94 min,Action & Adventure,1,0
s6345,Movie,Blue Valentine,United States,2018.0,2010,R,112 min,Dramas,1,0
s6346,Movie,Blurred Lines: Inside the Art World,Canada,2017.0,2017,TV-MA,85 min,Documentaries,1,0
s6347,Movie,Bob Lazar: Area 51 & Flying Saucers,United States,2019.0,2018,TV-MA,97 min,Documentaries,1,0
s6349,Movie,Bob's Broken Sleigh,Canada,2015.0,2015,TV-G,47 min,Children & Family Movies,1,0
s6350,Movie,Bobbi Jene,Denmark,2018.0,2017,TV-MA,99 min,Documentaries,1,0
s6351,Movie,Bobby,India,2019.0,1973,TV-14,168 min,Classic Movies,1,0
s6352,Movie,Bobby Robson: More Than a Manager,United Kingdom,2018.0,2018,TV-14,99 min,Documentaries,1,0
s6353,Movie,Bobby Sands: 66 Days,Ireland,2017.0,2016,TV-14,106 min,Documentaries,1,0
s6354,Movie,Bokeh,United States,2017.0,2017,TV-14,92 min,Dramas,1,0
s6355,Movie,Bolt,United States,2018.0,2008,PG,99 min,Children & Family Movies,1,0
s6356,Movie,Bombshell: The Hedy Lamarr Story,United States,2018.0,2017,TV-14,89 min,Documentaries,1,0
s6357,Movie,Bon Bini Holland,Netherlands,2016.0,2015,TV-MA,88 min,Comedies,1,0
s6358,TV Show,Bondi Rescue,Australia,,2016,TV-PG,1 Season,Reality TV,0,1
s6359,Movie,Bonnie and Clyde,United States,2021.0,1967,R,111 min,Action & Adventure,1,0
s6360,Movie,Boom,India,2018.0,2003,TV-MA,79 min,Action & Adventure,1,0
s6362,TV Show,Borderline,United Kingdom,,2017,TV-14,2 Seasons,British TV Shows,0,1
s6363,Movie,Born Strong,United States,2017.0,2017,TV-MA,86 min,Documentaries,1,0
s6364,Movie,Born to Be Free,United Kingdom,2017.0,2016,TV-14,74 min,Documentaries,1,0
s6365,TV Show,Botched Up Bodies,United Kingdom,2019.0,2013,TV-MA,1 Season,British TV Shows,0,1
s6366,Movie,Bottom of the World,Canada,2020.0,2017,TV-MA,84 min,Dramas,1,0
s6367,Movie,Boy and the World,Brazil,2017.0,2013,PG,80 min,Children & Family Movies,1,0
s6368,Movie,Boy Bye,United States,2019.0,2016,TV-MA,86 min,Comedies,1,0
s6369,TV Show,Brain Games,United States,,2016,TV-G,3 Seasons,Docuseries,0,1
s6370,Movie,Brampton's Own,United States,2019.0,2018,TV-MA,90 min,Dramas,1,0
s6371,Movie,Bratz: The Movie,United States,2020.0,2007,PG,102 min,Children & Family Movies,1,0
s6372,TV Show,Brave Miss World,United States,2018.0,2013,TV-14,1 Season,Crime TV Shows,0,1
s6373,Movie,Brave New Jersey,United States,2017.0,2016,TV-MA,92 min,Comedies,1,0
s6374,TV Show,Braxton Family Values,United States,2020.0,2014,TV-PG,2 Seasons,Reality TV,0,1
s6375,Movie,Breaking Free,India,2017.0,2015,TV-MA,81 min,Documentaries,1,0
s6376,Movie,Breath,Australia,2018.0,2018,TV-MA,116 min,Dramas,1,0
s6377,Movie,Brick,United States,2018.0,2005,R,110 min,Independent Movies,1,0
s6378,Movie,Bring It On: Worldwide Showdown,United States,2017.0,2017,PG-13,95 min,Comedies,1,0
s6380,Movie,Brooklyn's Finest,United States,2018.0,2009,R,133 min,Dramas,1,0
s6381,Movie,Brotherhood of Blades II: The Infernal Battlefield,China,2018.0,2017,TV-MA,120 min,Action & Adventure,1,0
s6382,TV Show,Brown Nation,United States,2016.0,2016,TV-14,1 Season,TV Comedies,0,1
s6383,Movie,Bruno and Boots: Go Jump in the Pool,Canada,2017.0,2016,TV-PG,91 min,Children & Family Movies,1,0
s6384,Movie,Bruno and Boots: The Wizzle War,Canada,2017.0,2017,TV-PG,90 min,Children & Family Movies,1,0
s6385,Movie,Bruno and Boots: This Can't Be Happening at Macdonald Hall,Canada,2017.0,2017,TV-PG,90 min,Children & Family Movies,1,0
s6387,Movie,Buffalo Boys,Indonesia,2019.0,2018,TV-MA,103 min,Action & Adventure,1,0
s6388,Movie,Bugs,Netherlands,2018.0,2016,TV-G,73 min,Documentaries,1,0
s6389,Movie,Bullitt County,United States,2019.0,2018,TV-MA,98 min,Independent Movies,1,0
s6391,Movie,Burlesque,United States,2019.0,2010,PG-13,119 min,Dramas,1,0
s6392,Movie,Burlesque: Heart of the Glitter Tribe,United States,2017.0,2017,TV-MA,76 min,Documentaries,1,0
s6393,Movie,Burning,South Korea,2019.0,2018,TV-MA,148 min,Dramas,1,0
s6394,TV Show,Burnistoun,United Kingdom,,2012,TV-MA,2 Seasons,British TV Shows,0,1
s6395,Movie,Bushwick,United States,2017.0,2017,TV-MA,94 min,Action & Adventure,1,0
s6396,Movie,Butterfield 8,United States,2019.0,1960,TV-14,108 min,Classic Movies,1,0
s6397,Movie,Cézanne et moi,Belgium,2017.0,2016,R,114 min,Dramas,1,0
s6398,Movie,Cabin Fever,United States,2019.0,2016,R,98 min,Horror Movies,1,0
s6399,TV Show,Cabins in the Wild with Dick Strawbridge,United Kingdom,2018.0,2017,TV-PG,1 Season,British TV Shows,0,1
s6400,Movie,Cahaya Dari Timur Beta Maluku,Indonesia,2018.0,2014,TV-14,151 min,Dramas,1,0
s6401,Movie,Caida del Cielo,Argentina,2017.0,2016,TV-MA,78 min,Comedies,1,0
s6402,TV Show,Cain and Abel,South Korea,2019.0,2009,TV-MA,1 Season,International TV Shows,0,1
s6403,Movie,Cake,United Kingdom,2019.0,2018,TV-MA,125 min,Comedies,1,0
s6404,Movie,Calendar Girls,India,2017.0,2015,TV-14,126 min,Dramas,1,0
s6408,TV Show,Call Me Francis,Italy,2016.0,2016,TV-14,1 Season,International TV Shows,0,1
s6409,TV Show,Camelia la Texana,Mexico,2017.0,2014,TV-14,1 Season,Crime TV Shows,0,1
s6410,Movie,Camera Store,United States,2017.0,2016,TV-MA,104 min,Comedies,1,0
s6411,Movie,Camp Cool Kids,United States,2018.0,2017,TV-G,104 min,Children & Family Movies,1,0
s6412,TV Show,Camp X,Canada,2019.0,2014,TV-MA,1 Season,Docuseries,0,1
s6413,Movie,Camp X-Ray,United States,2017.0,2014,R,117 min,Dramas,1,0
s6414,TV Show,Can We Get Married?,South Korea,2017.0,2012,TV-14,1 Season,International TV Shows,0,1
s6415,Movie,Can't Hardly Wait,United States,2021.0,1998,PG-13,101 min,Comedies,1,0
s6416,Movie,Candyman,United States,2019.0,1992,R,99 min,Cult Movies,1,0
s6417,TV Show,Cannabis,France,2016.0,2016,TV-MA,1 Season,Crime TV Shows,0,1
s6418,Movie,Capital in the Twenty-First Century,France,2020.0,2019,TV-14,103 min,Documentaries,1,0
s6419,Movie,Cappuccino,India,2018.0,2017,TV-PG,126 min,Comedies,1,0
s6420,Movie,Cardboard Gangsters,Ireland,2018.0,2016,TV-MA,92 min,Dramas,1,0
s6421,TV Show,Care Bears: Welcome to Care-a-Lot,United States,2019.0,2012,TV-Y,1 Season,Kids' TV,0,1
s6422,Movie,Caregiver,Philippines,2019.0,2008,TV-14,131 min,Dramas,1,0
s6423,Movie,Carol,United Kingdom,2020.0,2015,R,119 min,Dramas,1,0
s6424,Movie,Carrie,United States,2019.0,1976,R,98 min,Classic Movies,1,0
s6425,Movie,Carriers,United States,2019.0,2009,PG-13,85 min,Horror Movies,1,0
s6426,Movie,Casa de mi Padre,United States,2012.0,2012,R,84 min,Comedies,1,0
s6427,TV Show,Case Closed,Japan,2019.0,2015,TV-14,1 Season,Anime Series,0,1
s6428,Movie,Casino Royale,United Kingdom,2020.0,2006,PG-13,145 min,Action & Adventure,1,0
s6429,Movie,Casino Tycoon,Hong Kong,2018.0,1992,TV-MA,125 min,Action & Adventure,1,0
s6430,Movie,Casino Tycoon 2,Hong Kong,2018.0,1992,TV-MA,108 min,Action & Adventure,1,0
s6432,Movie,Cat on a Hot Tin Roof,United States,2019.0,1958,NR,108 min,Classic Movies,1,0
s6433,Movie,Catching the Sun,China,2016.0,2015,TV-14,74 min,Documentaries,1,0
s6434,Movie,Cats & Dogs: The Revenge of Kitty Galore,United States,2019.0,2010,PG,82 min,Children & Family Movies,1,0
s6435,Movie,Catwalk: Tales from the Cat Show Circuit,Canada,2019.0,2018,TV-PG,75 min,Documentaries,1,0
s6436,Movie,Cave,Norway,2017.0,2016,TV-MA,77 min,Action & Adventure,1,0
s6437,Movie,Celluloid Man,India,2017.0,2012,TV-PG,156 min,Documentaries,1,0
s6438,Movie,Center Stage,United States,2020.0,2000,PG-13,116 min,Dramas,1,0
s6439,Movie,Chaar Sahibzaade,India,2018.0,2014,TV-PG,126 min,Dramas,1,0
s6440,Movie,Chal Dhar Pakad,India,2018.0,2010,TV-14,129 min,Comedies,1,0
s6441,Movie,Chal Mere Bhai,India,2019.0,2000,TV-14,132 min,Comedies,1,0
s6442,Movie,Chalay Thay Saath,Pakistan,2018.0,2017,TV-14,118 min,Comedies,1,0
s6443,Movie,Chandani: The Daughter of the Elephant Whisperer,Germany,2017.0,2010,TV-G,87 min,Documentaries,1,0
s6444,Movie,Change in the Air,United States,2020.0,2018,PG,95 min,Dramas,1,0
s6445,Movie,Chaotic Love Poems,Indonesia,2019.0,2016,TV-14,86 min,Dramas,1,0
s6446,Movie,Chappaquiddick,United States,2018.0,2017,PG-13,106 min,Dramas,1,0
s6447,Movie,Charlie and the Chocolate Factory,United Kingdom,2020.0,2005,PG,115 min,Children & Family Movies,1,0
s6448,Movie,Charlie's Angels: Full Throttle,United States,2019.0,2003,PG-13,106 min,Action & Adventure,1,0
s6449,Movie,Charlotte's Web,United States,2019.0,1973,G,94 min,Children & Family Movies,1,0
s6450,Movie,Chashme Buddoor,India,2017.0,2013,TV-PG,121 min,Comedies,1,0
s6451,Movie,Chasing Amy,United States,2020.0,1997,R,113 min,Comedies,1,0
s6452,TV Show,Chasing Monsters,Canada,,2016,TV-PG,2 Seasons,Docuseries,0,1
s6453,Movie,Chasing the Dragon,Hong Kong,2018.0,2017,TV-MA,129 min,Action & Adventure,1,0
s6454,Movie,Chasing Trane,United States,2017.0,2016,TV-PG,99 min,Documentaries,1,0
s6455,Movie,Chauthi Koot,India,2017.0,2015,TV-14,116 min,Dramas,1,0
s6456,TV Show,Cheapest Weddings,Australia,2017.0,2016,TV-14,1 Season,International TV Shows,0,1
s6457,TV Show,Cheers,United States,,1992,TV-PG,11 Seasons,Classic & Cult TV,0,1
s6458,TV Show,Chef & My Fridge,South Korea,,2017,TV-PG,2 Seasons,International TV Shows,0,1
s6459,Movie,Chernobyl Diaries,United States,2018.0,2012,R,88 min,Horror Movies,1,0
s6460,TV Show,Chewin' the Fat,United Kingdom,2016.0,1999,TV-14,1 Season,British TV Shows,0,1
s6461,TV Show,Chewing Gum,United Kingdom,,2017,TV-MA,2 Seasons,British TV Shows,0,1
s6465,Movie,Chhota Bheem Kungfu Dhamaka,India,2019.0,2019,TV-Y7,112 min,Children & Family Movies,1,0
s6466,Movie,Chicken Kokkachi,India,2018.0,2017,TV-14,113 min,Comedies,1,0
s6467,Movie,Chicken Little,United States,2016.0,2005,G,82 min,Children & Family Movies,1,0
s6468,Movie,Chief Daddy,Nigeria,2019.0,2018,TV-MA,98 min,Comedies,1,0
s6469,Movie,Child's Play,United States,2019.0,1988,R,87 min,Cult Movies,1,0
s6471,Movie,China Salesman,China,2018.0,2017,TV-MA,111 min,Action & Adventure,1,0
s6473,Movie,Chittagong,United States,2018.0,2012,NR,105 min,Dramas,1,0
s6474,Movie,Chitty Chitty Bang Bang,United Kingdom,2020.0,1968,G,146 min,Children & Family Movies,1,0
s6475,Movie,Chloe,United States,2020.0,2009,R,96 min,Independent Movies,1,0
s6476,Movie,Chris Brown: Welcome to My Life,United States,2017.0,2017,TV-MA,80 min,Documentaries,1,0
s6477,Movie,Christian Mingle,United States,2019.0,2014,PG,99 min,Comedies,1,0
s6478,TV Show,Christiane Amanpour: Sex & Love Around the World,United States,2018.0,2018,TV-MA,1 Season,Docuseries,0,1
s6479,Movie,Christmas Crush,Canada,2019.0,2012,TV-PG,87 min,Comedies,1,0
s6480,Movie,Christmas in the Smokies,United States,2019.0,2015,TV-G,88 min,Children & Family Movies,1,0
s6481,Movie,Christmas with the Kranks,United States,2019.0,2004,PG,99 min,Children & Family Movies,1,0
s6482,Movie,Christopher Robin,United States,2019.0,2018,PG,104 min,Children & Family Movies,1,0
s6483,Movie,Chronicle of an Escape,Argentina,2018.0,2006,R,104 min,Dramas,1,0
s6484,TV Show,Chuck Chicken,Malaysia,2017.0,2017,TV-Y7,1 Season,Kids' TV,0,1
s6485,Movie,Chupan Chupai,Pakistan,2019.0,2017,TV-14,118 min,Comedies,1,0
s6486,Movie,Chupke Chupke,India,2019.0,1975,TV-PG,127 min,Classic Movies,1,0
s6487,Movie,Cirque du Freak: The Vampire's Assistant,United States,2018.0,2009,PG-13,109 min,Action & Adventure,1,0
s6488,TV Show,City in the Sky,United Kingdom,2017.0,2016,TV-PG,1 Season,British TV Shows,0,1
s6489,Movie,City of God,Brazil,2020.0,2002,R,130 min,Dramas,1,0
s6490,Movie,City of Tiny Lights,United Kingdom,2017.0,2016,TV-MA,110 min,Dramas,1,0
s6491,TV Show,Civilizations,United Kingdom,2018.0,2018,TV-14,1 Season,British TV Shows,0,1
s6492,Movie,Clarence Clemons: Who Do I Think I Am?,United States,2019.0,2019,TV-MA,88 min,Documentaries,1,0
s6493,Movie,Clash of the Titans,United States,2019.0,2010,PG-13,106 min,Action & Adventure,1,0
s6494,Movie,Class of '61,United States,2018.0,1993,TV-PG,91 min,Dramas,1,0
s6495,Movie,Class Rank,United States,2018.0,2018,TV-MA,103 min,Comedies,1,0
s6496,TV Show,Classic Legends,India,2017.0,2012,TV-PG,1 Season,Docuseries,0,1
s6497,Movie,Cleopatra Jones,United States,2019.0,1973,PG,89 min,Action & Adventure,1,0
s6498,Movie,Click,United States,2020.0,2006,PG-13,108 min,Comedies,1,0
s6499,TV Show,Click for Murder,United Kingdom,2017.0,2017,TV-14,1 Season,British TV Shows,0,1
s6500,Movie,Clive Davis: The Soundtrack of Our Lives,United States,2019.0,2017,TV-MA,124 min,Documentaries,1,0
s6501,Movie,Closed Circuit,United Kingdom,2017.0,2013,R,96 min,Dramas,1,0
s6502,Movie,Cloud Atlas,Germany,2017.0,2012,R,172 min,Action & Adventure,1,0
s6503,Movie,Clouds of Sils Maria,France,2017.0,2014,R,124 min,Dramas,1,0
s6504,Movie,Cloverfield,United States,2020.0,2008,PG-13,85 min,Action & Adventure,1,0
s6511,Movie,Coach Carter,United States,2020.0,2005,PG-13,137 min,Dramas,1,0
s6512,Movie,Code Name: The Cleaner,United States,2019.0,2007,PG-13,91 min,Action & Adventure,1,0
s6513,Movie,Coffee with D,India,2017.0,2017,TV-PG,120 min,Comedies,1,0
s6514,TV Show,Cold Case Files,United States,2019.0,2017,TV-14,1 Season,Crime TV Shows,0,1
s6515,TV Show,Cold Case Files Classic,United States,2020.0,1999,TV-MA,1 Season,Crime TV Shows,0,1
s6516,Movie,Colkatay Columbus,India,2017.0,2016,TV-14,118 min,Comedies,1,0
s6517,Movie,Colonia,Germany,2018.0,2015,R,110 min,Dramas,1,0
s6518,Movie,Colours of Passion,India,2018.0,2008,TV-14,114 min,Dramas,1,0
s6519,Movie,Come and Find Me,Canada,2019.0,2016,R,112 min,Dramas,1,0
s6520,TV Show,Comedy Bang! Bang!,United States,,2016,TV-14,5 Seasons,Stand-Up Comedy & Talk Shows,0,1
s6522,Movie,Command and Control,United States,2017.0,2017,TV-PG,92 min,Documentaries,1,0
s6523,Movie,Company,India,2018.0,2002,TV-MA,137 min,Action & Adventure,1,0
s6524,Movie,Compulsion,United Kingdom,2018.0,2016,TV-MA,84 min,Dramas,1,0
s6525,TV Show,Conan Without Borders,United States,2018.0,2018,TV-14,1 Season,Docuseries,0,1
s6526,Movie,Concrete Football,Czech Republic,2017.0,2016,TV-MA,52 min,Documentaries,1,0
s6527,Movie,Concussion,United States,2018.0,2013,R,96 min,Dramas,1,0
s6528,Movie,Conjuring Spirit,Vietnam,2018.0,2014,TV-MA,112 min,Horror Movies,1,0
s6529,Movie,Conor McGregor: Notorious,Ireland,2018.0,2017,R,90 min,Documentaries,1,0
s6530,Movie,Consequences,Turkey,2019.0,2014,TV-MA,106 min,Dramas,1,0
s6531,Movie,Contract,India,2019.0,2008,TV-14,116 min,Action & Adventure,1,0
s6533,TV Show,Cooking on High,United States,2018.0,2018,TV-MA,1 Season,Reality TV,0,1
s6534,Movie,Cool Hand Luke,United States,2021.0,1967,TV-14,127 min,Classic Movies,1,0
s6535,Movie,Cop and a Half: New Recruit,Canada,2017.0,2017,PG,96 min,Children & Family Movies,1,0
s6537,Movie,Coraline,United States,2017.0,2009,PG,101 min,Children & Family Movies,1,0
s6538,Movie,Counterfeiting in Suburbia,Canada,2018.0,2018,TV-14,88 min,Dramas,1,0
s6539,TV Show,Court Justice,Australia,2019.0,2017,TV-MA,1 Season,Crime TV Shows,0,1
s6540,Movie,Covered: Alive in Asia,United States,2016.0,2016,TV-G,75 min,Documentaries,1,0
s6541,Movie,Crash,United States,2019.0,2004,R,112 min,Dramas,1,0
s6542,Movie,CRD,India,2019.0,2016,TV-MA,110 min,Comedies,1,0
s6543,TV Show,Crime Time,France,2019.0,2017,TV-MA,1 Season,Crime TV Shows,0,1
s6544,Movie,"Crouching Tiger, Hidden Dragon",Taiwan,2019.0,2000,PG-13,120 min,Action & Adventure,1,0
s6545,Movie,Cult of Chucky,United States,2017.0,2017,R,90 min,Horror Movies,1,0
s6546,Movie,Cutie and the Boxer,United States,2018.0,2013,R,82 min,Documentaries,1,0
s6547,Movie,Daagdi Chaawl,India,2018.0,2015,TV-14,118 min,Action & Adventure,1,0
s6548,Movie,Dabbe 6: The Return,Turkey,2019.0,2015,TV-MA,153 min,Horror Movies,1,0
s6549,Movie,Dad,United States,2018.0,1989,PG,117 min,Dramas,1,0
s6550,TV Show,Dad's Army,United Kingdom,,1977,TV-PG,10 Seasons,British TV Shows,0,1
s6551,Movie,Daddy Day Care,United States,2019.0,2003,PG,93 min,Children & Family Movies,1,0
s6552,Movie,Daddy Issues,United States,2019.0,2019,TV-MA,82 min,Dramas,1,0
s6553,Movie,Daemonium,Argentina,2016.0,2015,NR,115 min,Action & Adventure,1,0
s6554,Movie,Daffedar,India,2018.0,2017,TV-14,151 min,Dramas,1,0
s6555,Movie,Dagh Ujala,United States,2018.0,2015,TV-MA,103 min,Dramas,1,0
s6556,Movie,Dallas Buyers Club,United States,2018.0,2013,R,117 min,Dramas,1,0
s6557,TV Show,Dance Academy,Australia,2017.0,2013,TV-PG,1 Season,International TV Shows,0,1
s6558,Movie,Dance Academy: The Comeback,Germany,2018.0,2017,TV-PG,100 min,Dramas,1,0
s6559,Movie,Dancing Quietly,Germany,2017.0,2016,TV-MA,70 min,Dramas,1,0
s6560,TV Show,Dandy,Mexico,2018.0,2016,TV-MA,1 Season,Crime TV Shows,0,1
s6561,TV Show,Dangerous Roads,United Kingdom,,2012,TV-MA,2 Seasons,British TV Shows,0,1
s6562,Movie,Danny Says,United States,2017.0,2015,TV-MA,103 min,Documentaries,1,0
s6563,Movie,Dante's Peak,United States,2019.0,1997,PG-13,108 min,Action & Adventure,1,0
s6564,Movie,Dare to Be Wild,Ireland,2018.0,2015,TV-PG,100 min,Dramas,1,0
s6565,Movie,Dark Chocolate (Bengali Version),India,2017.0,2016,TV-MA,91 min,Dramas,1,0
s6566,Movie,Dark Crimes,United Kingdom,2019.0,2016,R,93 min,Dramas,1,0
s6567,Movie,Dark Places,United States,2018.0,2015,R,113 min,Dramas,1,0
s6568,Movie,Darna Mana Hai,India,2019.0,2003,TV-MA,116 min,Horror Movies,1,0
s6569,TV Show,Darr Sabko Lagta Hai,India,2018.0,2015,TV-MA,1 Season,International TV Shows,0,1
s6570,Movie,Darra,India,2017.0,2016,TV-14,121 min,Dramas,1,0
s6571,Movie,Daughters of the Dust,United Kingdom,2017.0,1991,NR,112 min,Classic Movies,1,0
s6572,TV Show,Day and Night,China,2018.0,2017,TV-MA,1 Season,Crime TV Shows,0,1
s6573,TV Show,Days We Stared at the Sun,Taiwan,2018.0,2017,TV-MA,2 Seasons,International TV Shows,0,1
s6574,Movie,Dayveon,United States,2018.0,2017,TV-MA,76 min,Dramas,1,0
s6575,Movie,De Film van Dylan Haegens,Netherlands,2019.0,2018,TV-PG,81 min,Comedies,1,0
s6576,Movie,De Palma,United States,2018.0,2015,R,110 min,Documentaries,1,0
s6577,Movie,Dead in a Week (Or Your Money Back),United Kingdom,2019.0,2018,TV-MA,90 min,Comedies,1,0
s6578,Movie,Deadline: Sirf 24 Ghante,India,2019.0,2006,TV-14,97 min,Independent Movies,1,0
s6579,Movie,Deadly Scholars,United States,2019.0,2018,TV-14,86 min,Dramas,1,0
s6580,Movie,Dean,United States,2020.0,2016,PG-13,94 min,Comedies,1,0
s6581,Movie,Dear Dad,India,2019.0,2016,TV-14,83 min,Comedies,1,0
s6582,Movie,Dear Dracula,United States,2016.0,2012,TV-Y7-FV,43 min,Children & Family Movies,1,0
s6583,Movie,Dear Santa,Canada,2019.0,2011,TV-PG,92 min,Comedies,1,0
s6584,Movie,Death at a Funeral,United States,2020.0,2010,R,93 min,Comedies,1,0
s6585,Movie,Death House,United States,2019.0,2017,R,88 min,Horror Movies,1,0
s6586,Movie,Deathgrip,United Kingdom,2018.0,2017,TV-MA,53 min,International Movies,1,0
s6587,TV Show,Deep Undercover Collection,United States,2018.0,2017,TV-MA,3 Seasons,Crime TV Shows,0,1
s6588,TV Show,Deep Water,Australia,2017.0,2016,TV-MA,1 Season,Crime TV Shows,0,1
s6589,Movie,Deewangee,India,2020.0,2002,TV-MA,156 min,International Movies,1,0
s6590,Movie,Defying the Nazis: The Sharps' War,United States,2017.0,2016,TV-14,79 min,Documentaries,1,0
s6591,Movie,Delirium,United States,2018.0,2018,R,96 min,Horror Movies,1,0
s6592,Movie,Democrats,Denmark,2016.0,2014,NR,99 min,Documentaries,1,0
s6593,Movie,Den of Thieves,United States,2020.0,2018,R,140 min,Action & Adventure,1,0
s6594,Movie,Denis Leary: No Cure For Cancer,United States,2017.0,1992,R,62 min,Stand-Up Comedy,1,0
s6596,Movie,Desolation,United States,2018.0,2017,TV-MA,76 min,Horror Movies,1,0
s6597,Movie,Detention Letter,Egypt,2019.0,2017,TV-14,99 min,Action & Adventure,1,0
s6598,Movie,Detour,United Kingdom,2017.0,2016,R,97 min,Thrillers,1,0
s6599,Movie,Deviant Love,United States,2019.0,2019,TV-14,87 min,Thrillers,1,0
s6600,Movie,Devil's Bride,Finland,2017.0,2016,TV-MA,108 min,Dramas,1,0
s6601,Movie,Devil's Gate,Canada,2020.0,2017,TV-MA,94 min,Horror Movies,1,0
s6602,TV Show,Devlok with Devdutt Pattanaik,India,2018.0,2017,TV-PG,1 Season,International TV Shows,0,1
s6603,Movie,Devrai,India,2018.0,2004,TV-PG,123 min,Dramas,1,0
s6604,TV Show,Dexter,United States,,2013,TV-MA,8 Seasons,Crime TV Shows,0,1
s6605,Movie,Dhamaal,India,2019.0,2007,TV-14,128 min,Action & Adventure,1,0
s6606,Movie,Di Renjie zhi Sidatianwang,China,2019.0,2018,TV-14,132 min,Action & Adventure,1,0
s6607,Movie,Diana: 7 Days That Shook the World,United Kingdom,2017.0,2017,TV-PG,93 min,Documentaries,1,0
s6608,Movie,Diana: In Her Own Words,United Kingdom,2017.0,2017,TV-PG,113 min,Documentaries,1,0
s6609,Movie,Diary of a Chambermaid,France,2016.0,2015,NR,96 min,Dramas,1,0
s6610,Movie,Die Another Day,United Kingdom,2019.0,2002,PG-13,133 min,Action & Adventure,1,0
s6611,Movie,Dil Hai Tumhaara,India,2018.0,2002,TV-14,176 min,Dramas,1,0
s6612,TV Show,Dinner for Five,United States,2008.0,2007,TV-MA,1 Season,Stand-Up Comedy & Talk Shows,0,1
s6613,Movie,Dinner for Schmucks,United States,2020.0,2010,PG-13,115 min,Comedies,1,0
s6614,TV Show,Dino Hunt,Canada,2017.0,2016,TV-G,1 Season,Docuseries,0,1
s6615,Movie,Disciples Of The 36th Chamber,Hong Kong,2018.0,1985,TV-14,90 min,Action & Adventure,1,0
s6616,Movie,Discovering Bigfoot,United States,2017.0,2017,TV-MA,111 min,Documentaries,1,0
s6617,Movie,Dismissed,United States,2018.0,2017,TV-14,87 min,Thrillers,1,0
s6618,Movie,District 9,South Africa,2019.0,2009,R,112 min,Action & Adventure,1,0
s6620,Movie,Doctor Zhivago,United States,2019.0,1965,PG-13,200 min,Classic Movies,1,0
s6621,Movie,Dog Eat Dog,United States,2016.0,2016,TV-MA,93 min,Dramas,1,0
s6622,Movie,Dolphin Kick,United States,2019.0,2019,TV-PG,90 min,Children & Family Movies,1,0
s6623,Movie,Dolphin Tale 2,United States,2019.0,2014,PG,107 min,Children & Family Movies,1,0
s6624,Movie,Domino,Denmark,2019.0,2019,R,89 min,International Movies,1,0
s6625,Movie,Don Quixote: The Ingenious Gentleman of La Mancha,United States,2018.0,2015,TV-14,83 min,Comedies,1,0
s6626,Movie,Don Verdean,United States,2020.0,2015,PG-13,96 min,Comedies,1,0
s6627,Movie,Don't Be Afraid of the Dark,United States,2019.0,2010,R,99 min,Horror Movies,1,0
s6628,Movie,Don't Crack Under Pressure,France,2020.0,2015,TV-MA,95 min,Action & Adventure,1,0
s6629,Movie,Don't Crack Under Pressure II,France,2020.0,2016,TV-MA,88 min,Action & Adventure,1,0
s6630,Movie,Don't Crack Under Pressure III,France,2020.0,2017,TV-14,94 min,Action & Adventure,1,0
s6631,Movie,Don't Knock Twice,United Kingdom,2019.0,2016,R,93 min,Horror Movies,1,0
s6632,Movie,Don't Look Down,United Kingdom,2017.0,2016,TV-MA,93 min,Documentaries,1,0
s6633,Movie,Don't Think Twice,United States,2017.0,2016,R,92 min,Comedies,1,0
s6634,Movie,Donnie Brasco,United States,2020.0,1997,R,127 min,Dramas,1,0
s6635,Movie,Doom,United Kingdom,2020.0,2005,R,105 min,Action & Adventure,1,0
s6636,TV Show,Doomsday Preppers,United States,2019.0,2013,TV-14,1 Season,Reality TV,0,1
s6637,Movie,Doubles Cause Troubles,Hong Kong,2018.0,1989,TV-14,94 min,Action & Adventure,1,0
s6638,Movie,Doubt,United States,2019.0,2008,PG-13,104 min,Dramas,1,0
s6639,Movie,Down The Fence,United States,2018.0,2017,TV-PG,94 min,Documentaries,1,0
s6640,Movie,Dr. Seuss' The Cat in the Hat,United States,2019.0,2003,PG,82 min,Children & Family Movies,1,0
s6641,Movie,Dr. Seuss' The Grinch,France,2019.0,2018,PG,86 min,Children & Family Movies,1,0
s6642,Movie,Dragonheart,United States,2020.0,1996,PG-13,103 min,Action & Adventure,1,0
s6643,Movie,Dragonheart 3: The Sorcerer,United States,2020.0,2015,PG-13,97 min,Action & Adventure,1,0
s6644,Movie,Dragonheart: A New Beginning,United States,2020.0,2000,PG,84 min,Action & Adventure,1,0
s6645,Movie,Dragonheart: Battle for the Heartfire,United States,2017.0,2017,PG-13,98 min,Action & Adventure,1,0
s6647,TV Show,Dramaworld,United States,2016.0,2016,TV-14,1 Season,Romantic TV Shows,0,1
s6648,Movie,Dream Big: Engineering Our World,United States,2018.0,2017,TV-G,42 min,Documentaries,1,0
s6649,Movie,Dream Boat,Germany,2017.0,2017,TV-MA,92 min,Documentaries,1,0
s6650,Movie,Dries,Germany,2018.0,2017,TV-PG,89 min,Documentaries,1,0
s6651,Movie,Driven to Dance,United States,2019.0,2018,TV-PG,99 min,Dramas,1,0
s6652,TV Show,"Drugs, Inc.",United States,2019.0,2015,TV-MA,1 Season,Crime TV Shows,0,1
s6653,TV Show,Dueños del paraíso,United States,2017.0,2015,TV-14,1 Season,Crime TV Shows,0,1
s6654,Movie,Dukhtar,Pakistan,2016.0,2014,TV-14,93 min,Dramas,1,0
s6655,Movie,Dum,India,2018.0,2003,TV-14,162 min,Action & Adventure,1,0
s6656,Movie,Dumb and Dumberer: When Harry Met Lloyd,United States,2019.0,2003,PG-13,85 min,Comedies,1,0
s6657,Movie,E-Cigarettes: Miracle or Menace?,United Kingdom,2019.0,2016,TV-14,52 min,Documentaries,1,0
s6658,Movie,Earth to Echo,United States,2019.0,2014,PG,91 min,Children & Family Movies,1,0
s6659,TV Show,Earth to Luna!,Brazil,2020.0,2014,TV-Y,1 Season,Kids' TV,0,1
s6660,TV Show,Earth's Natural Wonders,United Kingdom,2017.0,2015,TV-PG,1 Season,British TV Shows,0,1
s6662,Movie,East Side Sushi,United States,2020.0,2015,PG,106 min,Dramas,1,0
s6663,Movie,Easy A,United States,2020.0,2010,PG-13,92 min,Comedies,1,0
s6664,TV Show,Easy Fortune Happy Life,Taiwan,2016.0,2009,TV-MA,1 Season,International TV Shows,0,1
s6665,Movie,Eat Pray Love,United States,2019.0,2010,PG-13,140 min,Dramas,1,0
s6666,Movie,Eddie Murphy: Delirious,United States,2018.0,1983,TV-MA,69 min,Stand-Up Comedy,1,0
s6667,Movie,Eeda,India,2018.0,2018,TV-14,153 min,Dramas,1,0
s6668,Movie,Eh Janam Tumhare Lekhe,India,2017.0,2015,TV-14,124 min,Dramas,1,0
s6669,Movie,Ek Cup Chya,India,2018.0,2009,TV-PG,120 min,Dramas,1,0
s6670,Movie,Ek Hasina Thi,India,2019.0,2004,TV-MA,134 min,Dramas,1,0
s6671,Movie,El último testigo,United States,2018.0,2012,R,105 min,Action & Adventure,1,0
s6672,TV Show,El Barco,Spain,,2013,NR,3 Seasons,International TV Shows,0,1
s6673,TV Show,El Cartel,Colombia,2018.0,2008,TV-MA,1 Season,Crime TV Shows,0,1
s6674,TV Show,El Cartel 2,Colombia,2018.0,2010,TV-MA,1 Season,Crime TV Shows,0,1
s6675,TV Show,El Chavo,Mexico,2017.0,1979,TV-PG,1 Season,Classic & Cult TV,0,1
s6676,Movie,El Che,Venezuela,2017.0,2017,TV-14,119 min,Documentaries,1,0
s6677,TV Show,El Clon,United States,2017.0,2010,TV-14,1 Season,Romantic TV Shows,0,1
s6678,Movie,El fin de ETA,Spain,2017.0,2017,TV-14,106 min,Documentaries,1,0
s6679,TV Show,El Vato,United States,,2017,TV-MA,2 Seasons,International TV Shows,0,1
s6681,Movie,Elephants Dream 4 Hour,Netherlands,2018.0,2006,TV-MA,196 min,International Movies,1,0
s6682,Movie,Elizabeth at 90: A Family Tribute,United Kingdom,2017.0,2016,TV-G,90 min,Documentaries,1,0
s6683,Movie,Elizabeth Harvest,United States,2020.0,2019,R,109 min,Dramas,1,0
s6684,Movie,Elles étaient en guerre (1914-1918),France,2017.0,2014,TV-14,93 min,Documentaries,1,0
s6687,Movie,Elstree 1976,United Kingdom,2016.0,2015,TV-PG,102 min,Documentaries,1,0
s6688,Movie,Emelie,United States,2018.0,2016,TV-MA,82 min,Horror Movies,1,0
s6689,Movie,Emma' (Mother),Indonesia,2018.0,2016,TV-PG,74 min,Dramas,1,0
s6690,Movie,Emo the Musical,Australia,2018.0,2016,TV-MA,94 min,Dramas,1,0
s6691,TV Show,Emogenius,United States,2018.0,2017,TV-PG,1 Season,Reality TV,0,1
s6692,Movie,Empire of Scents,Canada,2018.0,2014,TV-14,87 min,Documentaries,1,0
s6693,Movie,Employee of the Month,United States,2020.0,2006,PG-13,108 min,Comedies,1,0
s6695,Movie,Encounter: The Killing,India,2019.0,2002,TV-14,151 min,Dramas,1,0
s6696,TV Show,Encounters with Evil,United Kingdom,2019.0,2016,TV-14,1 Season,British TV Shows,0,1
s6697,Movie,End of Watch,United States,2019.0,2012,R,109 min,Action & Adventure,1,0
s6699,Movie,Enemy,Canada,2018.0,2013,R,91 min,Independent Movies,1,0
s6700,Movie,Enlighten Us,United States,2017.0,2016,TV-14,93 min,Documentaries,1,0
s6701,Movie,Entanglement,Canada,2018.0,2018,TV-MA,85 min,Dramas,1,0
s6702,Movie,Enter the Dragon,Hong Kong,2021.0,1973,R,103 min,Action & Adventure,1,0
s6703,Movie,Equals,United States,2018.0,2015,PG-13,102 min,Dramas,1,0
s6704,Movie,Equilibrium,United States,2019.0,2002,R,107 min,Action & Adventure,1,0
s6705,Movie,"Escape from the ""Liberty"" Cinema",Poland,2019.0,1990,TV-MA,88 min,Comedies,1,0
s6706,Movie,Esperando La Carroza,Argentina,2018.0,1985,NR,95 min,Comedies,1,0
s6707,Movie,Estar o no estar,Mexico,2017.0,2016,TV-14,100 min,Dramas,1,0
s6708,Movie,Ethirmarai,India,2018.0,2018,TV-14,91 min,International Movies,1,0
s6709,Movie,Euphoria,Italy,2019.0,2018,R,110 min,Dramas,1,0
s6711,Movie,Evan Almighty,United States,2019.0,2007,PG,96 min,Children & Family Movies,1,0
s6712,Movie,Event Horizon,United Kingdom,2020.0,1997,R,96 min,Horror Movies,1,0
s6713,Movie,Every Time I Die,United States,2020.0,2019,TV-MA,98 min,Dramas,1,0
s6714,Movie,Everybody Knows,Spain,2019.0,2019,R,133 min,Dramas,1,0
s6715,TV Show,Everyday Miracles,United Kingdom,2017.0,2014,TV-PG,1 Season,British TV Shows,0,1
s6716,Movie,Evolution,United States,2019.0,2001,PG-13,102 min,Comedies,1,0
s6717,Movie,Ex Machina,United Kingdom,2018.0,2015,R,108 min,Dramas,1,0
s6718,TV Show,Ex-Boyfriend,China,2017.0,2011,TV-14,1 Season,International TV Shows,0,1
s6720,Movie,Executive Decision,United States,2019.0,1996,R,133 min,Action & Adventure,1,0
s6721,Movie,Exit Afghanistan,Norway,2016.0,2013,TV-MA,58 min,Documentaries,1,0
s6722,Movie,Exit Strategy,United States,2019.0,2012,NR,79 min,Comedies,1,0
s6723,Movie,Exit Wounds,United States,2019.0,2001,R,101 min,Action & Adventure,1,0
s6724,Movie,Expo,United States,2019.0,2019,TV-14,81 min,Action & Adventure,1,0
s6725,TV Show,Extras,United Kingdom,2017.0,2006,TV-MA,2 Seasons,British TV Shows,0,1
s6726,Movie,Eyyvah Eyyvah,Turkey,2017.0,2010,TV-MA,99 min,Comedies,1,0
s6727,Movie,Eyyvah Eyyvah 2,Turkey,2017.0,2011,TV-PG,106 min,Comedies,1,0
s6728,Movie,Eyyvah Eyyvah 3,Turkey,2017.0,2014,TV-PG,103 min,Comedies,1,0
s6729,TV Show,Ezel,Turkey,2016.0,2009,TV-14,1 Season,Crime TV Shows,0,1
s6730,Movie,F the Prom,United States,2018.0,2017,TV-MA,92 min,Comedies,1,0
s6731,Movie,Face 2 Face,United States,2018.0,2017,TV-MA,89 min,Dramas,1,0
s6732,TV Show,Fairy Tail,Japan,2017.0,2009,TV-MA,1 Season,Anime Series,0,1
s6733,TV Show,Fake or Fortune?,United Kingdom,2019.0,2015,TV-G,1 Season,British TV Shows,0,1
s6734,Movie,Fakta Ladh Mhana,India,2018.0,2011,TV-14,150 min,Action & Adventure,1,0
s6735,Movie,Fall Girls,United States,2020.0,2019,TV-14,80 min,Comedies,1,0
s6736,Movie,Fallen,United States,2019.0,1998,R,124 min,Thrillers,1,0
s6737,Movie,Familiye,Germany,2019.0,2017,TV-MA,99 min,Dramas,1,0
s6738,Movie,Famous in Ahmedabad,India,2016.0,2015,TV-14,29 min,Documentaries,1,0
s6739,Movie,Fanatic,United States,2019.0,2019,TV-14,91 min,Thrillers,1,0
s6740,Movie,Fandry,India,2018.0,2014,NR,102 min,Dramas,1,0
s6741,Movie,Farce,Egypt,2019.0,2017,TV-MA,94 min,Comedies,1,0
s6743,TV Show,Father Brown,United Kingdom,,2017,TV-14,6 Seasons,British TV Shows,0,1
s6744,Movie,Fear and Loathing in Las Vegas,United States,2019.0,1998,R,118 min,Comedies,1,0
s6745,TV Show,Fear Files... Har Mod Pe Darr,India,2017.0,2015,TV-MA,1 Season,International TV Shows,0,1
s6746,Movie,Feel Rich,United States,2017.0,2017,TV-MA,70 min,Documentaries,1,0
s6747,Movie,Fiddler on the Roof,United States,2020.0,1971,G,181 min,Classic Movies,1,0
s6748,Movie,Fifty,Nigeria,2015.0,2015,NR,101 min,Dramas,1,0
s6749,Movie,Figaro Pho,United Kingdom,2016.0,2008,TV-Y7,29 min,Children & Family Movies,1,0
s6750,Movie,Figures of Speech,United States,2016.0,2016,TV-PG,92 min,Documentaries,1,0
s6751,TV Show,Filinta,Turkey,2017.0,2015,TV-14,2 Seasons,Crime TV Shows,0,1
s6752,Movie,Filmworker,United States,2018.0,2017,TV-MA,94 min,Documentaries,1,0
s6753,Movie,Filosofi Kopi The Movie,Indonesia,2018.0,2015,TV-PG,118 min,Dramas,1,0
s6754,Movie,Final Destination,United States,2020.0,2000,R,98 min,Cult Movies,1,0
s6755,Movie,Final Destination 2,United States,2020.0,2003,R,90 min,Horror Movies,1,0
s6756,Movie,Final Destination 3,United States,2020.0,2006,R,93 min,Horror Movies,1,0
s6757,Movie,Fire at Sea,Italy,2017.0,2016,TV-14,114 min,Documentaries,1,0
s6758,Movie,Fireflies,India,2019.0,2013,TV-MA,99 min,Dramas,1,0
s6759,Movie,First Impression,United States,2019.0,2018,TV-14,96 min,Comedies,1,0
s6760,Movie,First Kill,United Kingdom,2019.0,2017,R,102 min,Action & Adventure,1,0
s6761,Movie,FirstBorn,United Kingdom,2017.0,2016,TV-MA,90 min,Horror Movies,1,0
s6763,Movie,Fishtail,United States,2018.0,2015,NR,61 min,Documentaries,1,0
s6765,Movie,Fittest in Dubai,United Arab Emirates,2020.0,2019,TV-14,60 min,Documentaries,1,0
s6766,Movie,Five Elements Ninjas,Hong Kong,2019.0,1982,R,104 min,Action & Adventure,1,0
s6767,TV Show,Fix It and Finish It,United States,,2014,TV-G,3 Seasons,Reality TV,0,1
s6768,Movie,Flash of Genius,Canada,2017.0,2008,PG-13,119 min,Dramas,1,0
s6769,Movie,Flimflam,Egypt,2019.0,2016,TV-14,102 min,Comedies,1,0
s6770,Movie,Flock of Four,United States,2018.0,2018,TV-MA,83 min,Dramas,1,0
s6771,TV Show,Flowering Heart,South Korea,2019.0,2016,TV-Y7,1 Season,Kids' TV,0,1
s6772,Movie,Flying Guillotine 2,Hong Kong,2018.0,1978,TV-MA,88 min,Action & Adventure,1,0
s6773,Movie,Follow Me,United Arab Emirates,2018.0,2017,TV-MA,86 min,Documentaries,1,0
s6775,TV Show,Footprints in the Sand,United States,2017.0,2011,TV-14,1 Season,International TV Shows,0,1
s6776,Movie,Footprints: The Path of Your Life,Spain,2017.0,2015,PG,90 min,Documentaries,1,0
s6777,Movie,For Colored Girls,United States,2020.0,2010,R,134 min,Dramas,1,0
s6778,Movie,For Grace,United States,2016.0,2015,TV-PG,92 min,Documentaries,1,0
s6779,Movie,For Greater Glory,Mexico,2019.0,2012,R,145 min,Dramas,1,0
s6780,Movie,For Love or Money,United Kingdom,2019.0,2019,TV-MA,95 min,Comedies,1,0
s6781,Movie,For the Birds,United States,2019.0,2018,TV-MA,93 min,Documentaries,1,0
s6782,Movie,For the Love of Benji,United States,2018.0,1977,G,84 min,Children & Family Movies,1,0
s6783,TV Show,For the Win,United States,2018.0,2017,TV-14,1 Season,Reality TV,0,1
s6784,Movie,Forbidden Games: The Justin Fashanu Story,United Kingdom,2017.0,2017,TV-14,81 min,Documentaries,1,0
s6785,Movie,Forbidden Planet,United States,2019.0,1956,G,98 min,Action & Adventure,1,0
s6786,TV Show,Forces of Nature,United Kingdom,2017.0,2016,TV-PG,1 Season,British TV Shows,0,1
s6787,Movie,Forever Chape,Brazil,2018.0,2018,TV-MA,74 min,Documentaries,1,0
s6788,Movie,Forever Pure,United Kingdom,2017.0,2016,TV-MA,87 min,Documentaries,1,0
s6789,TV Show,Forget Me Not,United Kingdom,2017.0,2011,TV-MA,1 Season,International TV Shows,0,1
s6790,Movie,Forks Over Knives,United States,2019.0,2011,PG,96 min,Documentaries,1,0
s6791,Movie,Four Christmases,Germany,2021.0,2008,PG-13,88 min,Comedies,1,0
s6792,TV Show,Four Seasons in Havana,Spain,2016.0,2016,TV-MA,1 Season,Crime TV Shows,0,1
s6793,Movie,Four Weddings and a Funeral,United Kingdom,2019.0,1994,R,118 min,Classic Movies,1,0
s6794,Movie,Fracture,United States,2019.0,2007,R,113 min,Dramas,1,0
s6795,Movie,Frances Ha,United States,2017.0,2012,R,86 min,Comedies,1,0
s6796,TV Show,Frasier,United States,,2003,TV-PG,11 Seasons,Classic & Cult TV,0,1
s6797,Movie,Freak Show,United States,2020.0,2018,TV-MA,91 min,Comedies,1,0
s6798,Movie,Fred Claus,United States,2021.0,2007,PG,115 min,Children & Family Movies,1,0
s6799,Movie,Free Willy,United States,2020.0,1993,PG,112 min,Children & Family Movies,1,0
s6800,Movie,Freeway: Crack in the System,United States,2017.0,2015,R,103 min,Documentaries,1,0
s6801,Movie,Freezer's Campaign,Egypt,2019.0,2016,TV-MA,116 min,Comedies,1,0
s6802,Movie,French Dirty,United States,2016.0,2015,TV-MA,72 min,Dramas,1,0
s6803,Movie,Freshman Year,United States,2020.0,2019,TV-PG,104 min,Dramas,1,0
s6804,TV Show,Friday Night Tykes,United States,,2017,TV-PG,4 Seasons,Docuseries,0,1
s6805,Movie,Friday the 13th,United States,2020.0,2009,R,97 min,Horror Movies,1,0
s6806,Movie,Friend Request,Germany,2018.0,2016,R,92 min,Horror Movies,1,0
s6807,TV Show,Friends,United States,,2003,TV-14,10 Seasons,Classic & Cult TV,0,1
s6808,Movie,From Japan to Egypt,Egypt,2019.0,2017,TV-14,93 min,Children & Family Movies,1,0
s6809,Movie,From Paris with Love,France,2020.0,2010,R,93 min,Action & Adventure,1,0
s6810,Movie,Froning: The Fittest Man in History,United States,2018.0,2016,PG,99 min,Documentaries,1,0
s6811,TV Show,Frozen Planet,United Kingdom,2016.0,2011,TV-PG,1 Season,British TV Shows,0,1
s6812,Movie,Frozen Planet: On Thin Ice,United Kingdom,2016.0,2011,TV-PG,47 min,Movies,1,0
s6813,Movie,Frozen Planet: The Epic Journey,United Kingdom,2016.0,2011,TV-PG,52 min,Movies,1,0
s6814,Movie,Frozen River,United States,2019.0,2008,R,97 min,Dramas,1,0
s6815,Movie,Full Out,Canada,2016.0,2015,TV-PG,88 min,Children & Family Movies,1,0
s6816,Movie,Functional Fitness,United States,2018.0,2016,TV-MA,106 min,Documentaries,1,0
s6817,Movie,Furie,Vietnam,2019.0,2019,TV-MA,97 min,Action & Adventure,1,0
s6818,Movie,Furthest Witness,United States,2019.0,2017,TV-MA,88 min,Dramas,1,0
s6819,Movie,G-Force,United States,2019.0,2009,PG,88 min,Children & Family Movies,1,0
s6820,Movie,Gabriel and the Mountain,Brazil,2018.0,2017,TV-MA,132 min,Dramas,1,0
s6821,TV Show,Gabru: Hip Hop Revolution,India,2018.0,2018,TV-14,1 Season,International TV Shows,0,1
s6822,Movie,Gagarin: First in Space,Russia,2017.0,2013,TV-14,108 min,Dramas,1,0
s6823,TV Show,Galavant,United States,,2016,TV-PG,2 Seasons,TV Action & Adventure,0,1
s6824,Movie,Galih dan Ratna,Indonesia,2018.0,2017,TV-PG,111 min,Dramas,1,0
s6825,TV Show,Game Winning Hit,Taiwan,2016.0,2009,TV-MA,1 Season,International TV Shows,0,1
s6826,TV Show,Gangs of Hassepur,India,2017.0,2014,TV-PG,1 Season,International TV Shows,0,1
s6827,Movie,Gangs of New York,United States,2019.0,2002,R,167 min,Dramas,1,0
s6828,TV Show,Gargantia on the Verdurous Planet,Japan,2016.0,2013,,1 Season,Anime Series,0,1
s6829,Movie,Garuda Di Dadaku,Indonesia,2018.0,2009,TV-PG,96 min,Children & Family Movies,1,0
s6830,Movie,Garuda in My Heart 2,Indonesia,2018.0,2011,TV-PG,95 min,Children & Family Movies,1,0
s6831,Movie,Gehenna: Where Death Lives,Japan,2018.0,2016,TV-MA,107 min,Horror Movies,1,0
s6832,Movie,Gelo,India,2017.0,2016,TV-MA,118 min,Dramas,1,0
s6833,Movie,Gemini,India,2018.0,2018,TV-PG,130 min,Dramas,1,0
s6834,Movie,Gender Revolution: A Journey with Katie Couric,United States,2018.0,2017,TV-PG,90 min,Documentaries,1,0
s6835,TV Show,Genius of the Ancient World,United Kingdom,2017.0,2015,TV-PG,1 Season,British TV Shows,0,1
s6836,TV Show,Genius of the Modern World,United Kingdom,2017.0,2016,TV-PG,1 Season,British TV Shows,0,1
s6837,TV Show,Gentlemen and Gangsters,Sweden,2016.0,2016,TV-MA,1 Season,Crime TV Shows,0,1
s6838,Movie,George of the Jungle 2,United States,2016.0,2003,PG,87 min,Children & Family Movies,1,0
s6839,TV Show,Geronimo Stilton,Italy,2017.0,2011,TV-Y,1 Season,Kids' TV,0,1
s6840,Movie,Get Him to the Greek,United States,2020.0,2010,R,109 min,Comedies,1,0
s6841,Movie,Get Santa,United Kingdom,2014.0,2014,PG,103 min,Children & Family Movies,1,0
s6842,TV Show,Get Shorty,United States,2018.0,2017,TV-MA,1 Season,Crime TV Shows,0,1
s6843,Movie,Get Smart,United States,2019.0,2008,PG-13,110 min,Action & Adventure,1,0
s6844,Movie,Getting Played,United States,2019.0,2005,PG-13,85 min,Comedies,1,0
s6845,Movie,Ghayal,India,2019.0,1990,TV-14,163 min,Action & Adventure,1,0
s6846,Movie,Ghost House,Thailand,2017.0,2017,TV-MA,100 min,Horror Movies,1,0
s6847,Movie,Ghost Pain,Japan,2019.0,2013,TV-MA,58 min,Action & Adventure,1,0
s6848,Movie,Ghost Rider,United States,2020.0,2007,PG-13,110 min,Action & Adventure,1,0
s6849,Movie,Ghost Tears,Japan,2019.0,2014,TV-MA,58 min,Action & Adventure,1,0
s6850,TV Show,Ghost Town Gold,United States,2019.0,2012,TV-14,1 Season,Reality TV,0,1
s6851,Movie,Ghost Whispers,Japan,2019.0,2013,TV-14,56 min,Action & Adventure,1,0
s6852,Movie,Ghulam-E-Musthafa,India,2019.0,1997,TV-MA,161 min,Action & Adventure,1,0
s6853,Movie,Gie,Indonesia,2018.0,2005,TV-14,141 min,Dramas,1,0
s6854,Movie,Gigi,United States,2019.0,1958,G,115 min,Classic Movies,1,0
s6855,Movie,Ginger & Rosa,United Kingdom,2018.0,2012,PG-13,90 min,Dramas,1,0
s6856,Movie,"Girl, Boy, Bakla, Tomboy",Philippines,2019.0,2013,TV-14,103 min,Comedies,1,0
s6857,Movie,GLOW: The Story of the Gorgeous Ladies of Wrestling,United States,2017.0,2012,NR,77 min,Documentaries,1,0
s6859,Movie,God Bless the Broken Road,United States,2019.0,2018,PG,111 min,Children & Family Movies,1,0
s6860,Movie,God Knows Where I Am,United States,2018.0,2016,TV-PG,103 min,Documentaries,1,0
s6861,Movie,God of War,China,2017.0,2017,NR,129 min,Action & Adventure,1,0
s6862,Movie,God's Not Dead,United States,2020.0,2014,PG,113 min,Dramas,1,0
s6863,Movie,God's Not Dead: A Light in Darkness,United States,2018.0,2018,PG,106 min,Dramas,1,0
s6864,Movie,God's Own Country,United Kingdom,2018.0,2017,TV-MA,105 min,Dramas,1,0
s6865,Movie,Gol Maal,India,2019.0,1979,TV-PG,137 min,Classic Movies,1,0
s6866,Movie,Golden Time,Japan,2017.0,2013,TV-Y,22 min,International Movies,1,0
s6867,Movie,GoldenEye,United Kingdom,2019.0,1995,PG-13,130 min,Action & Adventure,1,0
s6868,Movie,Goldie,United States,2020.0,2019,TV-MA,89 min,Dramas,1,0
s6869,TV Show,Goldie & Bear,United States,,2017,TV-Y,2 Seasons,Kids' TV,0,1
s6870,Movie,Goldstone,Australia,2018.0,2016,R,110 min,Thrillers,1,0
s6871,Movie,Golmaal: Fun Unlimited,India,2019.0,2006,TV-14,148 min,Comedies,1,0
s6872,TV Show,Gomorrah,Italy,,2016,TV-MA,2 Seasons,Crime TV Shows,0,1
s6873,Movie,Gone are the Days,United States,2019.0,2018,R,100 min,Independent Movies,1,0
s6874,TV Show,Gonul,Turkey,2017.0,2015,TV-14,1 Season,International TV Shows,0,1
s6875,Movie,Good Kids,United States,2017.0,2016,R,90 min,Comedies,1,0
s6876,Movie,Good Kill,United States,2017.0,2014,R,103 min,Dramas,1,0
s6877,Movie,Good Kisser,United States,2020.0,2019,TV-MA,75 min,Comedies,1,0
s6878,Movie,Good Luck,Egypt,2019.0,2012,TV-MA,99 min,Dramas,1,0
s6879,Movie,"Good Night, and Good Luck",United States,2019.0,2005,PG,93 min,Dramas,1,0
s6880,Movie,Good People,United States,2017.0,2014,R,90 min,Action & Adventure,1,0
s6881,Movie,GoodFellas,United States,2021.0,1990,R,145 min,Classic Movies,1,0
s6882,Movie,Gook,United States,2018.0,2017,TV-MA,95 min,Dramas,1,0
s6883,Movie,Goon,United States,2017.0,2011,R,92 min,Comedies,1,0
s6884,Movie,Goosebumps 2: Haunted Halloween,United States,2019.0,2018,PG,90 min,Children & Family Movies,1,0
s6885,Movie,Gosford Park,United States,2019.0,2001,R,137 min,Comedies,1,0
s6886,TV Show,Gossip Girl,United States,,2012,TV-14,6 Seasons,TV Dramas,0,1
s6887,Movie,Gothika,United States,2021.0,2003,R,98 min,Horror Movies,1,0
s6888,Movie,Gour Hari Dastaan: The Freedom File,India,2017.0,2015,TV-14,109 min,Dramas,1,0
s6889,Movie,Gran Torino,Germany,2020.0,2008,R,117 min,Dramas,1,0
s6890,TV Show,Grand Designs,United Kingdom,2019.0,2017,TV-14,2 Seasons,British TV Shows,0,1
s6891,TV Show,Grand Hotel,Spain,,2013,TV-PG,3 Seasons,International TV Shows,0,1
s6892,Movie,Grand Masti,India,2018.0,2013,TV-MA,93 min,Comedies,1,0
s6893,Movie,Grass,United States,2019.0,2017,TV-MA,57 min,Comedies,1,0
s6894,Movie,Grease,United States,2019.0,1978,PG,110 min,Classic Movies,1,0
s6895,TV Show,Great Interior Design Challenge,United Kingdom,,2016,TV-PG,2 Seasons,British TV Shows,0,1
s6896,TV Show,Great Yellowstone Thaw,United Kingdom,2017.0,2017,TV-PG,1 Season,Docuseries,0,1
s6897,Movie,Green Room,United States,2018.0,2015,R,95 min,Horror Movies,1,0
s6898,Movie,Green White Green (And All the Beautiful Colours in My Mosaic of Madness),Nigeria,2018.0,2016,TV-MA,102 min,Comedies,1,0
s6899,Movie,Gringo: The Dangerous Life of John McAfee,United States,2018.0,2016,TV-MA,97 min,Documentaries,1,0
s6900,Movie,Growing Up Coy,United States,2017.0,2016,TV-PG,82 min,Documentaries,1,0
s6901,Movie,Gun Runners,Canada,2017.0,2015,TV-PG,90 min,Documentaries,1,0
s6902,TV Show,Gunslinger Girl,Japan,,2008,TV-14,2 Seasons,Anime Series,0,1
s6903,Movie,Guy Martin: Last Flight of the Vulcan Bomber,United Kingdom,2019.0,2015,TV-G,57 min,Documentaries,1,0
s6904,Movie,Héroes,Chile,2018.0,2015,TV-MA,91 min,Comedies,1,0
s6905,Movie,Hükümet Kadin,Turkey,2017.0,2013,TV-MA,100 min,Comedies,1,0
s6906,Movie,Hükümet Kadin 2,Turkey,2017.0,2013,TV-14,101 min,Comedies,1,0
s6908,Movie,Haapus,India,2018.0,2010,TV-14,138 min,Comedies,1,0
s6909,Movie,Hadi İnşallah,Turkey,2018.0,2014,TV-14,95 min,Comedies,1,0
s6910,Movie,Hairspray,United States,2020.0,2007,PG,116 min,Children & Family Movies,1,0
s6911,Movie,HALO Legends,United States,2017.0,2009,PG-13,117 min,Action & Adventure,1,0
s6912,Movie,Halo: The Fall of Reach,United States,2016.0,2015,TV-14,65 min,Action & Adventure,1,0
s6913,Movie,Hamara Dil Aapke Paas Hai,India,2018.0,2000,TV-14,158 min,Dramas,1,0
s6914,Movie,Hamburger Hill,United States,2019.0,1987,R,110 min,Action & Adventure,1,0
s6915,Movie,Hamza's Suitcase,Egypt,2019.0,2017,TV-14,79 min,Comedies,1,0
s6916,Movie,Hangman,United States,2020.0,2017,R,99 min,Thrillers,1,0
s6917,Movie,Hank: Five Years from the Brink,United States,2018.0,2013,TV-14,86 min,Documentaries,1,0
s6918,TV Show,Hannibal,United States,2020.0,2015,TV-MA,3 Seasons,TV Horror,0,1
s6919,Movie,Hans Zimmer: Live in Prague,United Kingdom,2018.0,2017,TV-G,138 min,International Movies,1,0
s6920,TV Show,Happy 300 Days,Taiwan,2017.0,2013,TV-14,1 Season,International TV Shows,0,1
s6921,Movie,Happy Hunting,United States,2018.0,2017,TV-MA,91 min,Horror Movies,1,0
s6922,Movie,Happy Times,Mexico,2017.0,2014,NR,79 min,Comedies,1,0
s6923,TV Show,Happy Valley,United Kingdom,,2016,TV-MA,2 Seasons,British TV Shows,0,1
s6924,TV Show,Happyish,United States,2016.0,2015,TV-MA,1 Season,TV Comedies,0,1
s6925,Movie,Hard Tide,United Kingdom,2017.0,2015,TV-MA,79 min,Dramas,1,0
s6926,Movie,Hardcore Henry,Russia,2020.0,2015,R,96 min,Action & Adventure,1,0
s6928,Movie,Harold & Kumar Escape from Guantanamo Bay,United States,2019.0,2008,R,101 min,Comedies,1,0
s6929,Movie,Harold & Kumar Go to White Castle,United States,2020.0,2004,R,88 min,Comedies,1,0
s6930,Movie,Harold and Lillian: A Hollywood Love Story,United States,2018.0,2015,TV-14,95 min,Documentaries,1,0
s6931,TV Show,Harold Shipman - Driven to Kill,United Kingdom,2019.0,2014,TV-14,1 Season,British TV Shows,0,1
s6932,Movie,Harriet the Spy: Blog Wars,United States,2018.0,2010,TV-G,87 min,Children & Family Movies,1,0
s6933,TV Show,Harry & Bunnie,Malaysia,2017.0,2017,TV-Y7,1 Season,Kids' TV,0,1
s6934,Movie,Harry and Snowman,United States,2017.0,2015,TV-PG,83 min,Documentaries,1,0
s6935,Movie,Harry Benson: Shoot First,United States,2017.0,2016,NR,90 min,Documentaries,1,0
s6936,TV Show,Hart of Dixie,United States,,2014,TV-PG,4 Seasons,TV Comedies,0,1
s6937,Movie,Haseena Maan Jaayegi,India,2018.0,1999,TV-PG,151 min,Action & Adventure,1,0
s6938,TV Show,Hati Perempuan,Indonesia,2017.0,2015,TV-14,1 Season,International TV Shows,0,1
s6939,Movie,Haunters: The Art of the Scare,United States,2018.0,2017,TV-MA,89 min,Documentaries,1,0
s6940,Movie,Haunting on Fraternity Row,United States,2019.0,2018,TV-MA,99 min,Horror Movies,1,0
s6941,Movie,Have You Seen the Listers?,Australia,2019.0,2017,TV-MA,86 min,Documentaries,1,0
s6942,TV Show,Haven,Canada,,2015,TV-14,5 Seasons,Classic & Cult TV,0,1
s6943,Movie,Havenhurst,United States,2017.0,2016,TV-MA,85 min,Horror Movies,1,0
s6944,Movie,Haywire,Ireland,2020.0,2011,R,93 min,Action & Adventure,1,0
s6945,Movie,He Named Me Malala,United States,2018.0,2015,PG-13,89 min,Documentaries,1,0
s6946,Movie,He's Out There,United States,2019.0,2018,R,89 min,Horror Movies,1,0
s6947,Movie,Head Count,United States,2019.0,2018,TV-MA,90 min,Horror Movies,1,0
s6948,Movie,Head On,Australia,2018.0,1998,TV-MA,104 min,Dramas,1,0
s6949,Movie,Heal,United States,2019.0,2017,TV-14,107 min,Documentaries,1,0
s6950,Movie,Heartbreakers,United States,2019.0,2001,PG-13,124 min,Comedies,1,0
s6951,Movie,Heartthrob,United States,2018.0,2017,TV-MA,87 min,Thrillers,1,0
s6952,TV Show,Heavy Rescue: 401,Canada,2018.0,2018,TV-MA,2 Seasons,International TV Shows,0,1
s6953,Movie,Hedgehogs,United States,2019.0,2016,PG,94 min,Children & Family Movies,1,0
s6954,TV Show,Helix,United States,2018.0,2015,TV-MA,1 Season,TV Horror,0,1
s6955,Movie,Hell and Back,United States,2018.0,2015,R,86 min,Action & Adventure,1,0
s6956,TV Show,Hell on Wheels,Canada,,2016,TV-14,5 Seasons,Crime TV Shows,0,1
s6957,Movie,Hell or High Water,United States,2019.0,2016,R,102 min,Dramas,1,0
s6958,Movie,Hellboy,United States,2018.0,2004,PG-13,122 min,Action & Adventure,1,0
s6959,Movie,Her,United States,2018.0,2013,R,126 min,Dramas,1,0
s6960,Movie,Her Only Choice,United States,2019.0,2018,TV-14,87 min,Dramas,1,0
s6961,Movie,Hera Pheri,India,2019.0,1976,TV-14,156 min,Action & Adventure,1,0
s6962,Movie,Here Alone,United States,2017.0,2016,TV-MA,97 min,Horror Movies,1,0
s6963,Movie,Hero,Hong Kong,2018.0,1997,TV-MA,89 min,Action & Adventure,1,0
s6964,TV Show,Herrens veje,Denmark,2019.0,2018,TV-MA,2 Seasons,International TV Shows,0,1
s6965,Movie,Hickok,United States,2020.0,2017,TV-MA,88 min,Action & Adventure,1,0
s6966,TV Show,Hidden Singer,South Korea,2017.0,2015,TV-Y7,1 Season,International TV Shows,0,1
s6967,Movie,Hide & Seek,India,2018.0,2010,TV-14,96 min,Horror Movies,1,0
s6968,Movie,Hide and Seek,China,2017.0,2016,TV-14,104 min,International Movies,1,0
s6969,Movie,Highly Strung,Australia,2017.0,2015,TV-14,80 min,Documentaries,1,0
s6970,TV Show,Highway Thru Hell,Canada,,2016,TV-PG,3 Seasons,Reality TV,0,1
s6971,TV Show,Highway to Heaven,United States,,1988,TV-PG,5 Seasons,TV Dramas,0,1
s6972,TV Show,Hinterland,United Kingdom,2017.0,2016,TV-14,3 Seasons,British TV Shows,0,1
s6973,Movie,Hiroshima: The Real History,United Kingdom,2017.0,2015,TV-PG,95 min,Documentaries,1,0
s6974,Movie,Hisss,India,2017.0,2010,TV-MA,97 min,Horror Movies,1,0
s6975,TV Show,Historia de un clan,Argentina,2017.0,2015,TV-MA,1 Season,Crime TV Shows,0,1
s6976,Movie,History of Joy,India,2018.0,2017,TV-14,118 min,Dramas,1,0
s6977,TV Show,History's Greatest Hoaxes,Australia,2019.0,2016,TV-PG,1 Season,British TV Shows,0,1
s6978,Movie,Hitch,United States,2020.0,2005,PG-13,118 min,Comedies,1,0
s6979,Movie,Hitler's Olympics,United Kingdom,2016.0,2016,TV-PG,44 min,Documentaries,1,0
s6980,Movie,Hitler's Steel Beast,France,2017.0,2017,TV-14,54 min,Documentaries,1,0
s6981,Movie,Ho Mann Jahaan,Pakistan,2017.0,2015,TV-PG,170 min,Dramas,1,0
s6982,TV Show,Hogie the Globehopper,United States,2017.0,2016,TV-Y,1 Season,Kids' TV,0,1
s6983,Movie,Hokkabaz,Turkey,2017.0,2006,TV-MA,118 min,Comedies,1,0
s6984,Movie,Holding the Man,Australia,2016.0,2015,TV-MA,128 min,Dramas,1,0
s6985,Movie,Holidays,United States,2016.0,2016,TV-MA,106 min,Comedies,1,0
s6986,Movie,Holy Hell,United States,2016.0,2016,NR,103 min,Documentaries,1,0
s6987,Movie,Holy Man 2,Thailand,2018.0,2008,TV-14,92 min,Comedies,1,0
s6988,Movie,Holy Man 3,Thailand,2018.0,2010,TV-MA,102 min,Comedies,1,0
s6989,Movie,Hombanna,India,2018.0,2017,TV-14,126 min,Dramas,1,0
s6991,Movie,Honey 2,United States,2019.0,2011,PG-13,111 min,Dramas,1,0
s6992,Movie,Honey: Rise Up and Dance,United States,2018.0,2018,PG-13,100 min,Dramas,1,0
s6993,Movie,Hoodwinked Too! Hood vs. Evil,United States,2018.0,2011,PG,86 min,Children & Family Movies,1,0
s6994,Movie,Hope Aur Hum,India,2018.0,2018,TV-14,95 min,Children & Family Movies,1,0
s6995,Movie,Hope Springs Eternal,United States,2018.0,2018,PG,79 min,Dramas,1,0
s6996,Movie,Hope: One in a Billion,United States,2019.0,2017,TV-14,81 min,Documentaries,1,0
s6997,TV Show,Hormones,Thailand,2018.0,2015,TV-MA,3 Seasons,International TV Shows,0,1
s6998,Movie,Horns,United States,2019.0,2013,R,120 min,Dramas,1,0
s6999,TV Show,Horror Homes,United Kingdom,2019.0,2016,TV-14,1 Season,British TV Shows,0,1
s7000,Movie,Horror Story,India,2019.0,2013,TV-14,85 min,Horror Movies,1,0
s7001,Movie,Hostage to the Devil,Ireland,2017.0,2016,TV-14,96 min,Documentaries,1,0
s7003,Movie,Hostiles,United States,2018.0,2017,R,134 min,Dramas,1,0
s7004,Movie,Hot Bot,United States,2016.0,2016,NR,93 min,Comedies,1,0
s7005,Movie,Hot Property,United Kingdom,2017.0,2016,TV-MA,82 min,Comedies,1,0
s7006,Movie,Hot Rod,United States,2019.0,2007,PG-13,88 min,Comedies,1,0
s7007,TV Show,Hotel Beau Séjour,Belgium,2017.0,2017,TV-14,1 Season,Crime TV Shows,0,1
s7008,Movie,Hotel Pacific,Poland,2019.0,1975,TV-MA,96 min,Classic Movies,1,0
s7009,Movie,Hotel Transylvania 3: Summer Vacation,United States,2019.0,2018,PG,97 min,Children & Family Movies,1,0
s7010,Movie,House at the End of the Street,United States,2020.0,2012,PG-13,101 min,Horror Movies,1,0
s7011,Movie,House of Z,United States,2018.0,2016,TV-14,88 min,Documentaries,1,0
s7012,Movie,"Houston, We Have a Problem!",Slovenia,2017.0,2016,TV-14,84 min,Comedies,1,0
s7013,Movie,How the Beatles Changed the World,United States,2018.0,2017,TV-PG,110 min,Documentaries,1,0
s7014,Movie,How the Grinch Stole Christmas,United States,2017.0,2000,PG,105 min,Children & Family Movies,1,0
s7015,Movie,How to Be a Latin Lover,Mexico,2019.0,2017,PG-13,116 min,Comedies,1,0
s7016,Movie,How to Be a Player,United States,2019.0,1997,R,94 min,Comedies,1,0
s7017,Movie,How to Change the World,Canada,2016.0,2015,NR,110 min,Documentaries,1,0
s7019,Movie,How to Make an American Quilt,United States,2018.0,1995,PG-13,116 min,Dramas,1,0
s7020,Movie,How to Win the US Presidency,United States,2016.0,2016,TV-PG,51 min,Documentaries,1,0
s7021,Movie,Hridaynath,India,2018.0,2012,TV-14,103 min,Dramas,1,0
s7022,Movie,Hulk Vs.,United States,2020.0,2009,PG-13,83 min,Action & Adventure,1,0
s7023,Movie,Hum Saath-Saath Hain,India,2018.0,1999,TV-G,176 min,Dramas,1,0
s7024,Movie,Humko Deewana Kar Gaye,India,2017.0,2006,TV-PG,149 min,International Movies,1,0
s7025,TV Show,Humsafar,Pakistan,2016.0,2011,TV-PG,1 Season,International TV Shows,0,1
s7026,Movie,Hungerford,United Kingdom,2018.0,2014,TV-MA,79 min,Horror Movies,1,0
s7027,Movie,Hunt to Kill,Canada,2020.0,2010,R,97 min,Action & Adventure,1,0
s7028,Movie,Hunter's Prayer,United States,2019.0,2015,R,91 min,Action & Adventure,1,0
s7029,TV Show,Hunters of the South Seas,United Kingdom,2019.0,2015,TV-14,1 Season,British TV Shows,0,1
s7030,TV Show,Huntik: Secrets and Seekers,United States,,2011,TV-Y7,2 Seasons,Kids' TV,0,1
s7031,Movie,Hurricane Bianca,United States,2017.0,2016,TV-MA,85 min,Comedies,1,0
s7032,Movie,Hurricane Bianca: From Russia With Hate,United States,2018.0,2018,TV-MA,85 min,Comedies,1,0
s7033,Movie,Hustle & Flow,United States,2019.0,2005,R,117 min,Dramas,1,0
s7035,Movie,Hypersomnia,Argentina,2017.0,2016,TV-MA,84 min,Horror Movies,1,0
s7036,Movie,I Am,India,2019.0,2010,TV-MA,106 min,Dramas,1,0
s7037,Movie,I Am Bolt,United Kingdom,2017.0,2016,PG,107 min,Documentaries,1,0
s7038,Movie,I Am Jane Doe,United States,2017.0,2017,TV-14,98 min,Documentaries,1,0
s7039,Movie,I Am Maris,United States,2019.0,2018,TV-14,54 min,Documentaries,1,0
s7040,TV Show,I Am Me!,Mexico,2017.0,2016,TV-14,1 Season,International TV Shows,0,1
s7041,Movie,I Am Not Madame Bovary,China,2017.0,2016,TV-14,139 min,Comedies,1,0
s7042,Movie,I Am Sun Mu,China,2017.0,2015,NR,88 min,Documentaries,1,0
s7043,Movie,I Am Vengeance,United Kingdom,2018.0,2018,R,93 min,Action & Adventure,1,0
s7044,Movie,I Am Wrath,United States,2019.0,2016,R,91 min,Action & Adventure,1,0
s7045,Movie,I Don't Know How She Does It,United States,2019.0,2011,PG-13,89 min,Comedies,1,0
s7047,Movie,I Fine... Thank You... Love You,Thailand,2018.0,2014,TV-14,116 min,Comedies,1,0
s7048,Movie,"I, Daniel Blake",United Kingdom,2019.0,2016,R,100 min,Dramas,1,0
s7049,Movie,I'll See You in My Dreams,United States,2019.0,2015,PG-13,96 min,Comedies,1,0
s7050,Movie,I'm in Love with a Church Girl,United States,2017.0,2013,PG,119 min,Dramas,1,0
s7051,TV Show,I'm Sorry,United States,2019.0,2019,TV-MA,2 Seasons,TV Comedies,0,1
s7052,Movie,Ice Guardians,Canada,2017.0,2016,TV-MA,108 min,Documentaries,1,0
s7053,Movie,Iceman,China,2018.0,2014,R,104 min,Action & Adventure,1,0
s7054,Movie,Ideachi Kalpana,India,2018.0,2010,TV-14,124 min,Comedies,1,0
s7055,TV Show,Idiotest,United States,2018.0,2014,TV-PG,1 Season,Reality TV,0,1
s7056,Movie,Igor,United States,2019.0,2008,PG,87 min,Children & Family Movies,1,0
s7057,Movie,Iliza Shlesinger: War Paint,United States,2013.0,2013,NR,75 min,Stand-Up Comedy,1,0
s7058,Movie,Imagine That,United States,2019.0,2009,PG,108 min,Children & Family Movies,1,0
s7059,Movie,Immoral Tales,France,2019.0,1974,UR,103 min,Dramas,1,0
s7060,TV Show,In Between,Taiwan,2017.0,2012,TV-14,1 Season,International TV Shows,0,1
s7061,Movie,In Search of Fellini,United States,2018.0,2017,R,103 min,Action & Adventure,1,0
s7062,Movie,In The Deep,United Kingdom,2018.0,2017,PG-13,89 min,Horror Movies,1,0
s7063,Movie,Incir Receli 2,Turkey,2017.0,2014,TV-14,103 min,Dramas,1,0
s7064,Movie,Incoming,Serbia,2018.0,2019,TV-MA,89 min,Action & Adventure,1,0
s7065,Movie,Incomplete,India,2017.0,2017,TV-MA,119 min,Dramas,1,0
s7066,Movie,Inconceivable,United Kingdom,2018.0,2017,R,106 min,Thrillers,1,0
s7067,Movie,Incorruptible,United States,2017.0,2015,TV-MA,90 min,Documentaries,1,0
s7068,Movie,Incredibles 2 (Spanish Version),United States,2019.0,2018,PG,118 min,Children & Family Movies,1,0
s7069,Movie,INDIA,India,2017.0,2014,NR,95 min,Dramas,1,0
s7070,TV Show,India: Nature's Wonderland,United Kingdom,2017.0,2015,TV-PG,1 Season,British TV Shows,0,1
s7071,Movie,Indiana Jones and the Kingdom of the Crystal Skull,United States,2019.0,2008,PG-13,123 min,Action & Adventure,1,0
s7072,Movie,Indiana Jones and the Last Crusade,United States,2019.0,1989,PG-13,127 min,Action & Adventure,1,0
s7073,Movie,Indiana Jones and the Raiders of the Lost Ark,United States,2019.0,1981,PG,116 min,Action & Adventure,1,0
s7074,Movie,Indiana Jones and the Temple of Doom,United States,2019.0,1984,PG,119 min,Action & Adventure,1,0
s7075,Movie,Indiscretion,United States,2017.0,2016,TV-MA,99 min,Dramas,1,0
s7076,Movie,Inequality for All,United States,2018.0,2013,PG,90 min,Documentaries,1,0
s7077,Movie,Influx,United Kingdom,2018.0,2016,TV-PG,90 min,Documentaries,1,0
s7078,Movie,Inglourious Basterds,Germany,2019.0,2009,R,153 min,Action & Adventure,1,0
s7079,Movie,Inkheart,Germany,2019.0,2008,PG,106 min,Action & Adventure,1,0
s7080,Movie,Insan,India,2018.0,2005,TV-14,141 min,Action & Adventure,1,0
s7081,TV Show,Inside The Freemasons,United Kingdom,2018.0,2017,TV-MA,1 Season,British TV Shows,0,1
s7082,TV Show,Inside the Mind of a Serial Killer,United States,2019.0,2015,TV-14,1 Season,Crime TV Shows,0,1
s7083,TV Show,Inside the Mossad,Israel,2019.0,2017,TV-14,1 Season,Docuseries,0,1
s7084,TV Show,Inst@famous,United Kingdom,2018.0,2018,TV-MA,1 Season,Reality TV,0,1
s7085,Movie,Instructions Not Included,Mexico,2020.0,2013,PG-13,122 min,Comedies,1,0
s7086,TV Show,Intelligence,Canada,2017.0,2007,TV-MA,2 Seasons,Crime TV Shows,0,1
s7087,Movie,Internet Famous,United States,2016.0,2016,TV-14,87 min,Comedies,1,0
s7088,Movie,Into the Forest,Canada,2018.0,2015,R,102 min,Dramas,1,0
s7089,Movie,Inuyasha the Movie - L'isola del fuoco scarlatto,Japan,2017.0,2004,TV-PG,88 min,Action & Adventure,1,0
s7090,Movie,Inuyasha the Movie - La spada del dominatore del mondo,Japan,2017.0,2003,TV-14,99 min,Action & Adventure,1,0
s7091,Movie,InuYasha: The Movie 2: The Castle Beyond the Looking Glass,Japan,2017.0,2002,TV-14,99 min,Action & Adventure,1,0
s7092,Movie,Invictus,United States,2019.0,2009,PG-13,134 min,Dramas,1,0
s7093,Movie,Invisible Essence: The Little Prince,Canada,2019.0,2018,TV-PG,91 min,Documentaries,1,0
s7094,Movie,Inxeba,South Africa,2018.0,2017,TV-MA,88 min,Dramas,1,0
s7095,Movie,Iqbal,India,2018.0,2006,TV-Y7,127 min,Dramas,1,0
s7096,Movie,Irada Pakka,India,2018.0,2010,TV-14,137 min,Comedies,1,0
s7097,Movie,Iron Cowboy: The Story of the 50.50.50,United States,2019.0,2018,TV-14,77 min,Documentaries,1,0
s7098,Movie,Iron Man & Captain America: Heroes United,United States,2014.0,2014,PG,71 min,Children & Family Movies,1,0
s7099,TV Show,Iron Man: Armored Adventures,Canada,2020.0,2011,TV-Y7,2 Seasons,Kids' TV,0,1
s7100,Movie,Ishqedarriyaan,India,2018.0,2015,TV-14,130 min,Dramas,1,0
s7101,TV Show,Islands of the Future,United Kingdom,2017.0,2014,TV-PG,1 Season,Docuseries,0,1
s7102,TV Show,마녀사냥,South Korea,2018.0,2015,TV-MA,1 Season,International TV Shows,0,1
s7103,Movie,Issaq,India,2018.0,2013,TV-MA,140 min,Dramas,1,0
s7104,Movie,It Takes Two,United States,2019.0,1995,PG,101 min,Children & Family Movies,1,0
s7106,Movie,It's Now or Never,Spain,2016.0,2015,TV-MA,91 min,Comedies,1,0
s7107,Movie,"It's Okay, Buddy",Egypt,2019.0,2017,TV-14,84 min,Comedies,1,0
s7108,Movie,Iverson,United States,2016.0,2014,NR,88 min,Documentaries,1,0
s7110,Movie,Jaan-E-Mann: Let's Fall in Love... Again,India,2019.0,2006,TV-14,163 min,Dramas,1,0
s7111,Movie,Jack and the Cuckoo-Clock Heart,France,2017.0,2013,PG,93 min,Children & Family Movies,1,0
s7112,Movie,Jack of all Trades,Canada,2019.0,2018,TV-MA,86 min,Documentaries,1,0
s7113,TV Show,Jack Taylor,United States,2013.0,2016,TV-MA,1 Season,Crime TV Shows,0,1
s7114,Movie,Jackie Brown,United States,2019.0,1997,R,154 min,Dramas,1,0
s7115,Movie,Jackpot,Vietnam,2018.0,2015,TV-14,92 min,Comedies,1,0
s7116,Movie,Jail,India,2019.0,2009,TV-14,132 min,Dramas,1,0
s7118,Movie,Jal,India,2017.0,2013,TV-14,132 min,Dramas,1,0
s7119,Movie,Jalpari: The Desert Mermaid,India,2018.0,2012,TV-14,94 min,Dramas,1,0
s7120,Movie,Janaan,Pakistan,2017.0,2016,TV-14,132 min,Comedies,1,0
s7121,TV Show,Japanese Style Originator,Japan,2017.0,2008,TV-G,1 Season,International TV Shows,0,1
s7122,Movie,Jay and Silent Bob Strike Back,United States,2019.0,2001,R,105 min,Comedies,1,0
s7123,Movie,Jealousy and medicine,Poland,2019.0,1973,TV-MA,97 min,Dramas,1,0
s7124,TV Show,Jeopardy!,United States,2020.0,2019,TV-G,2 Seasons,Reality TV,0,1
s7125,Movie,Jeremy Scott: The People's Designer,United States,2016.0,2015,PG-13,109 min,Documentaries,1,0
s7126,TV Show,Jericho,United States,2017.0,2008,TV-14,2 Seasons,Classic & Cult TV,0,1
s7127,Movie,Jersey Boys,United States,2019.0,2014,R,134 min,Dramas,1,0
s7128,Movie,Jesus: Countdown to Calvary,Ireland,2019.0,2018,TV-14,53 min,Documentaries,1,0
s7129,Movie,Jewel's Catch One,United States,2018.0,2016,TV-MA,84 min,Documentaries,1,0
s7130,TV Show,Jhansi Ki Rani,India,2017.0,2009,TV-14,1 Season,International TV Shows,0,1
s7131,Movie,Jimi Hendrix,United States,2019.0,1973,R,102 min,Documentaries,1,0
s7132,TV Show,JingleKids,Russia,2019.0,2017,TV-Y7,1 Season,Kids' TV,0,1
s7133,Movie,Jiro Dreams of Sushi,United States,2019.0,2011,PG,79 min,Documentaries,1,0
s7135,Movie,Joe Cocker: Mad Dog with Soul,United Kingdom,2017.0,2017,TV-14,90 min,Documentaries,1,0
s7136,Movie,John & Jane,India,2016.0,2005,TV-14,79 min,Documentaries,1,0
s7137,Movie,John Carter,United States,2019.0,2012,PG-13,133 min,Action & Adventure,1,0
s7138,Movie,John Day,India,2019.0,2013,TV-MA,125 min,International Movies,1,0
s7140,Movie,Jonathan,United States,2019.0,2018,TV-MA,101 min,Dramas,1,0
s7141,TV Show,Jonathan Strange & Mr Norrell,United Kingdom,2016.0,2015,TV-14,1 Season,British TV Shows,0,1
s7142,Movie,Jora 10 Numbaria,India,2018.0,2017,TV-MA,135 min,Action & Adventure,1,0
s7143,TV Show,Juana Brava,Chile,2017.0,2015,TV-MA,1 Season,International TV Shows,0,1
s7144,TV Show,Juana Inés,Mexico,2017.0,2016,TV-14,1 Season,International TV Shows,0,1
s7145,Movie,Judwaa,India,2019.0,1997,TV-14,133 min,Comedies,1,0
s7146,Movie,Judy Moody and the Not Bummer Summer,United States,2019.0,2011,PG,91 min,Children & Family Movies,1,0
s7148,Movie,Julie & Julia,United States,2021.0,2009,PG-13,123 min,Comedies,1,0
s7149,TV Show,Julius Jr.,United States,,2014,TV-Y,2 Seasons,Kids' TV,0,1
s7150,Movie,Jumping the Broom,United States,2020.0,2011,PG-13,113 min,Comedies,1,0
s7151,Movie,Junebug,United States,2019.0,2005,R,107 min,Comedies,1,0
s7152,Movie,Jupiter Ascending,United States,2019.0,2015,PG-13,128 min,Action & Adventure,1,0
s7153,Movie,Just Friends,Germany,2019.0,2005,PG-13,94 min,Comedies,1,0
s7154,Movie,"Justice, My Foot!",Hong Kong,2018.0,1992,TV-14,95 min,Action & Adventure,1,0
s7155,Movie,Justin Bieber: Never Say Never,United States,2018.0,2011,G,106 min,Documentaries,1,0
s7156,TV Show,K,Japan,2016.0,2012,TV-MA,1 Season,Anime Series,0,1
s7157,Movie,K-19: The Widowmaker,United Kingdom,2019.0,2002,PG-13,138 min,Action & Adventure,1,0
s7158,TV Show,Kaçak,Turkey,2016.0,2013,TV-14,1 Season,Crime TV Shows,0,1
s7159,Movie,Kaabil,India,2017.0,2017,TV-14,139 min,Dramas,1,0
s7160,Movie,Kaakan,India,2018.0,2015,TV-PG,132 min,Dramas,1,0
s7161,Movie,Kaalia,India,2019.0,1981,TV-14,173 min,Action & Adventure,1,0
s7162,Movie,Kaaliyan,India,2018.0,2017,TV-PG,105 min,Dramas,1,0
s7163,Movie,Kabali (Hindi Version),India,2017.0,2016,TV-MA,148 min,Action & Adventure,1,0
s7164,Movie,Kacche Dhaagey,India,2017.0,2016,TV-14,120 min,Dramas,1,0
s7165,Movie,Kahlil Gibran's The Prophet,United States,2017.0,2014,PG,85 min,Children & Family Movies,1,0
s7166,Movie,Kajraare,India,2017.0,2010,TV-14,113 min,Dramas,1,0
s7167,Movie,Kaleidoscope,United Kingdom,2018.0,2016,TV-MA,99 min,Thrillers,1,0
s7168,Movie,Kalki,India,2018.0,2017,TV-14,41 min,Dramas,1,0
s7169,Movie,Kanika,India,2018.0,2017,TV-14,110 min,Horror Movies,1,0
s7170,Movie,Karzzzz,India,2017.0,2008,TV-14,137 min,International Movies,1,0
s7171,Movie,Kate & Leopold,United States,2020.0,2001,PG-13,118 min,Comedies,1,0
s7172,Movie,Katha,India,2019.0,1982,TV-PG,140 min,Comedies,1,0
s7173,Movie,Katt Williams: Live,United States,2018.0,2006,NR,85 min,Stand-Up Comedy,1,0
s7174,Movie,Kaviyude Osyath,India,2018.0,2017,TV-14,116 min,Dramas,1,0
s7175,Movie,Kay Dyache Bola,India,2018.0,2005,TV-14,133 min,Comedies,1,0
s7176,TV Show,Ken Burns: The Civil War,United States,2017.0,1990,TV-14,1 Season,Docuseries,0,1
s7177,TV Show,Ken Burns: The Roosevelts: An Intimate History,United States,2017.0,2014,TV-PG,1 Season,Docuseries,0,1
s7178,TV Show,Ken Burns: The West,United States,2017.0,1996,TV-PG,1 Season,Docuseries,0,1
s7179,Movie,Kevin Hart: Laugh at My Pain,United States,2018.0,2011,R,89 min,Stand-Up Comedy,1,0
s7180,Movie,Kevin Hart: Let Me Explain,United States,2018.0,2013,R,75 min,Stand-Up Comedy,1,0
s7181,Movie,Kevin Hart: Seriously Funny,United States,2018.0,2010,TV-MA,67 min,Stand-Up Comedy,1,0
s7182,Movie,Kevyn Aucoin: Beauty & the Beast in Me,United States,2019.0,2017,TV-MA,90 min,Documentaries,1,0
s7183,TV Show,Khaani,Pakistan,2019.0,2017,TV-14,1 Season,Crime TV Shows,0,1
s7184,Movie,Khalnayak,India,2018.0,1993,TV-14,170 min,Action & Adventure,1,0
s7185,TV Show,Khan: No. 1 Crime Hunter,India,2018.0,2018,TV-14,1 Season,Crime TV Shows,0,1
s7186,TV Show,Khelti Hai Zindagi Aankh Micholi,India,2017.0,2013,TV-14,1 Season,International TV Shows,0,1
s7187,Movie,Khosla Ka Ghosla,India,2018.0,2006,TV-14,124 min,Comedies,1,0
s7188,TV Show,Khotey Sikkey,India,2018.0,2011,TV-14,1 Season,Crime TV Shows,0,1
s7189,Movie,Khubsoorat,India,2019.0,1980,TV-PG,120 min,Classic Movies,1,0
s7190,Movie,Khushi,India,2018.0,2003,TV-14,157 min,Comedies,1,0
s7191,Movie,Kia and Cosmos,India,2019.0,2018,TV-14,124 min,Dramas,1,0
s7192,Movie,Kickboxer: Retaliation,United States,2018.0,2017,R,110 min,Action & Adventure,1,0
s7193,Movie,Kickboxer: Vengeance,United States,2016.0,2016,TV-MA,90 min,Action & Adventure,1,0
s7194,Movie,Kicking and Screaming,United States,2019.0,1995,R,97 min,Comedies,1,0
s7195,Movie,Kid Kulafu,Philippines,2019.0,2015,TV-14,108 min,Dramas,1,0
s7196,Movie,Kidnapping Mr. Heineken,Netherlands,2017.0,2015,R,95 min,Action & Adventure,1,0
s7198,Movie,Kill Bill: Vol. 1,United States,2020.0,2003,R,111 min,Action & Adventure,1,0
s7199,Movie,Kill Bill: Vol. 2,United States,2020.0,2004,R,137 min,Action & Adventure,1,0
s7200,Movie,Kill Command,United Kingdom,2017.0,2016,TV-MA,100 min,Action & Adventure,1,0
s7201,Movie,Kill Hitler! The Luck of the Devil,France,2019.0,2015,TV-14,53 min,Documentaries,1,0
s7202,Movie,Kill Ratio,United States,2017.0,2016,TV-MA,87 min,Action & Adventure,1,0
s7203,Movie,Kill the Irishman,United States,2020.0,2011,R,106 min,Action & Adventure,1,0
s7204,Movie,Killer Klowns from Outer Space,United States,2020.0,1988,PG-13,86 min,Comedies,1,0
s7205,Movie,Killers,United States,2021.0,2010,PG-13,100 min,Action & Adventure,1,0
s7206,Movie,Kills on Wheels,Hungary,2018.0,2016,TV-MA,103 min,Action & Adventure,1,0
s7207,Movie,Kilo Two Bravo,United Kingdom,2019.0,2014,R,109 min,Dramas,1,0
s7208,Movie,King Jack,United States,2016.0,2015,NR,81 min,Dramas,1,0
s7209,Movie,King's Ransom,United States,2019.0,2005,PG-13,98 min,Action & Adventure,1,0
s7211,Movie,Kingpin,United States,2020.0,1996,PG-13,114 min,Comedies,1,0
s7212,Movie,Kings,France,2018.0,2017,R,87 min,Dramas,1,0
s7213,Movie,Kis Kisko Pyaar Karoon,India,2017.0,2015,TV-PG,132 min,Comedies,1,0
s7214,Movie,Kiss the Girls,United States,2020.0,1997,R,116 min,Thrillers,1,0
s7216,TV Show,Kitten Rescuers,United Kingdom,2019.0,2017,TV-14,1 Season,British TV Shows,0,1
s7217,Movie,KL Zombi,Malaysia,2017.0,2013,TV-14,92 min,Comedies,1,0
s7218,TV Show,Knights of Sidonia,Japan,,2015,TV-MA,2 Seasons,Anime Series,0,1
s7219,Movie,Knock Knock,United States,2020.0,2015,R,99 min,Horror Movies,1,0
s7220,Movie,Know Your Enemy - Japan,United States,2017.0,1945,TV-14,63 min,Classic Movies,1,0
s7221,Movie,Knowing,United States,2019.0,2009,PG-13,121 min,Sci-Fi & Fantasy,1,0
s7222,Movie,Koko: The Gorilla Who Talks,United Kingdom,2017.0,2016,TV-G,56 min,Documentaries,1,0
s7224,Movie,Kon-Tiki,United Kingdom,2019.0,2012,PG-13,96 min,Action & Adventure,1,0
s7225,Movie,Koshish,India,2019.0,1972,TV-14,115 min,International Movies,1,0
s7226,Movie,Kraftidioten,Norway,2017.0,2014,TV-MA,117 min,Comedies,1,0
s7231,Movie,Krish Trish and Baltiboy: Face Your Fears,India,2017.0,2017,TV-Y7,65 min,Children & Family Movies,1,0
s7235,Movie,Krisha,United States,2018.0,2015,R,81 min,Dramas,1,0
s7237,Movie,Kristy,United States,2015.0,2013,NR,85 min,Horror Movies,1,0
s7238,Movie,Krystal,United States,2019.0,2017,R,93 min,Comedies,1,0
s7239,Movie,Kuldip Patwal: I Didn't Do It!,India,2019.0,2017,TV-MA,126 min,Dramas,1,0
s7240,Movie,Kung Fu Hustle,Hong Kong,2020.0,2004,R,99 min,Action & Adventure,1,0
s7241,Movie,Kung Fu Magoo,Mexico,2018.0,2010,TV-Y7,79 min,Children & Family Movies,1,0
s7242,Movie,Kung Fu Panda: Holiday,United States,2012.0,2010,TV-PG,26 min,Children & Family Movies,1,0
s7243,Movie,Kung Fu Yoga,China,2017.0,2017,TV-PG,107 min,Action & Adventure,1,0
s7245,Movie,Kurt & Courtney,United Kingdom,2019.0,1998,R,95 min,Documentaries,1,0
s7246,TV Show,Kurt Seyit & Sura,Turkey,2016.0,2014,TV-14,1 Season,International TV Shows,0,1
s7247,Movie,Kurtulus Son Durak,Turkey,2017.0,2012,TV-MA,100 min,Comedies,1,0
s7248,Movie,Kya Kehna,India,2018.0,2000,TV-PG,149 min,Dramas,1,0
s7249,Movie,Kygo: Live at the Hollywood Bowl,United States,2018.0,2017,TV-MA,52 min,Music & Musicals,1,0
s7250,Movie,Kyun! Ho Gaya Na,India,2018.0,2004,TV-PG,165 min,International Movies,1,0
s7251,Movie,La Última Fiesta,Argentina,2017.0,2016,TV-MA,104 min,Comedies,1,0
s7252,Movie,LA 92,United States,2018.0,2017,R,114 min,Documentaries,1,0
s7253,Movie,La Bamba,United States,2020.0,1987,PG-13,109 min,Classic Movies,1,0
s7254,Movie,La Coppia dei Campioni,Italy,2017.0,2016,TV-MA,88 min,Comedies,1,0
s7255,TV Show,La Familia P. Luche,United States,,2012,TV-14,3 Seasons,International TV Shows,0,1
s7257,TV Show,La Piloto,Mexico,2018.0,2017,TV-MA,1 Season,Crime TV Shows,0,1
s7258,TV Show,La Rosa de Guadalupe,Mexico,2019.0,2010,TV-PG,1 Season,Classic & Cult TV,0,1
s7259,TV Show,La Viuda Negra,Colombia,2019.0,2016,TV-14,1 Season,Crime TV Shows,0,1
s7260,Movie,Laal Rang,India,2018.0,2016,TV-14,143 min,Dramas,1,0
s7261,Movie,Laddaland,Thailand,2018.0,2011,TV-MA,112 min,Horror Movies,1,0
s7262,Movie,Lady Bloodfight,Hong Kong,2017.0,2016,R,101 min,Action & Adventure,1,0
s7263,Movie,Lady in the Water,United States,2019.0,2006,PG-13,110 min,Sci-Fi & Fantasy,1,0
s7264,Movie,Lady-Like,United States,2019.0,2018,NC-17,83 min,Comedies,1,0
s7265,TV Show,"Lady, la vendedora de rosas",Colombia,2018.0,2015,TV-14,1 Season,International TV Shows,0,1
s7266,Movie,Lalbaug Parel: Zali Mumbai Sonyachi,India,2018.0,2010,TV-MA,145 min,Dramas,1,0
s7267,TV Show,Land Girls,United Kingdom,2017.0,2011,TV-14,3 Seasons,British TV Shows,0,1
s7268,Movie,Larceny,United States,2017.0,2017,TV-14,87 min,Action & Adventure,1,0
s7269,TV Show,Last,South Korea,2017.0,2015,TV-14,1 Season,Crime TV Shows,0,1
s7270,Movie,Last Ferry,United States,2020.0,2019,TV-MA,86 min,Dramas,1,0
s7271,Movie,Last Knights,United Kingdom,2019.0,2015,R,115 min,Action & Adventure,1,0
s7272,Movie,Last Night,United States,2019.0,2010,R,93 min,Dramas,1,0
s7273,Movie,Le K Benzema,France,2018.0,2017,TV-14,121 min,Documentaries,1,0
s7274,Movie,Le serment des Hitler,France,2019.0,2014,TV-PG,54 min,Documentaries,1,0
s7275,Movie,Leap Year,United States,2019.0,2010,PG,100 min,Comedies,1,0
s7276,Movie,LeapFrog: Letter Factory,United States,2020.0,2003,TV-Y,37 min,Children & Family Movies,1,0
s7277,Movie,LeapFrog: Numberland,United States,2020.0,2011,TV-Y,33 min,Movies,1,0
s7278,Movie,LeapFrog: Phonics Farm,United States,2020.0,2011,TV-Y,35 min,Movies,1,0
s7280,TV Show,Learning Time with Timmy,United Kingdom,2020.0,2018,TV-Y,1 Season,British TV Shows,0,1
s7281,Movie,Lechmi,India,2018.0,2017,TV-MA,147 min,Comedies,1,0
s7282,Movie,Left Behind,United States,2018.0,2014,PG-13,110 min,Action & Adventure,1,0
s7283,Movie,Legend of the Guardians: The Owls of Ga'Hoole,United States,2020.0,2010,PG,97 min,Children & Family Movies,1,0
s7284,Movie,Legend of the Naga Pearls,China,2018.0,2017,TV-MA,108 min,Action & Adventure,1,0
s7285,Movie,Legendary Weapons of China,Hong Kong,2018.0,1982,TV-14,101 min,Action & Adventure,1,0
s7286,TV Show,Legends of Strength,United States,2019.0,2017,TV-PG,1 Season,Docuseries,0,1
s7287,Movie,Legion,United States,2019.0,2010,R,100 min,Action & Adventure,1,0
s7289,TV Show,Lego Friends: Girls on a Mission,Denmark,2019.0,2018,TV-Y,1 Season,Kids' TV,0,1
s7291,Movie,LEGO Ninjago: Masters of Spinjitzu: Day of the Departed,Denmark,2019.0,2016,TV-Y7-FV,44 min,Action & Adventure,1,0
s7293,Movie,Leo the Lion,United States,2015.0,2013,TV-Y7-FV,78 min,Children & Family Movies,1,0
s7294,Movie,"Les Bleus - Une autre histoire de France, 1996-2016",France,2017.0,2016,TV-MA,103 min,Documentaries,1,0
s7295,Movie,Let There Be Light,United States,2017.0,1946,TV-PG,58 min,Classic Movies,1,0
s7296,TV Show,Leyla and Mecnun,Turkey,2017.0,2014,TV-MA,3 Seasons,International TV Shows,0,1
s7297,Movie,Lez Bomb,United States,2019.0,2018,TV-14,90 min,Comedies,1,0
s7298,TV Show,License to Drill: Louisiana,Canada,2019.0,2014,TV-PG,1 Season,Reality TV,0,1
s7299,Movie,Life After Beth,United States,2018.0,2014,R,89 min,Comedies,1,0
s7300,Movie,Life in the Doghouse,United States,2019.0,2018,TV-PG,83 min,Documentaries,1,0
s7301,TV Show,Life on Location,United States,2015.0,2009,TV-G,1 Season,British TV Shows,0,1
s7302,TV Show,Life Story,United Kingdom,2016.0,2014,TV-14,1 Season,British TV Shows,0,1
s7303,Movie,Lifechanger,Canada,2019.0,2018,TV-MA,84 min,Horror Movies,1,0
s7304,Movie,Lifeline,Hong Kong,2018.0,1997,TV-14,104 min,Action & Adventure,1,0
s7305,Movie,Like Arrows,United States,2019.0,2018,TV-PG,99 min,Dramas,1,0
s7306,Movie,Like Water for Chocolate,Mexico,2019.0,1992,R,105 min,Classic Movies,1,0
s7307,Movie,Lila & Eve,United States,2016.0,2015,R,94 min,Dramas,1,0
s7308,TV Show,Limmy's Show!,United Kingdom,,2012,TV-MA,2 Seasons,British TV Shows,0,1
s7309,Movie,Lincoln,United States,2018.0,2012,PG-13,150 min,Dramas,1,0
s7310,Movie,Lion's Heart,Egypt,2019.0,2013,TV-14,111 min,Action & Adventure,1,0
s7312,Movie,Little Dragon Maiden,Hong Kong,2018.0,1983,TV-14,92 min,Action & Adventure,1,0
s7313,TV Show,Little Lunch,Australia,2018.0,2015,,1 Season,Kids' TV,0,1
s7314,Movie,Little Lunch: The Halloween Horror Story,Australia,2018.0,2016,TV-Y7,23 min,Children & Family Movies,1,0
s7315,Movie,Little Lunch: The Nightmare Before Graduation,Australia,2018.0,2016,TV-Y7,25 min,Children & Family Movies,1,0
s7316,Movie,Little Men,United States,2017.0,2016,PG,85 min,Dramas,1,0
s7317,Movie,Little Nicky,United States,2020.0,2000,PG-13,90 min,Comedies,1,0
s7321,Movie,Little Sister,United States,2017.0,2016,NR,91 min,Comedies,1,0
s7322,TV Show,Liv and Maddie,United States,2017.0,2017,TV-G,4 Seasons,Kids' TV,0,1
s7323,Movie,Lizzie Borden Took an Ax,United States,2016.0,2014,TV-14,87 min,Thrillers,1,0
s7324,Movie,Lo and Behold: Reveries of the Connected World,United States,2016.0,2016,PG-13,98 min,Documentaries,1,0
s7325,TV Show,Lo que la verdad esconde: El caso Asunta (Operacion Nenúfar),Spain,2019.0,2017,TV-14,1 Season,Crime TV Shows,0,1
s7326,TV Show,Lo que la vida me robó,Mexico,2017.0,2013,TV-14,1 Season,Crime TV Shows,0,1
s7327,Movie,"Lock, Stock and Two Smoking Barrels",United Kingdom,2019.0,1998,R,108 min,Action & Adventure,1,0
s7328,Movie,Locke,United Kingdom,2018.0,2013,R,85 min,Dramas,1,0
s7329,Movie,Lockout,France,2020.0,2012,PG-13,95 min,Action & Adventure,1,0
s7330,Movie,Loco Love,Mexico,2017.0,2017,TV-MA,103 min,Dramas,1,0
s7331,Movie,Logan's Run,United States,2019.0,1976,PG,118 min,Action & Adventure,1,0
s7332,TV Show,LoliRock,South Korea,,2016,TV-Y,2 Seasons,Kids' TV,0,1
s7333,Movie,Lolita,United Kingdom,2019.0,1962,R,153 min,Classic Movies,1,0
s7334,TV Show,London Spy,United Kingdom,2017.0,2015,TV-MA,1 Season,British TV Shows,0,1
s7335,Movie,Long Time Running,Canada,2017.0,2017,TV-14,96 min,Documentaries,1,0
s7336,Movie,"Look Out, Officer",Hong Kong,2018.0,1990,TV-14,88 min,Action & Adventure,1,0
s7337,Movie,Look Who's Back,Germany,2016.0,2015,NR,116 min,Comedies,1,0
s7338,Movie,Lorai: Play to Live,India,2017.0,2015,TV-14,155 min,Dramas,1,0
s7341,TV Show,Los tiempos de Pablo Escobar,Colombia,2018.0,2012,TV-14,1 Season,Crime TV Shows,0,1
s7342,Movie,Losing Sight of Shore,United States,2017.0,2017,TV-14,92 min,Documentaries,1,0
s7343,TV Show,Lost Girl,Canada,,2015,TV-14,5 Seasons,TV Dramas,0,1
s7344,TV Show,Love Cuisine,Taiwan,2016.0,2015,TV-MA,1 Season,International TV Shows,0,1
s7345,Movie,Love Dot Com: The Social Experiment,United States,2020.0,2019,TV-MA,98 min,Comedies,1,0
s7346,Movie,Love In A Puff,Hong Kong,2018.0,2010,TV-MA,103 min,Comedies,1,0
s7347,Movie,Love Ni Bhavai,India,2018.0,2017,TV-14,163 min,Comedies,1,0
s7348,Movie,Love on Delivery,Hong Kong,2018.0,1994,TV-14,93 min,Action & Adventure,1,0
s7349,TV Show,Love Rain,South Korea,2018.0,2012,TV-PG,1 Season,International TV Shows,0,1
s7351,Movie,Love Shot,United States,2019.0,2018,TV-MA,77 min,Dramas,1,0
s7352,Movie,Love Station,Egypt,2019.0,2011,TV-14,97 min,Comedies,1,0
s7353,Movie,Love You... Love You Not,Indonesia,2019.0,2015,TV-14,115 min,Comedies,1,0
s7354,TV Show,Love Your Garden,United Kingdom,2019.0,2013,TV-G,1 Season,British TV Shows,0,1
s7355,Movie,"Love, Rosie",Germany,2019.0,2014,R,103 min,Comedies,1,0
s7356,Movie,LoveTrue,United States,2017.0,2016,TV-MA,82 min,Documentaries,1,0
s7357,Movie,Loving Annabelle,United States,2018.0,2006,TV-MA,77 min,Dramas,1,0
s7358,Movie,Loving You,Hong Kong,2018.0,1995,TV-14,79 min,Dramas,1,0
s7359,Movie,Lucha: Playing the Impossible,Argentina,2018.0,2016,TV-PG,98 min,Documentaries,1,0
s7360,TV Show,Lucky Days,China,2016.0,2010,TV-PG,1 Season,International TV Shows,0,1
s7361,Movie,Lucky: No Time for Love,India,2017.0,2005,TV-14,131 min,Dramas,1,0
s7362,Movie,Lupt,India,2019.0,2018,TV-14,110 min,Horror Movies,1,0
s7363,Movie,Lusers,Argentina,2016.0,2015,TV-MA,100 min,Comedies,1,0
s7364,Movie,Ma Chu Ka,India,2018.0,2017,TV-14,117 min,International Movies,1,0
s7365,Movie,Maacher Jhol,India,2018.0,2017,TV-PG,107 min,Dramas,1,0
s7366,Movie,Mac & Devin Go to High School,United States,2016.0,2012,R,76 min,Comedies,1,0
s7367,Movie,Macchli Jal Ki Rani Hai,India,2017.0,2014,TV-MA,118 min,Horror Movies,1,0
s7368,Movie,Mad Max,Australia,2020.0,1979,R,93 min,Action & Adventure,1,0
s7369,TV Show,Mad Men,United States,,2014,TV-14,7 Seasons,TV Dramas,0,1
s7370,Movie,Mad Money,United States,2019.0,2008,PG-13,99 min,Comedies,1,0
s7371,Movie,Mad Ron's Prevues from Hell,United States,2010.0,1987,NR,84 min,Cult Movies,1,0
s7372,Movie,Mad World,Hong Kong,2018.0,2016,TV-MA,102 min,Dramas,1,0
s7373,Movie,Madaari,India,2017.0,2016,TV-14,134 min,Dramas,1,0
s7374,Movie,Maddman: The Steve Madden Story,United States,2018.0,2017,TV-MA,78 min,Documentaries,1,0
s7375,Movie,Madre,Chile,2017.0,2016,TV-MA,95 min,International Movies,1,0
s7376,TV Show,Maggie & Bianca: Fashion Friends,Italy,2019.0,2017,TV-Y7,1 Season,Kids' TV,0,1
s7377,TV Show,Magi: Adventure of Sinbad,Japan,2016.0,2016,TV-14,1 Season,Anime Series,0,1
s7378,Movie,Magic Snowflake,France,2015.0,2013,TV-Y,73 min,Children & Family Movies,1,0
s7379,Movie,Magnetic,France,2020.0,2018,TV-14,110 min,Action & Adventure,1,0
s7380,Movie,Magnus,Norway,2017.0,2016,TV-PG,75 min,Children & Family Movies,1,0
s7381,Movie,Mahabharat,India,2018.0,2013,TV-14,119 min,Action & Adventure,1,0
s7382,TV Show,Maharakshak Devi,India,2017.0,2015,TV-14,1 Season,International TV Shows,0,1
s7383,TV Show,Maharakshak: Aryan,India,2017.0,2014,TV-14,1 Season,International TV Shows,0,1
s7384,TV Show,Mahi Way,India,2018.0,2010,TV-14,1 Season,International TV Shows,0,1
s7385,Movie,Mahjong Heroes,Hong Kong,2018.0,1981,TV-PG,92 min,Comedies,1,0
s7386,TV Show,Mahmut & Meryem,Turkey,2016.0,2013,TV-14,1 Season,International TV Shows,0,1
s7387,Movie,Maine Pyaar Kyun Kiya,India,2019.0,2005,TV-14,137 min,Comedies,1,0
s7388,Movie,Maine Pyar Kiya,India,2018.0,1989,TV-PG,192 min,Dramas,1,0
s7389,Movie,Mala Kahich Problem Nahi,India,2018.0,2017,TV-PG,132 min,Dramas,1,0
s7390,Movie,Malicious,United States,2019.0,2018,TV-MA,91 min,Horror Movies,1,0
s7391,Movie,Man of Tai Chi,United States,2018.0,2013,R,105 min,Action & Adventure,1,0
s7392,Movie,Man Up,United Kingdom,2018.0,2015,R,88 min,Comedies,1,0
s7394,Movie,Mandi,India,2020.0,1983,TV-MA,155 min,Dramas,1,0
s7395,Movie,Mandobasar Galpo,India,2018.0,2017,TV-14,103 min,Dramas,1,0
s7396,Movie,Manglehorn,United States,2017.0,2014,PG-13,97 min,Dramas,1,0
s7397,Movie,Mango Dreams,United States,2018.0,2016,TV-14,92 min,Dramas,1,0
s7398,Movie,Manhattan Romance,United States,2017.0,2014,TV-14,98 min,Comedies,1,0
s7399,Movie,Manolo: The Boy Who Made Shoes for Lizards,United Kingdom,2018.0,2017,TV-MA,89 min,Documentaries,1,0
s7400,Movie,Mansfield Park,United Kingdom,2020.0,1999,PG-13,112 min,Comedies,1,0
s7401,Movie,Mantostaan,India,2017.0,2017,TV-MA,75 min,Dramas,1,0
s7402,Movie,Mantra,India,2017.0,2017,TV-14,89 min,Dramas,1,0
s7403,Movie,Mara,United Kingdom,2019.0,2017,TV-MA,99 min,Horror Movies,1,0
s7404,Movie,Marauders,Canada,2020.0,2016,R,107 min,Action & Adventure,1,0
s7405,TV Show,Marching Orders,United States,2018.0,2018,TV-14,1 Season,Docuseries,0,1
s7407,TV Show,Maron,United States,,2016,TV-MA,4 Seasons,TV Comedies,0,1
s7408,Movie,Maroon,India,2017.0,2016,TV-MA,94 min,Dramas,1,0
s7409,TV Show,Married at First Sight,United States,2020.0,2019,TV-14,1 Season,Reality TV,0,1
s7410,TV Show,Mars,United States,,2018,TV-PG,2 Seasons,Docuseries,0,1
s7411,Movie,Martial Arts of Shaolin,Hong Kong,2018.0,1986,R,90 min,Action & Adventure,1,0
s7412,Movie,Martin Lawrence Live: Runteldat,United States,2019.0,2002,R,104 min,Stand-Up Comedy,1,0
s7413,Movie,Martin Luther: The Idea that Changed the World,United States,2018.0,2017,TV-PG,55 min,Documentaries,1,0
s7414,Movie,Martyrs of Marriage,India,2018.0,2016,TV-14,83 min,Documentaries,1,0
s7416,Movie,Marvel's Iron Man & Hulk: Heroes United,United States,2014.0,2013,PG,72 min,Action & Adventure,1,0
s7417,Movie,Mary and the Witch's Flower,Japan,2018.0,2017,PG,103 min,Anime Features,1,0
s7418,Movie,Mary Poppins Returns,United States,2019.0,2018,PG,131 min,Children & Family Movies,1,0
s7419,TV Show,Mary Portas: Secret Shopper,United Kingdom,2019.0,2016,TV-14,1 Season,British TV Shows,0,1
s7420,Movie,Masoom,India,2019.0,1983,TV-14,138 min,Dramas,1,0
s7421,Movie,Master,South Korea,2018.0,2016,NR,143 min,Action & Adventure,1,0
s7422,Movie,Mater,Argentina,2018.0,2017,TV-MA,80 min,Dramas,1,0
s7423,Movie,Matichya Chuli,India,2018.0,2006,TV-14,132 min,Comedies,1,0
s7424,Movie,Max Rose,United States,2017.0,2013,TV-14,84 min,Dramas,1,0
s7425,Movie,May We Chat,Hong Kong,2018.0,2014,TV-MA,99 min,Dramas,1,0
s7426,Movie,May You Prosper,Egypt,2019.0,2017,TV-14,93 min,Comedies,1,0
s7427,Movie,Maya Angelou: And Still I Rise,United States,2017.0,2016,TV-PG,114 min,Documentaries,1,0
s7428,Movie,Maynard,United States,2018.0,2017,TV-PG,100 min,Documentaries,1,0
s7429,Movie,Maza Pati Karodpati,India,2018.0,1988,TV-PG,132 min,Comedies,1,0
s7430,Movie,Me and the Alien,Mexico,2017.0,2016,TV-MA,83 min,Comedies,1,0
s7431,Movie,Mean Dreams,Canada,2019.0,2016,R,105 min,Dramas,1,0
s7432,Movie,Mean Streets,United States,2019.0,1973,R,112 min,Classic Movies,1,0
s7433,Movie,Meditation Park,Canada,2018.0,2017,TV-PG,94 min,Dramas,1,0
s7434,Movie,Medium,Poland,2019.0,1985,TV-MA,90 min,Horror Movies,1,0
s7435,Movie,Meet the Trumps: From Immigrant to President,United Kingdom,2017.0,2017,TV-14,48 min,Documentaries,1,0
s7436,TV Show,Mega Food,United Kingdom,2019.0,2013,TV-G,1 Season,British TV Shows,0,1
s7437,TV Show,MegaTruckers,Australia,2019.0,2012,TV-PG,1 Season,Reality TV,0,1
s7438,Movie,Melle,India,2018.0,2017,TV-PG,110 min,Dramas,1,0
s7440,Movie,Melvin Goes to Dinner,United States,2018.0,2003,R,84 min,Comedies,1,0
s7441,Movie,Memoir of a Murderer,South Korea,2018.0,2017,TV-MA,118 min,Dramas,1,0
s7442,Movie,Memory Games,Germany,2019.0,2018,TV-14,86 min,Documentaries,1,0
s7443,Movie,Men in Black,United States,2019.0,1997,PG-13,98 min,Action & Adventure,1,0
s7444,Movie,Men in Black II,United States,2019.0,2002,PG-13,88 min,Action & Adventure,1,0
s7445,Movie,Menorca,Canada,2017.0,2016,TV-MA,81 min,Dramas,1,0
s7446,Movie,Merantau,Indonesia,2019.0,2009,R,112 min,Action & Adventure,1,0
s7448,TV Show,Merlí,Spain,2016.0,2015,TV-MA,1 Season,International TV Shows,0,1
s7449,Movie,Merry Men: The Real Yoruba Demons,Nigeria,2019.0,2018,TV-MA,106 min,Comedies,1,0
s7450,TV Show,Mexico Diseña,United States,2017.0,2016,TV-PG,1 Season,International TV Shows,0,1
s7451,Movie,Mi Shivajiraje Bhosale Boltoy,India,2018.0,2009,TV-14,148 min,Comedies,1,0
s7452,Movie,MI-5,United Kingdom,2019.0,2015,R,105 min,Action & Adventure,1,0
s7453,Movie,Middle School: The Worst Years of My Life,United States,2019.0,2016,PG,92 min,Children & Family Movies,1,0
s7454,TV Show,Midnight Misadventures With Mallika Dua,India,2019.0,2018,TV-14,1 Season,International TV Shows,0,1
s7455,Movie,Midnight Special,United States,2020.0,2016,PG-13,112 min,Action & Adventure,1,0
s7457,Movie,Milk,United States,2017.0,2008,R,128 min,Dramas,1,0
s7458,TV Show,Mini Wolf,France,,2014,TV-G,2 Seasons,Kids' TV,0,1
s7459,Movie,Minnaminugu the FireFly,India,2018.0,2017,TV-14,128 min,Dramas,1,0
s7460,TV Show,Minute to Win It,United States,2018.0,2013,TV-PG,1 Season,Reality TV,0,1
s7461,Movie,Miracle,Canada,2018.0,2004,PG,136 min,Children & Family Movies,1,0
s7462,Movie,Mirror Mirror,United States,2020.0,2012,PG,106 min,Children & Family Movies,1,0
s7463,Movie,Mirzya,India,2017.0,2016,TV-MA,129 min,Dramas,1,0
s7464,TV Show,Miss Dynamite,Mexico,2018.0,2015,TV-14,1 Season,Crime TV Shows,0,1
s7465,Movie,Miss Hokusai,Japan,2017.0,2015,PG-13,90 min,Anime Features,1,0
s7466,Movie,Miss Julie,Norway,2015.0,2014,PG-13,130 min,Dramas,1,0
s7467,Movie,Miss Me This Christmas,United States,2017.0,2017,TV-14,85 min,Romantic Movies,1,0
s7468,Movie,Miss Representation,United States,2017.0,2011,NR,90 min,Documentaries,1,0
s7469,TV Show,Miss Rose,Taiwan,2016.0,2015,TV-MA,1 Season,International TV Shows,0,1
s7470,Movie,Miss Sharon Jones!,United States,2017.0,2015,TV-MA,94 min,Documentaries,1,0
s7471,Movie,Miss Stevens,United States,2016.0,2016,NR,86 min,Dramas,1,0
s7472,Movie,Mission Control: The Unsung Heroes of Apollo,United States,2017.0,2017,TV-14,100 min,Documentaries,1,0
s7473,Movie,Mission of Honor,United Kingdom,2019.0,2018,TV-MA,107 min,Action & Adventure,1,0
s7474,Movie,Mission: Destroy Love,Malaysia,2017.0,2014,TV-PG,93 min,Comedies,1,0
s7475,Movie,Mississippi Grind,United States,2018.0,2015,R,109 min,Dramas,1,0
s7476,Movie,Moh Maya Money,India,2017.0,2016,TV-MA,109 min,Dramas,1,0
s7477,Movie,Mohawk,United States,2018.0,2017,TV-MA,92 min,Action & Adventure,1,0
s7478,Movie,Mojave,United States,2018.0,2015,R,93 min,Dramas,1,0
s7479,Movie,Mokalik (Mechanic),Nigeria,2019.0,2019,TV-14,100 min,Dramas,1,0
s7480,Movie,Molly's Game,China,2020.0,2017,R,141 min,Dramas,1,0
s7481,TV Show,Momo Salon,South Korea,2017.0,2014,TV-14,1 Season,International TV Shows,0,1
s7482,Movie,Mona Lisa Smile,United States,2019.0,2003,PG-13,119 min,Dramas,1,0
s7483,Movie,Money,United States,2017.0,2016,R,84 min,Thrillers,1,0
s7485,Movie,Money Talks,United States,2019.0,1997,R,96 min,Action & Adventure,1,0
s7486,TV Show,Monkey Planet,United Kingdom,2017.0,2014,TV-PG,1 Season,British TV Shows,0,1
s7487,Movie,Monkey Up,Canada,2016.0,2016,PG,83 min,Children & Family Movies,1,0
s7488,Movie,Monopoly (The Bank Of Luck),Egypt,2019.0,2017,TV-MA,117 min,Comedies,1,0
s7489,Movie,Monster Family,Germany,2018.0,2017,PG,93 min,Children & Family Movies,1,0
s7490,Movie,Monster High 13 Wishes,United States,2018.0,2013,TV-Y7,73 min,Children & Family Movies,1,0
s7491,Movie,"Monster High: Boo York, Boo York",United States,2015.0,2015,TV-Y7,72 min,Children & Family Movies,1,0
s7492,Movie,Monster High: Escape from Skull Shores,United States,2018.0,2012,TV-Y7,46 min,Children & Family Movies,1,0
s7493,Movie,Monster High: Freaky Fusion,United States,2018.0,2014,TV-Y7,74 min,Children & Family Movies,1,0
s7494,Movie,Monster High: Friday Night Frights,United States,2018.0,2013,TV-Y7,46 min,Children & Family Movies,1,0
s7495,Movie,Monster High: Fright On!,United States,2018.0,2011,TV-Y7,46 min,Children & Family Movies,1,0
s7496,Movie,"Monster High: Frights, Camera, Action!",United States,2018.0,2014,TV-Y7,74 min,Children & Family Movies,1,0
s7497,Movie,Monster High: Ghouls Rule,United States,2018.0,2012,TV-Y7,71 min,Children & Family Movies,1,0
s7498,Movie,Monster High: Great Scarrier Reef,United States,2017.0,2016,TV-Y7,72 min,Children & Family Movies,1,0
s7499,Movie,Monster High: Haunted,United States,2018.0,2015,TV-Y7,76 min,Children & Family Movies,1,0
s7500,Movie,Monster High: New Ghoul at School,United States,2017.0,2010,TV-Y7,23 min,Children & Family Movies,1,0
s7501,Movie,"Monster High: Scaris, City of Frights",United States,2015.0,2013,TV-G,60 min,Children & Family Movies,1,0
s7502,Movie,Monster High: Why Do Ghouls Fall in Love?,United States,2018.0,2013,TV-Y7,46 min,Children & Family Movies,1,0
s7503,TV Show,Monster Math Squad,Canada,2020.0,2012,TV-Y,2 Seasons,Kids' TV,0,1
s7504,Movie,Monster-in-Law,United States,2020.0,2005,PG-13,101 min,Comedies,1,0
s7505,TV Show,Monty Don's French Gardens,United Kingdom,2019.0,2013,TV-G,1 Season,British TV Shows,0,1
s7506,TV Show,Monty Don's Italian Gardens,United Kingdom,2019.0,2011,TV-G,1 Season,British TV Shows,0,1
s7507,Movie,Moon,United Kingdom,2020.0,2009,R,97 min,Dramas,1,0
s7508,Movie,Moonlight,United States,2019.0,2016,R,111 min,Dramas,1,0
s7509,Movie,Moonwalkers,France,2017.0,2015,R,96 min,Action & Adventure,1,0
s7510,Movie,Moor,Pakistan,2017.0,2015,TV-14,135 min,Dramas,1,0
s7511,Movie,Morris from America,Germany,2018.0,2016,R,91 min,Dramas,1,0
s7512,Movie,Mortified Nation,United States,2018.0,2013,TV-MA,84 min,Documentaries,1,0
s7513,Movie,Morya,India,2018.0,2011,TV-14,121 min,Dramas,1,0
s7514,Movie,Motu Patlu: King of Kings,India,2017.0,2016,TV-Y7-FV,109 min,Children & Family Movies,1,0
s7515,Movie,Mountain,Australia,2018.0,2017,PG,74 min,Action & Adventure,1,0
s7516,Movie,Movie 43,United States,2019.0,2013,R,94 min,Comedies,1,0
s7517,Movie,Mr. Church,United States,2018.0,2016,PG-13,105 min,Dramas,1,0
s7518,Movie,Mr. Deeds,United States,2020.0,2002,PG-13,97 min,Comedies,1,0
s7519,Movie,Mr. Gaga: A True Story of Love and Dance,Israel,2017.0,2015,TV-14,102 min,Documentaries,1,0
s7520,Movie,Mr. Virgin,Hong Kong,2018.0,1984,TV-14,86 min,Comedies,1,0
s7521,Movie,Mr. Woodcock,United States,2019.0,2007,PG-13,88 min,Comedies,1,0
s7522,TV Show,Mr. Young,Canada,,2013,TV-G,2 Seasons,Kids' TV,0,1
s7523,Movie,Ms. Mammy,Egypt,2019.0,2012,TV-14,90 min,Comedies,1,0
s7524,Movie,Mud,United States,2021.0,2012,PG-13,131 min,Dramas,1,0
s7525,Movie,Mujhse Shaadi Karogi,India,2019.0,2004,TV-PG,158 min,Comedies,1,0
s7526,Movie,Mune: Guardian of the Moon,France,2018.0,2014,PG,85 min,Children & Family Movies,1,0
s7527,Movie,Muppets Most Wanted,United States,2020.0,2014,PG,110 min,Children & Family Movies,1,0
s7528,Movie,Murder Party,United States,2018.0,2007,NR,79 min,Comedies,1,0
s7529,TV Show,Murderous Affairs,United States,2018.0,2017,TV-MA,3 Seasons,Crime TV Shows,0,1
s7530,TV Show,Mutant Busters,Spain,,2017,TV-PG,2 Seasons,Kids' TV,0,1
s7531,Movie,Mutiny on the Bounty,United States,2019.0,1962,TV-PG,185 min,Action & Adventure,1,0
s7532,Movie,My Babysitter's a Vampire: The Movie,Canada,2018.0,2010,TV-PG,80 min,Children & Family Movies,1,0
s7533,Movie,My Brother ... Nikhil,India,2018.0,2005,TV-PG,116 min,Dramas,1,0
s7534,Movie,My Daddy is in Heaven,United States,2018.0,2017,TV-14,95 min,Dramas,1,0
s7535,Movie,My Dog is My Guide,Egypt,2019.0,2013,TV-14,99 min,Comedies,1,0
s7536,Movie,My Entire High School Sinking Into the Sea,United States,2018.0,2016,PG-13,77 min,Comedies,1,0
s7537,Movie,My Ex-Ex,Canada,2017.0,2015,TV-MA,91 min,Comedies,1,0
s7538,Movie,My Honor Was Loyalty,Italy,2017.0,2015,,115 min,Dramas,1,0
s7539,TV Show,My Hotter Half,United Kingdom,2019.0,2017,TV-PG,1 Season,British TV Shows,0,1
s7540,Movie,My Life as a Zucchini,Switzerland,2017.0,2016,PG-13,68 min,Comedies,1,0
s7542,Movie,My Little Pony Equestria Girls: Friendship Games,United States,2015.0,2015,TV-Y,72 min,Children & Family Movies,1,0
s7543,Movie,My Little Pony Equestria Girls: Rainbow Rocks,United States,2014.0,2014,TV-Y,73 min,Children & Family Movies,1,0
s7545,Movie,"My Schoolmate, the Barbarian",Hong Kong,2018.0,2001,TV-14,90 min,Action & Adventure,1,0
s7546,Movie,My Scientology Movie,United Kingdom,2017.0,2015,TV-MA,99 min,Documentaries,1,0
s7547,Movie,My Sister's Keeper,United States,2019.0,2009,PG-13,109 min,Dramas,1,0
s7548,TV Show,My Tattoo Addiction,United Kingdom,2019.0,2013,TV-MA,1 Season,British TV Shows,0,1
s7549,Movie,My True Friend,Thailand,2018.0,2012,TV-MA,108 min,Action & Adventure,1,0
s7550,Movie,My Week with Marilyn,United Kingdom,2019.0,2011,R,99 min,Dramas,1,0
s7552,TV Show,Mystery Science Theater 3000,United States,2018.0,1999,TV-14,1 Season,TV Comedies,0,1
s7553,Movie,Mythily Veendum Varunnu,India,2018.0,2017,TV-PG,88 min,Horror Movies,1,0
s7554,Movie,Nacho Libre,United States,2019.0,2006,PG,92 min,Comedies,1,0
s7555,Movie,Naga The Eternal Yogi,Italy,2017.0,2016,TV-PG,73 min,Documentaries,1,0
s7556,Movie,Nails,Ireland,2018.0,2017,TV-MA,85 min,Horror Movies,1,0
s7557,Movie,Naledi: A Baby Elephant's Tale,United States,2020.0,2016,TV-PG,91 min,Documentaries,1,0
s7558,Movie,Namak Halaal,India,2019.0,1982,TV-14,171 min,Action & Adventure,1,0
s7559,Movie,Namour,United States,2017.0,2016,NR,80 min,Dramas,1,0
s7560,Movie,Naruto Shippuden : Blood Prison,Japan,2017.0,2011,TV-14,102 min,Action & Adventure,1,0
s7561,Movie,Natalia Valdebenito: Gritona,United States,2017.0,2017,TV-MA,76 min,Stand-Up Comedy,1,0
s7562,Movie,National Bird,United States,2017.0,2016,TV-MA,92 min,Documentaries,1,0
s7564,Movie,National Parks Adventure,United States,2018.0,2016,TV-G,42 min,Documentaries,1,0
s7565,Movie,National Treasure,United States,2018.0,2004,PG,131 min,Action & Adventure,1,0
s7566,Movie,Natsamrat - Asa Nat Hone Nahi,India,2018.0,2016,TV-14,165 min,Dramas,1,0
s7567,Movie,Natural Born Pranksters,United States,2016.0,2016,R,91 min,Comedies,1,0
s7568,Movie,Natural Selection,United States,2016.0,2015,R,101 min,Dramas,1,0
s7569,TV Show,Nature: Animals With Cameras,United Kingdom,2018.0,2018,TV-PG,1 Season,Docuseries,0,1
s7570,TV Show,NATURE: Natural Born Hustlers,United States,2017.0,2016,TV-G,1 Season,Docuseries,0,1
s7571,Movie,Nature: Raising the Dinosaur Giant,United States,2017.0,2016,TV-G,53 min,Documentaries,1,0
s7572,TV Show,Nature's Great Events (2009),United States,2015.0,2009,TV-PG,1 Season,British TV Shows,0,1
s7573,TV Show,Nature's Great Events: Diaries,United States,2015.0,2009,TV-PG,1 Season,British TV Shows,0,1
s7574,TV Show,Nature's Great Race,United Kingdom,2017.0,2016,TV-PG,1 Season,British TV Shows,0,1
s7575,TV Show,Nature's Weirdest Events,United Kingdom,,2015,TV-PG,3 Seasons,British TV Shows,0,1
s7576,Movie,Nazi Concentration Camps,United States,2017.0,1945,TV-MA,59 min,Classic Movies,1,0
s7577,TV Show,Nazi Mega Weapons,United States,,2016,TV-PG,3 Seasons,Docuseries,0,1
s7578,Movie,Neruda,Chile,2017.0,2016,R,108 min,Dramas,1,0
s7579,Movie,Never Heard,United States,2019.0,2018,TV-PG,89 min,Dramas,1,0
s7580,Movie,New York Minute,United States,2020.0,2004,PG,91 min,Children & Family Movies,1,0
s7581,Movie,Newtown,United States,2017.0,2016,NR,84 min,Documentaries,1,0
s7582,Movie,Next,United States,2019.0,2007,PG-13,96 min,Action & Adventure,1,0
s7583,Movie,Nibunan,India,2018.0,2017,TV-14,124 min,Action & Adventure,1,0
s7584,Movie,Night Comes On,United States,2020.0,2018,TV-MA,87 min,Dramas,1,0
s7585,Movie,Night Moves,United States,2019.0,2013,R,113 min,Dramas,1,0
s7586,Movie,Nightcrawler,United States,2020.0,2014,R,118 min,Dramas,1,0
s7588,Movie,Nights in Rodanthe,United States,2019.0,2008,PG-13,97 min,Dramas,1,0
s7589,TV Show,Ninja Hattori,Japan,2018.0,1981,TV-Y7,1 Season,Anime Series,0,1
s7590,TV Show,Ninja Turtles: The Next Mutation,Canada,2016.0,1997,TV-G,1 Season,Kids' TV,0,1
s7591,Movie,No Entry,India,2018.0,2005,TV-PG,161 min,Comedies,1,0
s7592,Movie,No Estoy Loca,Chile,2018.0,2018,TV-MA,116 min,Comedies,1,0
s7593,Movie,No Reservations,United States,2019.0,2007,PG,104 min,Comedies,1,0
s7594,TV Show,Nobel,Norway,2016.0,2016,R,1 Season,International TV Shows,0,1
s7595,Movie,Norm of the North: Family Vacation,United States,2020.0,2020,TV-Y7,89 min,Children & Family Movies,1,0
s7596,Movie,Norm of the North: Keys to the Kingdom,India,2020.0,2019,TV-PG,92 min,Children & Family Movies,1,0
s7597,Movie,Norm of the North: King Sized Adventure,United States,2019.0,2019,TV-PG,90 min,Children & Family Movies,1,0
s7598,TV Show,North & South,United Kingdom,2017.0,2004,NR,1 Season,British TV Shows,0,1
s7599,Movie,Not Alone,United States,2018.0,2017,TV-14,50 min,Documentaries,1,0
s7600,Movie,NOVA: Bird Brain,United States,2019.0,2017,TV-G,53 min,Children & Family Movies,1,0
s7601,Movie,NOVA: Black Hole Apocalypse,United States,2019.0,2018,TV-G,113 min,Documentaries,1,0
s7602,Movie,NOVA: Building Chernobyl's MegaTomb,United States,2019.0,2017,TV-PG,53 min,Documentaries,1,0
s7603,Movie,NOVA: Chinese Chariot Revealed,United States,2019.0,2017,TV-PG,54 min,Documentaries,1,0
s7604,Movie,NOVA: Day the Dinosaurs Died,United States,2019.0,2017,TV-PG,53 min,Documentaries,1,0
s7605,Movie,NOVA: Death Dive to Saturn,United States,2019.0,2017,TV-G,54 min,Documentaries,1,0
s7606,Movie,NOVA: Decoding the Weather Machine,United States,2019.0,2018,TV-14,113 min,Documentaries,1,0
s7607,Movie,NOVA: Eclipse Over America,United States,2019.0,2017,TV-G,53 min,Documentaries,1,0
s7608,Movie,NOVA: Extreme Animal Weapons,United States,2019.0,2017,TV-PG,53 min,Documentaries,1,0
s7609,Movie,NOVA: First Face of America,United States,2019.0,2018,TV-PG,53 min,Documentaries,1,0
s7610,Movie,NOVA: Holocaust Escape Tunnel,United States,2019.0,2017,TV-14,54 min,Documentaries,1,0
s7611,Movie,NOVA: Killer Floods,United States,2019.0,2017,TV-PG,54 min,Documentaries,1,0
s7612,Movie,NOVA: Killer Hurricanes,United States,2019.0,2017,TV-PG,52 min,Documentaries,1,0
s7613,Movie,NOVA: Killer Volcanoes,United States,2019.0,2017,TV-PG,54 min,Documentaries,1,0
s7614,Movie,NOVA: Poisoned Water,United States,2019.0,2017,TV-PG,54 min,Documentaries,1,0
s7615,Movie,NOVA: Prediction by the Numbers,United States,2019.0,2018,TV-G,53 min,Documentaries,1,0
s7616,Movie,NOVA: Secrets of the Shining Knight,United States,2019.0,2017,TV-PG,53 min,Documentaries,1,0
s7617,Movie,NOVA: Thai Cave Rescue,United States,2019.0,2018,TV-PG,53 min,Documentaries,1,0
s7618,Movie,NOVA: The Impossible Flight,United States,2019.0,2018,TV-PG,113 min,Documentaries,1,0
s7619,Movie,Nova: Ultimate Mars Challenge,United States,2019.0,2012,TV-G,53 min,Movies,1,0
s7620,Movie,November Criminals,United States,2020.0,2017,PG-13,86 min,Dramas,1,0
s7621,Movie,Now and Then,United States,2019.0,1995,PG-13,102 min,Dramas,1,0
s7622,Movie,Now More Than Ever: The History of Chicago,United States,2018.0,2016,TV-MA,114 min,Documentaries,1,0
s7623,Movie,Nowhere Boy,United Kingdom,2018.0,2009,R,99 min,Dramas,1,0
s7624,TV Show,NSU German History X,Germany,2016.0,2016,TV-MA,1 Season,Crime TV Shows,0,1
s7626,Movie,Numbered,Israel,2017.0,2012,TV-PG,55 min,Documentaries,1,0
s7627,Movie,Numero Zero. The Roots of Italian Rap,Italy,2018.0,2015,TV-MA,91 min,Documentaries,1,0
s7628,TV Show,Nura: Rise of the Yokai Clan: Demon Capital,Japan,2016.0,2011,TV-MA,1 Season,Anime Series,0,1
s7629,TV Show,Nurse Jackie,United States,,2015,TV-MA,7 Seasons,TV Comedies,0,1
s7630,TV Show,Nurses Who Kill,United Kingdom,2017.0,2016,TV-14,1 Season,British TV Shows,0,1
s7631,Movie,Nymphomaniac: Volume 1,Denmark,2018.0,2013,NR,117 min,Dramas,1,0
s7632,Movie,Nymphomaniac: Volume II,Denmark,2018.0,2013,TV-MA,124 min,Dramas,1,0
s7634,Movie,Oasis: Supersonic,United Kingdom,2018.0,2016,R,122 min,Documentaries,1,0
s7635,Movie,Obvious Child,United States,2018.0,2014,R,84 min,Comedies,1,0
s7636,Movie,Océans,France,2019.0,2009,G,84 min,Documentaries,1,0
s7637,Movie,Occupation,Australia,2019.0,2018,R,120 min,Action & Adventure,1,0
s7638,Movie,Ocean's Eleven,United States,2019.0,1960,TV-PG,127 min,Action & Adventure,1,0
s7639,Movie,Ocean's Thirteen,United States,2019.0,2007,PG-13,122 min,Action & Adventure,1,0
s7640,Movie,Ocean's Twelve,United States,2019.0,2004,PG-13,125 min,Action & Adventure,1,0
s7641,TV Show,OCTB,Hong Kong,2018.0,2017,TV-14,1 Season,Crime TV Shows,0,1
s7642,Movie,Off Course,Spain,2016.0,2015,TV-MA,107 min,Comedies,1,0
s7643,Movie,Officer Downe,United States,2017.0,2016,R,91 min,Action & Adventure,1,0
s7644,Movie,Oh My Ghost 2,Thailand,2018.0,2011,TV-MA,103 min,Comedies,1,0
s7645,Movie,Oh My Ghost 3,Thailand,2018.0,2012,TV-MA,103 min,Comedies,1,0
s7647,TV Show,Oh No! It's an Alien Invasion,Canada,,2014,TV-Y7-FV,2 Seasons,Kids' TV,0,1
s7648,Movie,Oklahoma City,United States,2017.0,2017,TV-14,102 min,Documentaries,1,0
s7649,TV Show,Oliver Stone's Untold History of the United States,United States,2016.0,2013,TV-PG,1 Season,Docuseries,0,1
s7650,TV Show,Ollie & Moon,France,2018.0,2018,TV-Y,1 Season,Kids' TV,0,1
s7651,Movie,Omar and Salma 3,Egypt,2019.0,2012,TV-MA,97 min,Comedies,1,0
s7652,Movie,On the Wrong Track,Hong Kong,2018.0,1983,TV-14,89 min,Action & Adventure,1,0
s7653,Movie,On Yoga The Architecture of Peace,Brazil,2018.0,2017,TV-14,92 min,Documentaries,1,0
s7654,Movie,Onaatah,India,2018.0,2016,TV-14,107 min,Dramas,1,0
s7655,Movie,Once In A Lifetime Sessions with Moby,United States,2018.0,2018,TV-14,86 min,Documentaries,1,0
s7656,Movie,Once In A Lifetime Sessions with Nile Rodgers,United States,2018.0,2018,TV-PG,70 min,Documentaries,1,0
s7657,Movie,Once In A Lifetime Sessions with Noel Gallagher,United States,2018.0,2018,TV-MA,66 min,Documentaries,1,0
s7658,Movie,Once In A Lifetime Sessions with TLC,United States,2018.0,2018,TV-PG,72 min,Documentaries,1,0
s7659,Movie,Once Upon a Time in London,United Kingdom,2020.0,2019,TV-MA,111 min,Dramas,1,0
s7660,Movie,Once Upon a Time in the West,Italy,2019.0,1968,PG-13,166 min,Action & Adventure,1,0
s7661,Movie,One Day,Thailand,2018.0,2016,TV-PG,135 min,Dramas,1,0
s7662,Movie,One Direction: This Is Us,United States,2019.0,2013,PG,92 min,Documentaries,1,0
s7663,Movie,One Heart: The A.R. Rahman Concert Film,India,2017.0,2017,TV-G,87 min,Documentaries,1,0
s7664,Movie,One Last Thing,United States,2019.0,2018,TV-MA,92 min,Dramas,1,0
s7665,Movie,One More Shot,United States,2018.0,2017,TV-MA,89 min,Documentaries,1,0
s7666,Movie,One Night Stand,India,2017.0,2016,TV-MA,93 min,Dramas,1,0
s7667,TV Show,One Strange Rock,United States,2019.0,2018,TV-PG,1 Season,Docuseries,0,1
s7668,Movie,Only God Forgives,Denmark,2018.0,2013,R,90 min,Cult Movies,1,0
s7669,Movie,Only the Dead,Australia,2018.0,2015,TV-MA,76 min,Documentaries,1,0
s7670,Movie,Open Season,United States,2019.0,2006,PG,86 min,Children & Family Movies,1,0
s7671,Movie,Operation Chromite,South Korea,2018.0,2016,NR,111 min,Action & Adventure,1,0
s7672,TV Show,Operation Gold Rush,United Kingdom,2019.0,2016,TV-14,1 Season,British TV Shows,0,1
s7673,Movie,Operation Mekong,China,2017.0,2016,TV-MA,124 min,Action & Adventure,1,0
s7675,TV Show,Operation Ouch!,United Kingdom,2020.0,2012,TV-PG,1 Season,British TV Shows,0,1
s7676,TV Show,Operation Proposal,South Korea,2016.0,2012,TV-PG,1 Season,International TV Shows,0,1
s7677,Movie,Operation Red Sea,China,2018.0,2018,TV-MA,139 min,Action & Adventure,1,0
s7678,Movie,Operator,United States,2017.0,2016,TV-MA,91 min,Comedies,1,0
s7679,Movie,Opium and the Kung Fu Master,Hong Kong,2018.0,1984,TV-MA,86 min,Action & Adventure,1,0
s7680,TV Show,Origins Collection,United States,,2018,TV-PG,3 Seasons,Docuseries,0,1
s7681,Movie,Oru Vishsheshapetta Biryani Kissa,India,2018.0,2017,TV-14,122 min,Comedies,1,0
s7682,Movie,OtherLife,Australia,2017.0,2017,TV-MA,96 min,Dramas,1,0
s7683,Movie,Ottaal,India,2017.0,2014,TV-PG,88 min,Dramas,1,0
s7684,Movie,Our Godfather,United Kingdom,2019.0,2019,TV-MA,93 min,Documentaries,1,0
s7685,Movie,Our House,Canada,2020.0,2018,PG-13,90 min,Horror Movies,1,0
s7686,Movie,Our Shining Days,China,2018.0,2017,TV-PG,103 min,Comedies,1,0
s7687,Movie,Outlawed,United Kingdom,2019.0,2018,TV-MA,102 min,Action & Adventure,1,0
s7688,Movie,P,United Kingdom,2019.0,2006,TV-MA,105 min,Horror Movies,1,0
s7689,Movie,P Se PM Tak,India,2018.0,2015,TV-14,117 min,Comedies,1,0
s7690,TV Show,P. King Duckling,United States,2017.0,2016,TV-Y,1 Season,Kids' TV,0,1
s7691,Movie,P.S. I Love You,United States,2019.0,2007,PG-13,126 min,Dramas,1,0
s7692,Movie,Paathi,India,2018.0,2017,TV-14,89 min,Dramas,1,0
s7693,Movie,Pablo Escobar: Angel or Demon?,Venezuela,2018.0,2007,NR,82 min,Documentaries,1,0
s7694,TV Show,Pacific Heat,Australia,2016.0,2016,TV-14,1 Season,Crime TV Shows,0,1
s7695,Movie,Pahuyut Fighting Beat,Thailand,2018.0,2007,TV-MA,82 min,Action & Adventure,1,0
s7696,Movie,Paid in Full,United States,2019.0,2002,R,98 min,Action & Adventure,1,0
s7697,Movie,Paint It Black,United States,2018.0,2016,R,96 min,Dramas,1,0
s7698,Movie,Painted Faces,Hong Kong,2018.0,1988,TV-PG,108 min,Dramas,1,0
s7699,TV Show,Pajanimals,United States,2020.0,2011,TV-Y,1 Season,Kids' TV,0,1
s7700,Movie,Palio,United Kingdom,2016.0,2015,TV-14,91 min,Documentaries,1,0
s7701,Movie,Palm Trees in the Snow,Spain,2016.0,2015,TV-MA,163 min,Dramas,1,0
s7702,Movie,Panic Room,United States,2019.0,2002,R,112 min,Thrillers,1,0
s7703,Movie,Papa the Great,India,2017.0,2000,TV-PG,137 min,Comedies,1,0
s7704,Movie,Paper Year,Canada,2019.0,2018,TV-MA,89 min,Dramas,1,0
s7705,Movie,Paranormal Activity,United States,2020.0,2007,R,86 min,Horror Movies,1,0
s7706,TV Show,Paranormal Survivor,Canada,,2016,TV-14,2 Seasons,Docuseries,0,1
s7707,Movie,Pardes,India,2018.0,1997,TV-14,187 min,Dramas,1,0
s7708,Movie,Pareeth Pandaari,India,2018.0,2017,TV-PG,109 min,Dramas,1,0
s7709,Movie,Paris Is Burning,United States,2017.0,1990,R,77 min,Classic Movies,1,0
s7710,TV Show,Parks and Recreation,United States,,2015,TV-14,7 Seasons,TV Comedies,0,1
s7711,TV Show,Pasión de Gavilanes,Colombia,2017.0,2003,TV-14,1 Season,International TV Shows,0,1
s7712,Movie,Passenger 57,United States,2021.0,1992,R,84 min,Action & Adventure,1,0
s7713,Movie,Patiala House,India,2017.0,2011,TV-PG,140 min,Dramas,1,0
s7714,Movie,Patient Seventeen,United States,2018.0,2017,TV-14,68 min,Documentaries,1,0
s7715,Movie,Patriot Games,United States,2020.0,1992,R,117 min,Action & Adventure,1,0
s7716,Movie,Patron Mutlu Son Istiyor,Turkey,2017.0,2014,TV-MA,105 min,Comedies,1,0
s7717,Movie,Paul Blart: Mall Cop,United States,2020.0,2009,PG,91 min,Action & Adventure,1,0
s7718,Movie,Paulettante Veedu,India,2018.0,2016,TV-14,104 min,Dramas,1,0
s7719,TV Show,Pawn Stars,United States,2019.0,2010,TV-14,1 Season,Reality TV,0,1
s7720,Movie,Paying Guests,India,2018.0,2009,TV-14,114 min,Comedies,1,0
s7721,Movie,Pee Mak,Thailand,2018.0,2013,TV-MA,112 min,Comedies,1,0
s7722,TV Show,Pee-wee's Playhouse,United States,,1990,TV-PG,5 Seasons,Classic & Cult TV,0,1
s7723,Movie,Pee-wee's Playhouse: Christmas Special,United States,2014.0,1988,TV-PG,48 min,Movies,1,0
s7724,Movie,Pekak,Malaysia,2017.0,2016,TV-MA,95 min,Dramas,1,0
s7725,Movie,Penelope,United Kingdom,2019.0,2006,PG,89 min,Children & Family Movies,1,0
s7726,TV Show,Penny Dreadful,Ireland,2016.0,2016,TV-MA,3 Seasons,TV Dramas,0,1
s7727,Movie,People You May Know,United States,2017.0,2016,TV-MA,108 min,Dramas,1,0
s7728,Movie,Perfect Bid: The Contestant Who Knew Too Much,Canada,2019.0,2017,TV-MA,72 min,Documentaries,1,0
s7729,Movie,Perfect Stranger,United States,2019.0,2007,R,109 min,Thrillers,1,0
s7730,TV Show,Person of Interest,United States,,2016,TV-14,5 Seasons,Crime TV Shows,0,1
s7731,Movie,Personal Shopper,France,2019.0,2016,R,105 min,Dramas,1,0
s7732,Movie,Peter and the Farm,United States,2017.0,2016,TV-MA,92 min,Documentaries,1,0
s7733,Movie,Peter Rabbit,United States,2018.0,2018,PG,95 min,Children & Family Movies,1,0
s7735,Movie,Phantom Boy,France,2017.0,2015,PG,85 min,Action & Adventure,1,0
s7736,Movie,Philadelphia,United States,2019.0,1993,PG-13,126 min,Classic Movies,1,0
s7737,Movie,Phir Se,India,2018.0,2015,TV-14,118 min,International Movies,1,0
s7738,Movie,Phobia 2,Thailand,2018.0,2009,TV-MA,125 min,Horror Movies,1,0
s7739,Movie,Phone Swap,Nigeria,2019.0,2012,TV-14,112 min,Comedies,1,0
s7740,Movie,Phullu,India,2019.0,2017,TV-14,96 min,Dramas,1,0
s7741,Movie,Pick of the Litter,United States,2020.0,2018,TV-PG,81 min,Children & Family Movies,1,0
s7742,Movie,Pierre Jackson,United States,2019.0,2018,TV-MA,81 min,Romantic Movies,1,0
s7743,Movie,Pimpal,India,2018.0,2017,TV-PG,92 min,Dramas,1,0
s7744,TV Show,Pioneers of African-American Cinema,United States,2017.0,1946,TV-14,1 Season,TV Shows,0,1
s7745,Movie,Pitaah,India,2018.0,2002,TV-MA,127 min,Dramas,1,0
s7746,Movie,"Pizza, birra, faso",Argentina,2018.0,1998,TV-MA,81 min,Dramas,1,0
s7747,Movie,"Plaire, aimer et courir vite",France,2019.0,2018,TV-MA,133 min,Dramas,1,0
s7748,TV Show,Planet Earth II,United Kingdom,2017.0,2016,TV-G,1 Season,British TV Shows,0,1
s7749,TV Show,Planet Earth: The Complete Collection,United Kingdom,2015.0,2006,TV-PG,1 Season,British TV Shows,0,1
s7750,Movie,Planet Hulk,United States,2020.0,2010,TV-14,81 min,Action & Adventure,1,0
s7751,Movie,Planetarium,France,2018.0,2016,TV-MA,108 min,Dramas,1,0
s7752,Movie,Platoon,United States,2020.0,1986,R,120 min,Action & Adventure,1,0
s7753,Movie,Playing for Time,United States,2017.0,1980,TV-14,149 min,Dramas,1,0
s7754,Movie,Playing Hard,Canada,2019.0,2018,TV-MA,92 min,Documentaries,1,0
s7755,Movie,Pope Francis: A Man of His Word,Switzerland,2019.0,2018,PG,96 min,Documentaries,1,0
s7756,Movie,Popeye,United States,2019.0,1980,PG,114 min,Action & Adventure,1,0
s7757,TV Show,Portlandia,United States,2019.0,2018,TV-14,8 Seasons,TV Comedies,0,1
s7758,Movie,Porto,Portugal,2018.0,2016,TV-MA,77 min,Dramas,1,0
s7759,Movie,Postcards from London,United Kingdom,2019.0,2018,TV-MA,90 min,Dramas,1,0
s7760,TV Show,Powder,India,2018.0,2010,TV-14,1 Season,Crime TV Shows,0,1
s7762,TV Show,Power Rangers Dino Charge,United States,2015.0,2015,TV-Y7,1 Season,Kids' TV,0,1
s7764,TV Show,Power Rangers Dino Thunder,United States,2016.0,2004,TV-Y7,1 Season,Kids' TV,0,1
s7765,TV Show,Power Rangers in Space,United States,2016.0,1998,TV-Y7,1 Season,Kids' TV,0,1
s7766,TV Show,Power Rangers Jungle Fury,United States,2016.0,2008,TV-Y7,1 Season,Kids' TV,0,1
s7767,TV Show,Power Rangers Lightspeed Rescue,France,2016.0,2000,TV-Y7,1 Season,Kids' TV,0,1
s7768,TV Show,Power Rangers Lost Galaxy,United States,2016.0,1999,TV-Y7,1 Season,Kids' TV,0,1
s7769,TV Show,Power Rangers Mystic Force,United States,2016.0,2006,TV-Y7,1 Season,Kids' TV,0,1
s7770,TV Show,Power Rangers Ninja Storm,United States,2016.0,2003,TV-Y7,1 Season,Kids' TV,0,1
s7771,TV Show,Power Rangers Operation Overdrive,United States,2016.0,2007,TV-Y7,1 Season,Kids' TV,0,1
s7772,TV Show,Power Rangers RPM,United States,2016.0,2009,TV-Y7,1 Season,Kids' TV,0,1
s7773,TV Show,Power Rangers S.P.D.,United States,2016.0,2005,TV-Y7,1 Season,Kids' TV,0,1
s7774,TV Show,Power Rangers Samurai,United States,2016.0,2011,TV-Y7,1 Season,Kids' TV,0,1
s7775,Movie,"Power Rangers Samurai: Christmas Together, Friends Forever (Christmas Special)",United States,2016.0,2011,TV-Y7,24 min,Movies,1,0
s7776,Movie,Power Rangers Samurai: Clash of the Red Rangers,United States,2016.0,2011,TV-Y7,46 min,Children & Family Movies,1,0
s7777,Movie,Power Rangers Samurai: Party Monsters (Halloween Special),United States,2016.0,2011,TV-Y7,24 min,Movies,1,0
s7779,Movie,Power Rangers Super Megaforce: The Legendary Battle (Extended),United States,2016.0,2014,TV-Y7,55 min,Movies,1,0
s7781,Movie,Power Rangers Super Samurai: Stuck on Christmas,United States,2016.0,2012,TV-Y7,24 min,Children & Family Movies,1,0
s7782,Movie,Power Rangers Super Samurai: Trickster Treat,United States,2016.0,2012,TV-Y7,23 min,Movies,1,0
s7783,TV Show,Power Rangers Time Force,United States,2016.0,2001,TV-Y7,1 Season,Kids' TV,0,1
s7784,TV Show,Power Rangers Turbo,United States,2016.0,1997,TV-Y7,1 Season,Kids' TV,0,1
s7785,TV Show,Power Rangers Wild Force,United States,2016.0,2002,TV-Y7,1 Season,Kids' TV,0,1
s7786,TV Show,Power Rangers Zeo,United States,2016.0,1996,TV-Y7,1 Season,Kids' TV,0,1
s7787,TV Show,Power Rangers: Megaforce,United States,2016.0,2013,TV-Y7,1 Season,Kids' TV,0,1
s7788,Movie,Power Rangers: Megaforce: Raising Spirits,United States,2016.0,2013,TV-Y7,24 min,Children & Family Movies,1,0
s7789,Movie,Power Rangers: Megaforce: The Robo Knight Before Christmas,United States,2016.0,2013,TV-Y7,24 min,Children & Family Movies,1,0
s7790,Movie,Prague,India,2017.0,2013,TV-MA,106 min,Dramas,1,0
s7791,Movie,Prelude to War,United States,2017.0,1942,TV-14,52 min,Classic Movies,1,0
s7792,Movie,Premachi Goshta,India,2018.0,2013,TV-14,127 min,International Movies,1,0
s7793,Movie,Prescription Thugs,United States,2016.0,2015,NR,86 min,Documentaries,1,0
s7794,Movie,Primal Fear,United States,2019.0,1996,R,131 min,Dramas,1,0
s7795,Movie,Prince Charming,Hong Kong,2018.0,1984,TV-14,93 min,Comedies,1,0
s7797,Movie,Princess Cyd,United States,2018.0,2017,TV-MA,97 min,Dramas,1,0
s7798,Movie,Professor Mack,United States,2019.0,2018,TV-MA,84 min,Comedies,1,0
s7799,TV Show,Prohibition: A Film by Ken Burns and Lynn Novick,United States,2017.0,2011,TV-PG,1 Season,Crime TV Shows,0,1
s7800,Movie,Prosecuting Evil: The Extraordinary World of Ben Ferencz,Canada,2019.0,2019,TV-MA,83 min,Documentaries,1,0
s7801,TV Show,Psiconautas,Argentina,2018.0,2016,TV-MA,2 Seasons,International TV Shows,0,1
s7802,Movie,Pukar,India,2018.0,2000,TV-14,165 min,Action & Adventure,1,0
s7803,Movie,Pulp Fiction,United States,2019.0,1994,R,154 min,Classic Movies,1,0
s7804,Movie,Punjab 1984,Canada,2017.0,2014,TV-14,158 min,Dramas,1,0
s7805,Movie,Pusher,United Kingdom,2017.0,2012,R,89 min,Action & Adventure,1,0
s7806,Movie,Pyaar Ka Punchnama,India,2017.0,2011,TV-14,149 min,Comedies,1,0
s7807,TV Show,Pyaar Tune Kya Kiya,India,,2014,TV-14,3 Seasons,International TV Shows,0,1
s7808,Movie,Q Ball,United States,2020.0,2019,TV-MA,96 min,Documentaries,1,0
s7809,TV Show,Qué pena tu serie,United States,2016.0,2015,TV-MA,1 Season,International TV Shows,0,1
s7810,Movie,Quantum of Solace,United Kingdom,2020.0,2008,PG-13,106 min,Action & Adventure,1,0
s7811,TV Show,Queen of No Marriage,Taiwan,2016.0,2009,TV-MA,1 Season,International TV Shows,0,1
s7812,Movie,Queen of the Desert,United States,2019.0,2015,PG-13,128 min,Dramas,1,0
s7815,Movie,R.L. Stine's Mostly Ghostly,United States,2018.0,2008,PG,98 min,Children & Family Movies,1,0
s7817,Movie,Race to Witch Mountain,United States,2019.0,2009,PG,99 min,Children & Family Movies,1,0
s7818,Movie,Rachel Getting Married,United States,2019.0,2008,R,113 min,Dramas,1,0
s7819,Movie,Radical: the Controversial Saga of Dada Figueiredo,Brazil,2017.0,2013,TV-MA,71 min,Documentaries,1,0
s7820,Movie,Radiopetti,India,2017.0,2015,TV-PG,83 min,Dramas,1,0
s7821,Movie,Raging Bull,United States,2019.0,1980,R,129 min,Classic Movies,1,0
s7822,Movie,Rahasya,India,2018.0,2015,TV-14,117 min,Dramas,1,0
s7823,Movie,Raiders!: The Story of the Greatest Fan Film Ever Made,United States,2016.0,2015,NR,93 min,Documentaries,1,0
s7824,Movie,Railroad Tigers,China,2017.0,2016,TV-14,124 min,Action & Adventure,1,0
s7825,Movie,Raja Hindustani,India,2017.0,1996,TV-14,177 min,Dramas,1,0
s7826,Movie,Rajnigandha,India,2019.0,1974,TV-PG,104 min,Comedies,1,0
s7827,Movie,Ralph Breaks the Internet: Wreck-It Ralph 2,United States,2019.0,2018,PG,113 min,Children & Family Movies,1,0
s7828,Movie,Ram Teri Ganga Maili,India,2019.0,1985,TV-14,178 min,Classic Movies,1,0
s7829,TV Show,Ramayan,India,2018.0,2012,TV-14,1 Season,International TV Shows,0,1
s7830,Movie,Ramen Shop,Singapore,2019.0,2018,TV-PG,90 min,Dramas,1,0
s7831,Movie,Ramji Londonwaley,India,2019.0,2005,TV-14,154 min,Comedies,1,0
s7832,Movie,Rampant,South Korea,2019.0,2018,TV-MA,122 min,Action & Adventure,1,0
s7833,Movie,Ranbhool,India,2018.0,2010,TV-MA,115 min,Horror Movies,1,0
s7834,Movie,Rangreza,Pakistan,2018.0,2017,TV-14,126 min,Dramas,1,0
s7835,Movie,Rats,United States,2016.0,2016,NR,88 min,Documentaries,1,0
s7836,TV Show,Razia Sultan,India,2017.0,2015,TV-14,1 Season,International TV Shows,0,1
s7837,Movie,Reaction,Egypt,2019.0,2011,TV-14,99 min,Dramas,1,0
s7838,Movie,Ready,India,2017.0,2011,TV-PG,144 min,Comedies,1,0
s7840,Movie,Rebel Without a Cause,United States,2019.0,1955,PG-13,111 min,Classic Movies,1,0
s7841,TV Show,Rebelde,Mexico,2017.0,2004,TV-14,1 Season,International TV Shows,0,1
s7842,Movie,Recall,Canada,2019.0,2018,TV-MA,73 min,Dramas,1,0
s7843,TV Show,Rectify,United States,2017.0,2016,TV-MA,4 Seasons,Crime TV Shows,0,1
s7844,Movie,Red Christmas,Australia,2017.0,2016,TV-MA,81 min,Horror Movies,1,0
s7845,Movie,Red Dawn,United States,2019.0,1984,PG-13,114 min,Action & Adventure,1,0
s7846,Movie,Red Oleanders Raktokarobi,India,2018.0,2017,TV-14,112 min,Dramas,1,0
s7847,Movie,Red Trees,United Kingdom,2018.0,2017,TV-PG,80 min,Documentaries,1,0
s7848,TV Show,Red vs. Blue,United States,,2015,NR,13 Seasons,TV Action & Adventure,0,1
s7850,Movie,Regatta,Egypt,2019.0,2015,TV-MA,100 min,Action & Adventure,1,0
s7851,TV Show,Reggie Yates Outside Man,United Kingdom,,2017,TV-MA,2 Seasons,British TV Shows,0,1
s7852,Movie,Reincarnated,United States,2016.0,2012,R,96 min,Documentaries,1,0
s7853,Movie,Rembat,Malaysia,2017.0,2015,TV-PG,88 min,Action & Adventure,1,0
s7854,Movie,Remember,Canada,2018.0,2015,R,95 min,Action & Adventure,1,0
s7855,Movie,Remember Me,United States,2020.0,2010,PG-13,112 min,Dramas,1,0
s7856,Movie,Rememory,United Kingdom,2020.0,2017,PG-13,112 min,Dramas,1,0
s7857,TV Show,Republic of Doyle,Canada,2020.0,2014,TV-14,6 Seasons,Crime TV Shows,0,1
s7858,Movie,Resident Evil: Afterlife,Germany,2020.0,2010,R,97 min,Action & Adventure,1,0
s7859,Movie,Residente,United States,2018.0,2017,TV-MA,97 min,Documentaries,1,0
s7860,Movie,Restless Creature: Wendy Whelan,United States,2017.0,2016,TV-MA,94 min,Documentaries,1,0
s7861,Movie,Return To The 36th Chamber,Hong Kong,2018.0,1980,R,97 min,Action & Adventure,1,0
s7862,Movie,Revelations,India,2017.0,2016,NR,118 min,Dramas,1,0
s7864,Movie,Revenge of the Green Dragons,Hong Kong,2018.0,2014,R,95 min,Action & Adventure,1,0
s7865,TV Show,Revolting Rhymes,United Kingdom,2018.0,2017,TV-PG,1 Season,British TV Shows,0,1
s7866,Movie,Revolutionary Road,United States,2019.0,2008,R,120 min,Dramas,1,0
s7867,Movie,Rezeta,Mexico,2016.0,2012,NR,84 min,Dramas,1,0
s7868,TV Show,"Rica, Famosa, Latina",United States,2019.0,2016,TV-MA,4 Seasons,International TV Shows,0,1
s7869,Movie,Righteous Kill,United States,2019.0,2008,R,101 min,Dramas,1,0
s7870,Movie,Ringan,India,2018.0,2015,TV-14,103 min,Dramas,1,0
s7871,TV Show,Ripper Street,United Kingdom,2017.0,2017,TV-MA,5 Seasons,British TV Shows,0,1
s7872,Movie,Rise of the Zombie,India,2017.0,2013,TV-MA,83 min,Horror Movies,1,0
s7873,TV Show,Rishta.com,India,2018.0,2010,TV-14,1 Season,International TV Shows,0,1
s7874,Movie,Rivaaz,India,2017.0,2011,TV-MA,107 min,Dramas,1,0
s7875,Movie,Road to Sangam,India,2019.0,2010,TV-14,136 min,Dramas,1,0
s7876,Movie,Road to Yesterday,Nigeria,2016.0,2015,TV-14,96 min,Dramas,1,0
s7877,Movie,Roberto Saviano: Writing Under Police Protection,Italy,2018.0,2016,TV-14,45 min,Documentaries,1,0
s7878,Movie,Robin Hood: The Rebellion,United Kingdom,2019.0,2018,TV-14,92 min,Action & Adventure,1,0
s7879,TV Show,Robotech,United States,2016.0,1985,TV-MA,1 Season,Anime Series,0,1
s7880,Movie,Rocky,United States,2019.0,1976,PG,120 min,Action & Adventure,1,0
s7881,Movie,Rocky II,United States,2019.0,1979,PG,119 min,Dramas,1,0
s7882,Movie,Rocky III,United States,2019.0,1982,PG,100 min,Dramas,1,0
s7883,Movie,Rocky IV,United States,2019.0,1985,PG,92 min,Dramas,1,0
s7884,Movie,Rocky V,United States,2019.0,1990,PG-13,104 min,Dramas,1,0
s7885,Movie,Roger Corman's Death Race 2050,United States,2017.0,2017,R,93 min,Action & Adventure,1,0
s7886,Movie,Roh's Beauty,Egypt,2019.0,2014,TV-MA,98 min,Dramas,1,0
s7887,Movie,Roll Red Roll,United States,2019.0,2018,TV-MA,80 min,Documentaries,1,0
s7888,Movie,Rolling Papers,United States,2017.0,2015,TV-MA,79 min,Documentaries,1,0
s7889,Movie,Romeo Ranjha,India,2017.0,2014,TV-14,122 min,Action & Adventure,1,0
s7890,Movie,Room,Ireland,2018.0,2015,R,118 min,Dramas,1,0
s7891,Movie,Room for Rent,Canada,2019.0,2017,TV-MA,89 min,Comedies,1,0
s7892,Movie,Room on the Broom,United Kingdom,2019.0,2012,TV-Y7,26 min,Children & Family Movies,1,0
s7893,TV Show,Roonpi Secret Love,Thailand,2019.0,2016,TV-14,3 Seasons,International TV Shows,0,1
s7895,Movie,Rosemary's Baby,United States,2019.0,1968,R,137 min,Classic Movies,1,0
s7896,Movie,Rounders,United States,2019.0,1998,R,121 min,Dramas,1,0
s7897,TV Show,Royal Pains,United States,,2016,TV-PG,8 Seasons,TV Comedies,0,1
s7898,TV Show,Rubi,Mexico,2017.0,2004,TV-PG,1 Season,International TV Shows,0,1
s7899,Movie,Rukh,India,2018.0,2017,TV-MA,103 min,Dramas,1,0
s7900,Movie,Rumble,Mexico,2017.0,2016,TV-MA,92 min,Action & Adventure,1,0
s7901,Movie,Rumble in the Bronx,Hong Kong,2019.0,1995,R,89 min,Action & Adventure,1,0
s7902,Movie,Rumor Has It,United States,2019.0,2005,PG-13,97 min,Comedies,1,0
s7903,Movie,Run,India,2018.0,2004,TV-14,134 min,Action & Adventure,1,0
s7904,Movie,Runaway Bride,United States,2020.0,1999,PG,116 min,Comedies,1,0
s7905,Movie,Running for Grace,United States,2019.0,2018,TV-14,110 min,Dramas,1,0
s7906,Movie,Running Out Of Time,United States,2019.0,2018,TV-14,88 min,Thrillers,1,0
s7907,TV Show,Rurouni Kenshin,Japan,,1998,TV-14,3 Seasons,Anime Series,0,1
s7908,Movie,Russell Madness,United States,2015.0,2015,PG,93 min,Children & Family Movies,1,0
s7909,TV Show,Russell Peters vs. the World,United States,2013.0,2013,NR,1 Season,Docuseries,0,1
s7910,Movie,Russell Peters: Notorious,United States,2013.0,2013,NR,72 min,Stand-Up Comedy,1,0
s7911,Movie,Rustom,India,2017.0,2016,TV-14,141 min,Dramas,1,0
s7912,Movie,S Is for Stanley,Italy,2017.0,2016,TV-MA,82 min,Documentaries,1,0
s7913,Movie,S.W.A.T.,United States,2021.0,2003,PG-13,117 min,Action & Adventure,1,0
s7914,Movie,Saath Saath,India,2019.0,1982,TV-14,118 min,Dramas,1,0
s7915,Movie,Sacro GRA,Italy,2017.0,2013,TV-MA,91 min,Documentaries,1,0
s7916,Movie,Sadece Sen,Turkey,2017.0,2014,TV-MA,105 min,Dramas,1,0
s7917,Movie,Sadie's Last Days on Earth,Canada,2017.0,2016,TV-14,94 min,Comedies,1,0
s7918,Movie,Sadma,India,2019.0,1983,TV-14,137 min,Dramas,1,0
s7919,TV Show,Sadqay Tumhare,Pakistan,2016.0,2014,TV-PG,1 Season,International TV Shows,0,1
s7920,Movie,Saeed Mirza: The Leftist Sufi,India,2017.0,2016,TV-MA,61 min,Documentaries,1,0
s7921,Movie,Safety Not Guaranteed,United States,2020.0,2012,R,86 min,Comedies,1,0
s7922,Movie,Saheb Bibi Golaam,India,2017.0,2016,TV-MA,118 min,Dramas,1,0
s7923,Movie,Sairat,India,2018.0,2016,TV-14,173 min,Dramas,1,0
s7924,Movie,Sakhi,India,2018.0,2007,TV-PG,152 min,Dramas,1,0
s7925,Movie,Salem: His Sister's Father,Egypt,2019.0,2014,TV-14,99 min,Dramas,1,0
s7926,Movie,Samantaral,India,2018.0,2017,TV-MA,110 min,Dramas,1,0
s7927,Movie,Samarppanam,India,2018.0,2017,TV-PG,116 min,Dramas,1,0
s7928,Movie,Sameer Abu Alneel,Egypt,2019.0,2013,TV-14,107 min,Comedies,1,0
s7929,Movie,Samson,South Africa,2018.0,2018,PG-13,109 min,Action & Adventure,1,0
s7931,Movie,San Pietro,United States,2017.0,1945,TV-14,32 min,Classic Movies,1,0
s7932,Movie,Sanai Choughade,India,2018.0,2008,TV-14,122 min,Comedies,1,0
s7933,Movie,Sangam,India,2019.0,1964,TV-14,228 min,Classic Movies,1,0
s7934,Movie,Santa Claws,United States,2017.0,2014,TV-PG,86 min,Children & Family Movies,1,0
s7935,Movie,Santa's Apprentice,Australia,2015.0,2010,TV-G,72 min,Children & Family Movies,1,0
s7936,Movie,Sarah's Key,France,2019.0,2010,PG-13,102 min,Dramas,1,0
s7937,Movie,Sardaar ji,Canada,2017.0,2015,TV-14,140 min,Comedies,1,0
s7938,Movie,Sardaarji 2,Australia,2017.0,2016,TV-PG,145 min,Action & Adventure,1,0
s7939,Movie,Sarivar Sari,India,2018.0,2005,TV-14,126 min,Dramas,1,0
s7940,Movie,Sarvopari Palakkaran,India,2018.0,2017,TV-14,133 min,Dramas,1,0
s7941,Movie,Sat Sri Akal,India,2019.0,2008,TV-14,141 min,Dramas,1,0
s7942,Movie,Satan & Adam,United States,2019.0,2018,TV-MA,78 min,Documentaries,1,0
s7944,Movie,Satrangi Re,India,2018.0,2012,TV-14,150 min,Dramas,1,0
s7945,Movie,Satte Pe Satta,India,2019.0,1982,TV-14,153 min,Comedies,1,0
s7946,Movie,Saturday Church,United States,2020.0,2017,TV-MA,83 min,Dramas,1,0
s7947,Movie,Savage Dog,United States,2017.0,2017,TV-MA,95 min,Action & Adventure,1,0
s7948,Movie,Savage Raghda,Egypt,2019.0,2018,TV-MA,93 min,Comedies,1,0
s7949,TV Show,Save Our Shelter,United States,2018.0,2015,TV-G,1 Season,Reality TV,0,1
s7950,Movie,Saving Mr. Banks,United States,2019.0,2013,PG-13,126 min,Comedies,1,0
s7951,Movie,Saving Zoë,United States,2020.0,2019,R,95 min,Dramas,1,0
s7952,Movie,Say When,United States,2018.0,2014,R,99 min,Comedies,1,0
s7953,Movie,Scales: Mermaids Are Real,United States,2020.0,2017,PG,93 min,Children & Family Movies,1,0
s7954,TV Show,Scandal,United States,,2018,TV-14,7 Seasons,Crime TV Shows,0,1
s7955,Movie,Scandal in Sorrento,Italy,2020.0,1955,TV-PG,93 min,Classic Movies,1,0
s7956,Movie,Scary Movie,United States,2020.0,2000,R,88 min,Comedies,1,0
s7957,Movie,Scary Movie 5,United States,2020.0,2013,PG-13,88 min,Comedies,1,0
s7958,Movie,Schindler's List,United States,2018.0,1993,R,195 min,Classic Movies,1,0
s7959,Movie,School Daze,United States,2020.0,1988,R,120 min,Comedies,1,0
s7960,Movie,Scooby-Doo on Zombie Island,United States,2019.0,1998,TV-PG,77 min,Children & Family Movies,1,0
s7961,Movie,Scott Pilgrim vs. the World,United States,2018.0,2010,PG-13,112 min,Action & Adventure,1,0
s7962,Movie,Scream 2,United States,2019.0,1997,R,121 min,Horror Movies,1,0
s7963,Movie,Scream 3,United States,2019.0,2000,R,117 min,Horror Movies,1,0
s7964,Movie,Seal Team Six: The Raid on Osama Bin Laden,United States,2020.0,2012,TV-MA,90 min,Action & Adventure,1,0
s7965,Movie,Searching for Bobby Fischer,United States,2020.0,1993,PG,110 min,Children & Family Movies,1,0
s7966,Movie,Searching for Sugar Man,Sweden,2019.0,2012,PG-13,86 min,Documentaries,1,0
s7967,Movie,Season of the Witch,United States,2019.0,2011,PG-13,95 min,Action & Adventure,1,0
s7968,Movie,Secret,Hong Kong,2018.0,2007,TV-PG,101 min,Dramas,1,0
s7969,TV Show,Secret Affair,South Korea,2017.0,2014,TV-14,1 Season,International TV Shows,0,1
s7970,Movie,Secret in Their Eyes,United States,2018.0,2015,PG-13,111 min,Dramas,1,0
s7971,Movie,Secrets of Althorp - The Spencers,United States,2017.0,2013,TV-PG,54 min,Documentaries,1,0
s7972,Movie,Secrets of Chatsworth,United States,2017.0,2013,TV-PG,54 min,Documentaries,1,0
s7973,Movie,Secrets of Henry VIII's Palace: Hampton Court,United States,2017.0,2013,TV-PG,54 min,Documentaries,1,0
s7974,Movie,Secrets of Her Majesty's Secret Service,United Kingdom,2017.0,2014,TV-PG,55 min,Documentaries,1,0
s7975,Movie,Secrets of Highclere Castle,United States,2017.0,2013,TV-PG,54 min,Documentaries,1,0
s7976,Movie,Secrets of Scotland Yard,United Kingdom,2017.0,2013,TV-14,55 min,Documentaries,1,0
s7977,Movie,Secrets of Selfridges,United States,2017.0,2014,TV-PG,55 min,Documentaries,1,0
s7978,Movie,Secrets of the Tower of London,United Kingdom,2017.0,2013,TV-PG,55 min,Documentaries,1,0
s7979,Movie,Secrets of Underground London,United Kingdom,2017.0,2014,TV-PG,55 min,Documentaries,1,0
s7980,Movie,Secrets of Westminster,United States,2017.0,2014,TV-PG,55 min,Documentaries,1,0
s7981,Movie,Sen Kimsin?,Turkey,2017.0,2012,TV-14,102 min,Comedies,1,0
s7982,Movie,Senna,United Kingdom,2019.0,2010,PG-13,106 min,Documentaries,1,0
s7983,TV Show,Sensitive Skin,Canada,,2016,TV-MA,1 Season,TV Comedies,0,1
s7984,Movie,"Septiembre, un llanto en silencio",Guatemala,2018.0,2017,TV-MA,69 min,Dramas,1,0
s7985,TV Show,Servant of the People,Ukraine,2017.0,2015,TV-14,1 Season,International TV Shows,0,1
s7986,Movie,Set Up,United States,2020.0,2011,R,85 min,Action & Adventure,1,0
s7987,Movie,Sex and the City 2,United States,2021.0,2010,R,146 min,Comedies,1,0
s7988,Movie,Sex and the City: The Movie,United States,2021.0,2008,R,145 min,Comedies,1,0
s7989,Movie,Sex Doll,United Kingdom,2017.0,2016,UR,103 min,Dramas,1,0
s7990,Movie,"Sexo, Pudor y Lagrimas",Mexico,2017.0,1999,R,111 min,Comedies,1,0
s7991,Movie,SGT. Will Gardner,United States,2019.0,2019,TV-MA,125 min,Dramas,1,0
s7992,TV Show,Shadow of Truth,Israel,2017.0,2016,TV-MA,1 Season,Crime TV Shows,0,1
s7993,Movie,Shahanpan Dega Deva,India,2018.0,2011,TV-14,115 min,Comedies,1,0
s7994,TV Show,Shaka Zulu,Italy,2019.0,1986,TV-14,1 Season,TV Dramas,0,1
s7995,Movie,Shakti: The Power,India,2018.0,2002,TV-MA,168 min,Dramas,1,0
s7996,Movie,Shanghai,India,2018.0,2012,TV-14,109 min,Dramas,1,0
s7997,Movie,Shararat,India,2018.0,2002,TV-PG,148 min,Comedies,1,0
s7998,Movie,Shark Busters,Hong Kong,2018.0,2002,TV-14,92 min,Dramas,1,0
s7999,Movie,Shark Night,United States,2019.0,2011,PG-13,91 min,Horror Movies,1,0
s8000,Movie,Shaurya: It Takes Courage to Make Right... Right,India,2018.0,2008,TV-14,135 min,Dramas,1,0
s8001,Movie,She Did That,United States,2020.0,2019,TV-PG,71 min,Documentaries,1,0
s8002,Movie,Shelter,United States,2017.0,2010,R,112 min,Horror Movies,1,0
s8003,TV Show,Sherlock,United Kingdom,2017.0,2017,TV-14,4 Seasons,British TV Shows,0,1
s8004,Movie,Sherlock Holmes,United States,2021.0,2009,PG-13,128 min,Action & Adventure,1,0
s8005,Movie,Shiva,India,2019.0,1990,TV-MA,168 min,Action & Adventure,1,0
s8006,Movie,Shopkins: Chef Club,United States,2018.0,2016,TV-Y,45 min,Movies,1,0
s8007,Movie,Shopkins: Wild,Australia,2018.0,2018,TV-Y,75 min,Movies,1,0
s8008,Movie,Shopkins: World Vacation,Australia,2018.0,2017,TV-Y,71 min,Movies,1,0
s8009,Movie,Shorgul,India,2018.0,2016,TV-14,122 min,Dramas,1,0
s8010,Movie,Short Term 12,United States,2019.0,2013,R,97 min,Dramas,1,0
s8011,Movie,Shorts,United States,2019.0,2009,PG,89 min,Children & Family Movies,1,0
s8012,Movie,SHOT! The Psycho-Spiritual Mantra of Rock,United Kingdom,2017.0,2016,TV-MA,98 min,Documentaries,1,0
s8013,Movie,Shuddhi,India,2018.0,2017,TV-14,115 min,Dramas,1,0
s8014,Movie,Shutter,Thailand,2018.0,2004,TV-MA,96 min,Horror Movies,1,0
s8015,Movie,Sicilian Ghost Story,Italy,2019.0,2017,TV-MA,119 min,Dramas,1,0
s8016,TV Show,Sid the Science Kid,United States,2020.0,2008,TV-Y,1 Season,Kids' TV,0,1
s8017,Movie,Siddhant,India,2018.0,2014,TV-G,105 min,Dramas,1,0
s8018,Movie,Silencer,United States,2018.0,2018,TV-MA,88 min,Action & Adventure,1,0
s8019,Movie,Silent Hill: Revelation,Canada,2019.0,2012,R,94 min,Horror Movies,1,0
s8020,Movie,Silicon Cowboys,United States,2017.0,2016,TV-PG,77 min,Documentaries,1,0
s8021,TV Show,Silver Spoon,Russia,2017.0,2015,TV-MA,2 Seasons,Crime TV Shows,0,1
s8022,TV Show,Sin senos no hay paraíso,Colombia,2017.0,2008,TV-14,1 Season,International TV Shows,0,1
s8023,TV Show,Sin Senos sí Hay Paraíso,United States,,2018,TV-MA,3 Seasons,International TV Shows,0,1
s8024,Movie,Singh Saab the Great,India,2017.0,2013,TV-14,143 min,Action & Adventure,1,0
s8025,Movie,Single,Indonesia,2018.0,2015,TV-PG,127 min,Comedies,1,0
s8026,Movie,Singularity,Switzerland,2018.0,2017,PG-13,92 min,Action & Adventure,1,0
s8027,Movie,Sinister Circle,Peru,2019.0,2017,TV-MA,87 min,Horror Movies,1,0
s8028,Movie,Siren,United States,2020.0,2016,TV-MA,83 min,Horror Movies,1,0
s8029,Movie,Sister Code,United States,2016.0,2015,R,95 min,Comedies,1,0
s8030,Movie,Skin Trade,Thailand,2018.0,2014,R,96 min,Action & Adventure,1,0
s8031,TV Show,Skin Wars,United States,2016.0,2016,TV-14,3 Seasons,Reality TV,0,1
s8032,TV Show,Skin Wars: Fresh Paint,United States,2018.0,2016,TV-14,1 Season,Reality TV,0,1
s8033,Movie,Skiptrace,China,2019.0,2016,PG-13,107 min,Action & Adventure,1,0
s8034,Movie,Sky on Fire,China,2017.0,2016,TV-MA,100 min,Action & Adventure,1,0
s8035,Movie,Skydancers,United States,2018.0,2014,TV-G,49 min,Documentaries,1,0
s8036,Movie,Skyline,United States,2019.0,2010,PG-13,94 min,Action & Adventure,1,0
s8037,Movie,Sleeping with Other People,United States,2017.0,2015,R,101 min,Comedies,1,0
s8038,Movie,Sleepover,United States,2020.0,2004,PG,89 min,Comedies,1,0
s8039,Movie,Sling Blade,United States,2019.0,1996,R,135 min,Dramas,1,0
s8040,Movie,Sliver,United States,2020.0,1993,R,107 min,Thrillers,1,0
s8041,TV Show,Slobby's World,United States,2018.0,2018,TV-MA,1 Season,Reality TV,0,1
s8042,Movie,Slow West,United Kingdom,2018.0,2015,R,84 min,Action & Adventure,1,0
s8043,Movie,Small Soldiers,United States,2019.0,1998,PG-13,110 min,Action & Adventure,1,0
s8044,Movie,Smart People,United States,2019.0,2008,R,95 min,Comedies,1,0
s8045,Movie,Smash: Motorized Mayhem,United States,2017.0,2017,TV-MA,66 min,Documentaries,1,0
s8046,Movie,SMOSH: The Movie,United States,2015.0,2015,PG-13,83 min,Comedies,1,0
s8047,Movie,Sniper: Special Ops,United States,2020.0,2016,R,86 min,Action & Adventure,1,0
s8048,Movie,Socha Na Tha,India,2018.0,2005,TV-14,137 min,Comedies,1,0
s8049,Movie,Social Animals,United States,2019.0,2018,TV-MA,87 min,Documentaries,1,0
s8050,Movie,Soekarno,Indonesia,2019.0,2013,TV-MA,142 min,Dramas,1,0
s8051,Movie,Solo Con Tu Pareja,Mexico,2018.0,1991,NR,94 min,Comedies,1,0
s8052,Movie,Solo: A Star Wars Story,United States,2019.0,2018,PG-13,135 min,Action & Adventure,1,0
s8053,Movie,Solo: A Star Wars Story (Spanish Version),United States,2019.0,2018,PG-13,135 min,Action & Adventure,1,0
s8054,Movie,Solomon Kane,Czech Republic,2018.0,2009,R,104 min,Action & Adventure,1,0
s8055,Movie,Some Freaks,United States,2017.0,2017,TV-MA,97 min,Dramas,1,0
s8056,Movie,Something's Gotta Give,United States,2019.0,2003,PG-13,128 min,Comedies,1,0
s8057,Movie,Son of a Gun,Australia,2018.0,2014,R,109 min,Action & Adventure,1,0
s8058,Movie,Sons of Ben,United States,2016.0,2016,NR,73 min,Documentaries,1,0
s8059,TV Show,Sotus The Series,Thailand,2019.0,2016,TV-MA,1 Season,International TV Shows,0,1
s8060,Movie,Soul Surfer,United States,2020.0,2011,PG,106 min,Dramas,1,0
s8061,Movie,Soul to Keep,United States,2019.0,2019,TV-MA,94 min,Horror Movies,1,0
s8062,Movie,Sour Grapes,United Kingdom,2016.0,2016,NR,85 min,Documentaries,1,0
s8063,TV Show,Space Racers,United States,2020.0,2014,TV-Y,1 Season,Kids' TV,0,1
s8064,Movie,Sparkle,United States,2019.0,1976,PG,98 min,Dramas,1,0
s8065,TV Show,Spartacus,United States,,2013,TV-MA,4 Seasons,TV Action & Adventure,0,1
s8066,Movie,Speech & Debate,United States,2017.0,2017,PG-13,96 min,Comedies,1,0
s8067,Movie,Speed Is My Need,United Kingdom,2020.0,2019,TV-14,75 min,Documentaries,1,0
s8068,Movie,Spider-Man 3,United States,2019.0,2007,PG-13,139 min,Action & Adventure,1,0
s8069,Movie,Spider-Man: Into the Spider-Verse,United States,2019.0,2018,PG,117 min,Action & Adventure,1,0
s8070,Movie,Spitfire: The Plane that Saved the World,United Kingdom,2019.0,2018,TV-14,95 min,Documentaries,1,0
s8071,TV Show,Splash and Bubbles,United States,,2018,TV-Y,2 Seasons,Kids' TV,0,1
s8072,Movie,Spotlight,United States,2020.0,2015,R,129 min,Dramas,1,0
s8073,Movie,Spring Breakers,United States,2021.0,2012,R,94 min,Comedies,1,0
s8074,Movie,Sprinter,Jamaica,2020.0,2018,TV-MA,112 min,Dramas,1,0
s8075,Movie,Spy Kids,United States,2019.0,2001,PG,88 min,Children & Family Movies,1,0
s8076,Movie,Spy Kids 2: The Island of Lost Dreams,United States,2019.0,2002,PG,100 min,Children & Family Movies,1,0
s8077,Movie,Spy Kids 3: Game Over,United States,2019.0,2003,PG,83 min,Children & Family Movies,1,0
s8078,Movie,Spy Time,Spain,2016.0,2015,TV-MA,93 min,Action & Adventure,1,0
s8079,Movie,St. Agatha,United States,2019.0,2018,TV-MA,103 min,Horror Movies,1,0
s8080,Movie,Staged Killer,United States,2019.0,2019,TV-14,88 min,Thrillers,1,0
s8081,Movie,Standoff,Canada,2018.0,2015,R,86 min,Action & Adventure,1,0
s8082,Movie,Star Men,Canada,2017.0,2015,TV-14,88 min,Documentaries,1,0
s8083,Movie,Star Wars: Episode VIII: The Last Jedi,United States,2018.0,2017,PG-13,152 min,Action & Adventure,1,0
s8084,TV Show,Star-Crossed,United States,2015.0,2014,TV-14,1 Season,Romantic TV Shows,0,1
s8085,Movie,Starred Up,United Kingdom,2019.0,2013,TV-MA,106 min,Dramas,1,0
s8086,TV Show,Station Horizon,Switzerland,2016.0,2015,TV-MA,1 Season,International TV Shows,0,1
s8087,Movie,Stealing History,United States,2016.0,2006,TV-PG,52 min,Documentaries,1,0
s8088,Movie,Step Brothers,United States,2019.0,2008,R,98 min,Comedies,1,0
s8089,Movie,Step Outside,Egypt,2019.0,2018,TV-14,89 min,Comedies,1,0
s8090,Movie,Stephanie,United States,2018.0,2017,R,86 min,Horror Movies,1,0
s8091,Movie,Sthaniya Sambaad,India,2018.0,2010,TV-14,106 min,Dramas,1,0
s8092,Movie,Still,Thailand,2018.0,2010,TV-MA,100 min,Horror Movies,1,0
s8093,Movie,Stink!,United States,2018.0,2015,TV-PG,91 min,Documentaries,1,0
s8094,TV Show,Stoked,United States,2017.0,2010,TV-PG,1 Season,Kids' TV,0,1
s8095,TV Show,Stone Age,South Korea,2019.0,2017,TV-Y7,1 Season,Kids' TV,0,1
s8096,Movie,Stonehearst Asylum,United States,2017.0,2014,PG-13,113 min,Horror Movies,1,0
s8097,Movie,Stop at Nothing: The Lance Armstrong Story,Australia,2015.0,2014,NR,100 min,Documentaries,1,0
s8098,TV Show,Storage Wars: Northern Treasures,United States,2019.0,2015,TV-MA,1 Season,International TV Shows,0,1
s8099,Movie,Story of an Egg,India,2017.0,2017,TV-PG,132 min,Comedies,1,0
s8100,Movie,Straight Up,United States,2020.0,2020,TV-MA,96 min,Comedies,1,0
s8101,Movie,Strange but True,Canada,2020.0,2019,PG-13,96 min,Dramas,1,0
s8102,Movie,Stranger than Fiction,United States,2020.0,2006,PG-13,113 min,Comedies,1,0
s8103,TV Show,Strawberry Shortcake: Berry Bitty Adventures,France,2016.0,2015,TV-Y,1 Season,Kids' TV,0,1
s8104,Movie,Strictly Ballroom,Australia,2020.0,1992,PG,95 min,Classic Movies,1,0
s8105,Movie,Strike a Pose,Netherlands,2017.0,2016,TV-MA,85 min,Documentaries,1,0
s8106,Movie,Stripes,United States,2019.0,1981,R,106 min,Classic Movies,1,0
s8107,Movie,Striptease,United States,2021.0,1996,R,117 min,Comedies,1,0
s8108,TV Show,Strong Girl Bong-soon,South Korea,2019.0,2017,TV-14,1 Season,Crime TV Shows,0,1
s8109,Movie,Stronger Than the World,Brazil,2017.0,2016,NR,123 min,Action & Adventure,1,0
s8111,Movie,Stuart Little 2,United States,2020.0,2002,PG,78 min,Children & Family Movies,1,0
s8112,Movie,Submission,United States,2019.0,2019,TV-MA,95 min,Action & Adventure,1,0
s8113,Movie,Suburra,Italy,2015.0,2015,NR,135 min,Dramas,1,0
s8114,Movie,Suckseed,Thailand,2018.0,2011,TV-MA,130 min,Comedies,1,0
s8115,Movie,Sudani from Nigeria,India,2018.0,2018,TV-14,115 min,Comedies,1,0
s8116,Movie,Suicide (Hitabdut),Israel,2016.0,2014,TV-MA,114 min,International Movies,1,0
s8117,Movie,Suite Française,United Kingdom,2017.0,2014,TV-MA,107 min,Dramas,1,0
s8118,TV Show,Suits,South Korea,2019.0,2018,TV-MA,1 Season,International TV Shows,0,1
s8119,Movie,Summer Night,United States,2020.0,2019,TV-MA,93 min,Comedies,1,0
s8120,Movie,Summer of '92,Denmark,2016.0,2015,TV-MA,94 min,Dramas,1,0
s8121,Movie,Sunrise,India,2017.0,2014,TV-MA,85 min,Dramas,1,0
s8122,TV Show,Super Bheem,India,2019.0,2019,TV-Y,1 Season,Kids' TV,0,1
s8123,Movie,Super Bheem Bana Vajraveer,India,2019.0,2018,TV-Y7,63 min,Children & Family Movies,1,0
s8124,Movie,Super Dark Times,United States,2018.0,2017,TV-MA,104 min,Dramas,1,0
s8125,Movie,Super Nani,India,2018.0,2014,TV-PG,127 min,Comedies,1,0
s8126,TV Show,Super Wings,United States,2020.0,2020,TV-Y,3 Seasons,Kids' TV,0,1
s8127,Movie,Superbad,United States,2021.0,2007,R,113 min,Comedies,1,0
s8128,Movie,Superfly,United States,2019.0,1972,R,91 min,Action & Adventure,1,0
s8129,Movie,Superman Returns,United States,2019.0,2006,PG-13,154 min,Action & Adventure,1,0
s8130,TV Show,SuperNature: Wild Flyers,United Kingdom,2017.0,2016,TV-PG,1 Season,British TV Shows,0,1
s8131,Movie,Superstar,United States,2019.0,1999,PG-13,82 min,Comedies,1,0
s8132,Movie,Surat Dari Praha,Indonesia,2018.0,2016,TV-14,98 min,Dramas,1,0
s8133,TV Show,Surviving R. Kelly Part II: The Reckoning,United States,2020.0,2020,TV-MA,1 Season,Crime TV Shows,0,1
s8134,Movie,Survivors Guide to Prison,United States,2018.0,2017,TV-MA,103 min,Documentaries,1,0
s8135,Movie,Susanne Bartsch: On Top,United States,2018.0,2017,TV-MA,86 min,Documentaries,1,0
s8136,Movie,Sustainable,United States,2017.0,2016,TV-G,92 min,Documentaries,1,0
s8137,Movie,Swami,India,2019.0,1977,TV-PG,123 min,Dramas,1,0
s8139,Movie,Sweeney Todd: The Demon Barber of Fleet Street,United States,2020.0,2007,R,116 min,Dramas,1,0
s8140,Movie,Sweet Virginia,United States,2019.0,2017,R,93 min,Dramas,1,0
s8141,Movie,Swiss Army Man,United States,2019.0,2016,R,97 min,Comedies,1,0
s8142,Movie,Sword Master,China,2017.0,2016,TV-MA,108 min,Action & Adventure,1,0
s8143,Movie,Sword Masters: Two Champions of Shaolin,Hong Kong,2018.0,1980,R,101 min,Action & Adventure,1,0
s8144,TV Show,Sym-Bionic Titan,United States,2019.0,2010,TV-PG,1 Season,Kids' TV,0,1
s8145,Movie,Taal,India,2018.0,1999,TV-PG,177 min,Dramas,1,0
s8146,Movie,Tahaan,India,2018.0,2008,TV-14,95 min,Dramas,1,0
s8147,Movie,Take Me Home Tonight,United States,2019.0,2011,R,97 min,Comedies,1,0
s8148,TV Show,Taken,France,,2018,TV-14,2 Seasons,Crime TV Shows,0,1
s8149,TV Show,Tales of the City (1993),United Kingdom,2019.0,1993,TV-MA,1 Season,TV Dramas,0,1
s8150,Movie,Tamanchey,India,2017.0,2014,TV-MA,111 min,Action & Adventure,1,0
s8151,Movie,Tarif de nuit,France,2018.0,2015,TV-MA,81 min,International Movies,1,0
s8152,Movie,Tarzan,United States,2018.0,1999,G,89 min,Children & Family Movies,1,0
s8153,Movie,Tarzan 2,United States,2017.0,2005,G,72 min,Children & Family Movies,1,0
s8154,Movie,Tattah,Egypt,2019.0,2013,TV-14,112 min,Comedies,1,0
s8155,Movie,Tayo the Little Bus Movie: Mission Ace,United States,2019.0,2016,TV-Y7,48 min,Children & Family Movies,1,0
s8156,Movie,Teach Us All,United States,2017.0,2017,TV-14,81 min,Documentaries,1,0
s8157,Movie,Teen Patti,India,2018.0,2010,TV-PG,137 min,Dramas,1,0
s8158,Movie,Teenage Cocktail,United States,2017.0,2016,TV-MA,89 min,Dramas,1,0
s8159,Movie,Teenage Mutant Ninja Turtles,Hong Kong,2019.0,2007,PG,87 min,Children & Family Movies,1,0
s8160,Movie,Teenage Mutant Ninja Turtles II: The Secret of the Ooze,United States,2020.0,1991,PG,88 min,Children & Family Movies,1,0
s8162,Movie,Tees Maar Khan,India,2018.0,2010,TV-PG,125 min,Comedies,1,0
s8163,Movie,Tellur Aliens,United States,2016.0,2016,TV-Y7,67 min,Children & Family Movies,1,0
s8164,Movie,Temporada de Caza,Argentina,2018.0,2017,TV-MA,108 min,Dramas,1,0
s8165,Movie,Ten Years,Hong Kong,2019.0,2015,TV-MA,102 min,Dramas,1,0
s8166,TV Show,Teresa,Mexico,2017.0,2010,TV-PG,1 Season,International TV Shows,0,1
s8167,Movie,Terminator 3: Rise of the Machines,United States,2020.0,2003,R,109 min,Action & Adventure,1,0
s8168,Movie,Terminator Salvation,United States,2020.0,2009,PG-13,115 min,Action & Adventure,1,0
s8169,Movie,Terra,France,2016.0,2015,TV-PG,98 min,Documentaries,1,0
s8170,Movie,Terrifier,United States,2018.0,2017,TV-MA,84 min,Horror Movies,1,0
s8171,Movie,Teshan,India,2017.0,2016,TV-PG,133 min,Comedies,1,0
s8172,Movie,Tezz,United Kingdom,2017.0,2012,TV-MA,121 min,Action & Adventure,1,0
s8173,TV Show,Th Eena Meena Deeka Chase Comedy Show,India,2018.0,2015,TV-Y7,1 Season,Kids' TV,0,1
s8174,TV Show,Thackeray,India,2019.0,2019,TV-MA,1 Season,TV Shows,0,1
s8175,TV Show,That '70s Show,United States,,2005,TV-14,8 Seasons,TV Comedies,0,1
s8176,TV Show,The 2000s,United States,2019.0,2018,TV-MA,1 Season,Docuseries,0,1
s8177,Movie,The 24 Hour War,United States,2019.0,2016,TV-MA,100 min,Documentaries,1,0
s8178,Movie,The 4th Company,Mexico,2018.0,2016,TV-MA,117 min,Action & Adventure,1,0
s8179,Movie,The Accountant of Auschwitz,Canada,2019.0,2018,TV-14,78 min,Documentaries,1,0
s8180,Movie,The Adderall Diaries,United States,2018.0,2015,R,87 min,Dramas,1,0
s8182,Movie,The Adventure Club,Canada,2017.0,2016,TV-Y7,88 min,Children & Family Movies,1,0
s8183,TV Show,The Adventures of Figaro Pho,Australia,,2015,TV-Y7,2 Seasons,Kids' TV,0,1
s8184,Movie,The Adventures of Sharkboy and Lavagirl,United States,2020.0,2005,PG,93 min,Children & Family Movies,1,0
s8185,Movie,The Adventures of Tintin,United States,2019.0,2011,PG,107 min,Children & Family Movies,1,0
s8186,Movie,The Aerial,Argentina,2018.0,2007,TV-MA,99 min,Dramas,1,0
s8187,Movie,The Age of Shadows,South Korea,2018.0,2016,TV-MA,140 min,Action & Adventure,1,0
s8188,Movie,The American President,United States,2021.0,1995,PG-13,113 min,Comedies,1,0
s8189,Movie,The Amityville Horror,United States,2020.0,2005,R,89 min,Horror Movies,1,0
s8190,TV Show,The Andy Griffith Show,United States,,1967,TV-G,8 Seasons,Classic & Cult TV,0,1
s8191,Movie,The Angry Birds Movie 2,Finland,2020.0,2019,PG,97 min,Children & Family Movies,1,0
s8192,Movie,The Animal People,United States,2020.0,2019,TV-MA,97 min,Documentaries,1,0
s8193,Movie,The Ant's Scream,Egypt,2019.0,2010,TV-14,108 min,Comedies,1,0
s8194,TV Show,The Apartment,Singapore,,2014,TV-PG,2 Seasons,International TV Shows,0,1
s8195,Movie,The Apostate,Spain,2017.0,2015,TV-MA,80 min,Comedies,1,0
s8196,Movie,The Art of the Steal,Canada,2018.0,2013,R,90 min,Action & Adventure,1,0
s8197,Movie,The Art of War,United States,2020.0,2000,R,117 min,Action & Adventure,1,0
s8198,Movie,The Assignment,France,2020.0,2016,R,95 min,Action & Adventure,1,0
s8199,Movie,The Autopsy of Jane Doe,United Kingdom,2018.0,2016,R,86 min,Horror Movies,1,0
s8201,Movie,The Bachelors,United States,2018.0,2017,TV-14,100 min,Dramas,1,0
s8202,Movie,The Bad Education Movie,United Kingdom,2018.0,2015,TV-MA,87 min,Comedies,1,0
s8203,Movie,The Bad Kids,United States,2017.0,2016,TV-MA,101 min,Documentaries,1,0
s8204,Movie,The Bare-Footed Kid,Hong Kong,2018.0,1993,TV-14,83 min,Action & Adventure,1,0
s8205,Movie,The Basement,United States,2019.0,2018,TV-MA,89 min,Horror Movies,1,0
s8206,Movie,The Battle of Midway,United States,2017.0,1942,TV-14,18 min,Classic Movies,1,0
s8208,TV Show,The Beginning of Life: The Series,Brazil,2016.0,2016,TV-PG,1 Season,Docuseries,0,1
s8209,TV Show,The Bible's Buried Secrets,United Kingdom,2019.0,2011,TV-14,1 Season,British TV Shows,0,1
s8210,TV Show,The Big Catch,United Kingdom,2019.0,2015,TV-PG,1 Season,British TV Shows,0,1
s8211,Movie,The Bill Murray Stories: Life Lessons Learned From a Mythical Man,United States,2018.0,2018,TV-MA,72 min,Documentaries,1,0
s8212,Movie,The Black Room,United States,2017.0,2016,TV-MA,95 min,Horror Movies,1,0
s8213,Movie,The Blackcoat's Daughter,Canada,2019.0,2015,R,95 min,Horror Movies,1,0
s8214,Movie,The Bleeder,United States,2019.0,2016,R,98 min,Dramas,1,0
s8215,TV Show,The Blue Planet: A Natural History of the Oceans,United Kingdom,2015.0,2001,TV-G,1 Season,British TV Shows,0,1
s8216,Movie,The Bomb,United States,2017.0,2016,TV-14,59 min,Documentaries,1,0
s8217,TV Show,The Bomb Squad,United Kingdom,2019.0,2011,TV-MA,1 Season,British TV Shows,0,1
s8218,Movie,The Book of Eli,United States,2019.0,2010,R,118 min,Action & Adventure,1,0
s8219,Movie,The Boss's Daughter,France,2017.0,2015,TV-MA,98 min,Dramas,1,0
s8220,Movie,The Bounty Hunter,United States,2019.0,2010,PG-13,111 min,Action & Adventure,1,0
s8221,Movie,The Box,United States,2019.0,2009,PG-13,116 min,Sci-Fi & Fantasy,1,0
s8222,Movie,The Boy,United States,2020.0,2016,PG-13,97 min,Horror Movies,1,0
s8223,Movie,The Boy in the Striped Pajamas,United Kingdom,2019.0,2008,PG-13,95 min,Dramas,1,0
s8224,Movie,The Brave One,United States,2019.0,2007,R,122 min,Dramas,1,0
s8225,Movie,The Brawler,United States,2019.0,2019,TV-MA,95 min,Dramas,1,0
s8226,Movie,The Breadwinner,Ireland,2018.0,2017,PG-13,93 min,Children & Family Movies,1,0
s8227,Movie,The Break-Up,United States,2019.0,2006,PG-13,107 min,Comedies,1,0
s8228,Movie,The Bridge,Nigeria,2019.0,2017,TV-14,119 min,Dramas,1,0
s8229,Movie,The Brothers Grimm,United States,2019.0,2005,PG-13,119 min,Action & Adventure,1,0
s8230,Movie,The Bucket List,United States,2019.0,2007,PG-13,97 min,Comedies,1,0
s8232,Movie,The Bund,Hong Kong,2018.0,1983,TV-14,103 min,Action & Adventure,1,0
s8233,Movie,The Bye Bye Man,United States,2019.0,2017,PG-13,96 min,Horror Movies,1,0
s8234,Movie,The Bygone,United States,2020.0,2019,TV-MA,106 min,Independent Movies,1,0
s8235,Movie,The Cakemaker,Israel,2018.0,2017,TV-14,109 min,Dramas,1,0
s8236,TV Show,The Calling,India,2019.0,2018,TV-MA,1 Season,International TV Shows,0,1
s8237,Movie,The Captive,Canada,2018.0,2014,R,112 min,Dramas,1,0
s8238,Movie,The Car,United States,2020.0,1977,PG,96 min,Cult Movies,1,0
s8239,Movie,The Carter Effect,United States,2018.0,2017,TV-MA,60 min,Documentaries,1,0
s8240,Movie,The Case for Christ,United States,2017.0,2017,TV-PG,113 min,Dramas,1,0
s8241,Movie,The Cell,Egypt,2019.0,2017,TV-MA,126 min,Action & Adventure,1,0
s8242,Movie,The CEO,Nigeria,2019.0,2016,TV-14,109 min,Dramas,1,0
s8243,Movie,The Charnel House,United States,2017.0,2016,R,93 min,Horror Movies,1,0
s8244,TV Show,The Chefs' Line,Australia,2019.0,2017,TV-14,1 Season,International TV Shows,0,1
s8245,Movie,The Chord,Egypt,2019.0,2010,TV-MA,101 min,Dramas,1,0
s8246,Movie,The Chosen,Spain,2017.0,2016,TV-14,111 min,Dramas,1,0
s8247,Movie,The Chosen Ones,Mexico,2016.0,2015,TV-MA,107 min,Dramas,1,0
s8248,Movie,The Christmas Candle,United Kingdom,2019.0,2013,PG,100 min,Dramas,1,0
s8249,Movie,The Christmas Project,United States,2019.0,2016,TV-PG,92 min,Children & Family Movies,1,0
s8250,Movie,The Cincinnati Kid,United States,2019.0,1965,TV-14,103 min,Classic Movies,1,0
s8251,TV Show,The Code,United Kingdom,2018.0,2011,TV-PG,1 Season,British TV Shows,0,1
s8252,Movie,The Company Men,United States,2018.0,2010,R,105 min,Dramas,1,0
s8253,Movie,The Competition,United States,2019.0,2018,TV-14,103 min,Comedies,1,0
s8254,Movie,The Confirmation,Canada,2019.0,2016,PG-13,101 min,Comedies,1,0
s8255,Movie,The Congress,Israel,2019.0,2013,TV-MA,123 min,Dramas,1,0
s8256,Movie,The Consul's Son,Egypt,2019.0,2011,TV-14,114 min,Comedies,1,0
s8257,Movie,The Craft,United States,2020.0,1996,R,101 min,Horror Movies,1,0
s8258,TV Show,The Cravings,South Korea,,2016,TV-14,2 Seasons,International TV Shows,0,1
s8259,Movie,The Croods,United States,2019.0,2013,PG,99 min,Children & Family Movies,1,0
s8260,Movie,The Crow,United States,2019.0,1994,R,102 min,Action & Adventure,1,0
s8261,Movie,The Cruise,Poland,2019.0,1970,TV-PG,66 min,Comedies,1,0
s8262,Movie,The Crying Game,United Kingdom,2020.0,1992,R,112 min,Classic Movies,1,0
s8263,TV Show,The Curse of Oak Island,United States,2019.0,2016,TV-PG,1 Season,Docuseries,0,1
s8264,Movie,The D Train,United Kingdom,2017.0,2015,R,101 min,Comedies,1,0
s8265,Movie,The Damned Rain,India,2018.0,2009,TV-14,99 min,Dramas,1,0
s8266,Movie,The Dancer,Indonesia,2018.0,2011,TV-MA,105 min,Dramas,1,0
s8267,Movie,The Dark Crystal,United States,2019.0,1982,PG,93 min,Children & Family Movies,1,0
s8268,Movie,The Dark Side of Life: Mumbai City,India,2019.0,2018,TV-MA,121 min,Dramas,1,0
s8269,Movie,The Darkest Dawn,United Kingdom,2018.0,2016,TV-MA,75 min,Action & Adventure,1,0
s8270,Movie,The Daughter,Australia,2017.0,2015,TV-MA,95 min,Dramas,1,0
s8271,Movie,The Dawn Wall,Austria,2019.0,2017,TV-MA,100 min,Documentaries,1,0
s8272,TV Show,The Day My Butt Went Psycho!,Canada,,2015,TV-Y7,2 Seasons,Kids' TV,0,1
s8273,Movie,The Departed,United States,2021.0,2006,R,151 min,Dramas,1,0
s8274,Movie,The Desert Bride,Argentina,2018.0,2017,TV-14,78 min,Dramas,1,0
s8275,Movie,The Detained,United States,2019.0,2017,TV-14,85 min,Horror Movies,1,0
s8276,Movie,The Devil and Father Amorth,Italy,2018.0,2017,TV-PG,69 min,Documentaries,1,0
s8277,Movie,The Devil Inside,United States,2019.0,2012,R,84 min,Horror Movies,1,0
s8278,TV Show,The Devil Is a Part-Timer!,Japan,2019.0,2013,TV-14,1 Season,Anime Series,0,1
s8279,Movie,The Devil We Know,United States,2019.0,2018,TV-14,88 min,Documentaries,1,0
s8280,Movie,The Diabolical,United States,2018.0,2015,TV-MA,86 min,Horror Movies,1,0
s8281,Movie,The Dreamer,Indonesia,2018.0,2009,TV-PG,121 min,Dramas,1,0
s8282,Movie,The Drowning,United States,2017.0,2016,TV-MA,99 min,Thrillers,1,0
s8283,TV Show,The Drunk and on Drugs Happy Funtime Hour,Canada,2018.0,2011,TV-MA,1 Season,International TV Shows,0,1
s8284,Movie,The Duel,United States,2019.0,2016,R,110 min,Dramas,1,0
s8285,Movie,The Dukes of Hazzard,United States,2020.0,2005,PG-13,104 min,Action & Adventure,1,0
s8286,Movie,The Dukes of Hazzard: The Beginning,United States,2020.0,2007,R,95 min,Action & Adventure,1,0
s8287,Movie,The Eichmann Show,United Kingdom,2017.0,2015,TV-MA,96 min,Dramas,1,0
s8288,TV Show,The Eighties,United States,2018.0,2016,TV-PG,1 Season,Docuseries,0,1
s8289,Movie,The End of the Tour,United States,2018.0,2015,R,106 min,Dramas,1,0
s8290,Movie,The Endless,United States,2018.0,2017,TV-MA,112 min,Independent Movies,1,0
s8291,Movie,The Evil Dead,United States,2020.0,1981,TV-MA,85 min,Classic Movies,1,0
s8292,Movie,The Exception,United Kingdom,2019.0,2016,R,107 min,Dramas,1,0
s8293,Movie,The Eyes of My Mother,United States,2017.0,2016,R,76 min,Horror Movies,1,0
s8294,TV Show,The Fear,United Kingdom,2017.0,2012,TV-MA,1 Season,British TV Shows,0,1
s8295,Movie,The Fear of 13,United Kingdom,2016.0,2015,TV-MA,95 min,Documentaries,1,0
s8296,Movie,The Feels,United States,2018.0,2018,TV-MA,88 min,Comedies,1,0
s8297,Movie,The Fighter,United States,2019.0,2010,R,116 min,Dramas,1,0
s8298,Movie,The Figurine (Araromire),Nigeria,2019.0,2009,TV-14,121 min,Horror Movies,1,0
s8299,Movie,The Final Destination,United States,2020.0,2009,R,82 min,Horror Movies,1,0
s8300,Movie,The First Line,United States,2016.0,2014,TV-14,87 min,Dramas,1,0
s8301,Movie,The First Temptation of Christ,Brazil,2019.0,2019,TV-MA,46 min,Comedies,1,0
s8302,Movie,The First Wives Club,United States,2019.0,1996,PG,103 min,Comedies,1,0
s8303,TV Show,The Five,United Kingdom,2017.0,2016,TV-MA,1 Season,British TV Shows,0,1
s8304,Movie,The Five Venoms,Hong Kong,2018.0,1978,R,97 min,Action & Adventure,1,0
s8305,Movie,The Flintstones,United States,2019.0,1994,PG,91 min,Children & Family Movies,1,0
s8306,Movie,The Flintstones in Viva Rock Vegas,United States,2019.0,2000,PG,91 min,Children & Family Movies,1,0
s8307,Movie,The Flying Guillotine,Hong Kong,2018.0,1975,TV-MA,101 min,Action & Adventure,1,0
s8308,Movie,The Forbidden Kingdom,United States,2019.0,2008,PG-13,104 min,Action & Adventure,1,0
s8309,Movie,The Force,United States,2018.0,2017,TV-MA,92 min,Documentaries,1,0
s8310,Movie,The Foreigner,United Kingdom,2020.0,2017,R,113 min,Action & Adventure,1,0
s8311,Movie,The Forgotten,United Kingdom,2017.0,2014,TV-MA,89 min,Horror Movies,1,0
s8312,TV Show,The Fosters,United States,,2017,TV-14,5 Seasons,TV Dramas,0,1
s8313,Movie,The Founder,United States,2020.0,2016,PG-13,115 min,Dramas,1,0
s8314,Movie,The Free Man,New Zealand,2017.0,2016,TV-PG,84 min,Documentaries,1,0
s8315,Movie,The Frozen Ground,United States,2020.0,2013,R,106 min,Dramas,1,0
s8316,TV Show,The Furchester Hotel,United Kingdom,,2015,TV-Y,2 Seasons,British TV Shows,0,1
s8317,TV Show,The Future of Water,Norway,2016.0,2007,TV-PG,1 Season,Docuseries,0,1
s8318,Movie,The Gathering,Indonesia,2018.0,2003,TV-14,124 min,Comedies,1,0
s8319,Movie,The Gentleman Driver,United States,2019.0,2018,TV-MA,83 min,Documentaries,1,0
s8320,Movie,The Ghost Who Walks,United States,2020.0,2019,TV-MA,107 min,Dramas,1,0
s8321,Movie,The Girl with the Dragon Tattoo,United States,2021.0,2011,R,158 min,Dramas,1,0
s8322,TV Show,The Golden Years with Javed Akhtar,India,2017.0,2016,TV-G,1 Season,Docuseries,0,1
s8323,Movie,The Golem,Israel,2019.0,2018,TV-MA,95 min,Horror Movies,1,0
s8324,Movie,The Good Catholic,United States,2018.0,2017,PG-13,97 min,Comedies,1,0
s8325,Movie,The Good Neighbor,United States,2016.0,2016,TV-MA,97 min,Dramas,1,0
s8326,Movie,"The Goods: Live Hard, Sell Hard",United States,2019.0,2009,R,89 min,Comedies,1,0
s8327,Movie,The Gospel of John,United Kingdom,2018.0,2014,TV-14,161 min,Dramas,1,0
s8328,Movie,The Gospel of Luke,United States,2018.0,2015,TV-14,205 min,Dramas,1,0
s8331,Movie,The Great Battle,South Korea,2019.0,2018,TV-MA,136 min,Action & Adventure,1,0
s8332,TV Show,The Great British Baking Show: Masterclass,United Kingdom,2018.0,2018,TV-PG,4 Seasons,British TV Shows,0,1
s8333,Movie,The Great Gambler,India,2019.0,1979,TV-14,161 min,Action & Adventure,1,0
s8334,Movie,The Great Raid,United States,2019.0,2005,R,133 min,Action & Adventure,1,0
s8335,TV Show,The Great Train Robbery,United Kingdom,2017.0,2013,NR,1 Season,British TV Shows,0,1
s8336,Movie,The Green Hornet,United States,2020.0,2011,PG-13,119 min,Action & Adventure,1,0
s8337,TV Show,The Guild,United States,2019.0,2013,TV-MA,1 Season,TV Comedies,0,1
s8338,Movie,The Hatred,United States,2017.0,2017,R,94 min,Horror Movies,1,0
s8339,Movie,The Haunting of Molly Hartley,United States,2018.0,2008,PG-13,85 min,Horror Movies,1,0
s8340,Movie,The Healer,Spain,2020.0,2017,TV-14,108 min,Children & Family Movies,1,0
s8341,Movie,The Heat: A Kitchen (R)evolution,Canada,2019.0,2018,TV-MA,71 min,Documentaries,1,0
s8342,Movie,The Help,United States,2020.0,2011,PG-13,147 min,Dramas,1,0
s8343,Movie,The Heretics,Canada,2019.0,2017,TV-MA,88 min,Horror Movies,1,0
s8344,Movie,The Heroes of Evil,Spain,2016.0,2015,TV-MA,99 min,Dramas,1,0
s8345,Movie,The Heyday of the Insensitive Bastards,United States,2018.0,2017,TV-MA,96 min,Dramas,1,0
s8346,Movie,The Hollow Point,United States,2017.0,2016,R,97 min,Action & Adventure,1,0
s8347,Movie,The Holy Man,Thailand,2018.0,2005,TV-14,92 min,Comedies,1,0
s8349,Movie,The House on Coco Road,United States,2017.0,2016,TV-14,79 min,Documentaries,1,0
s8350,TV Show,The House That Made Me,India,2017.0,2015,TV-PG,3 Seasons,International TV Shows,0,1
s8351,Movie,The Human Factor: The Untold Story of the Bombay Film Orchestras,India,2017.0,2013,TV-PG,53 min,Documentaries,1,0
s8352,Movie,The Humanity Bureau,Canada,2018.0,2017,R,94 min,Action & Adventure,1,0
s8353,Movie,The Hundred-Foot Journey,United States,2019.0,2014,PG,123 min,Comedies,1,0
s8354,TV Show,The Hunt,United Kingdom,2017.0,2015,TV-PG,1 Season,British TV Shows,0,1
s8355,Movie,The Hurricane Heist,United Kingdom,2018.0,2018,PG-13,103 min,Action & Adventure,1,0
s8356,Movie,The Hurt Business,United States,2017.0,2016,PG-13,111 min,Documentaries,1,0
s8357,Movie,The Imaginarium of Doctor Parnassus,United Kingdom,2019.0,2009,PG-13,123 min,Action & Adventure,1,0
s8358,TV Show,The Inbetweeners,United Kingdom,,2010,TV-MA,3 Seasons,British TV Shows,0,1
s8359,Movie,The Incident,Mexico,2017.0,2014,TV-MA,100 min,International Movies,1,0
s8360,Movie,The Incredible Story of the Giant Pear,Denmark,2019.0,2018,TV-G,75 min,Children & Family Movies,1,0
s8361,Movie,The Incredibles 2,United States,2019.0,2018,PG,118 min,Children & Family Movies,1,0
s8362,Movie,The Indian in the Cupboard,United States,2020.0,1995,PG,96 min,Children & Family Movies,1,0
s8363,Movie,The Informant!,United States,2018.0,2009,R,108 min,Comedies,1,0
s8364,Movie,The Intent,United Kingdom,2017.0,2016,TV-MA,99 min,Dramas,1,0
s8365,Movie,The Intent 2: The Come Up,United Kingdom,2019.0,2018,TV-MA,103 min,Dramas,1,0
s8366,Movie,The Invention of Lying,United States,2020.0,2009,PG-13,99 min,Comedies,1,0
s8367,TV Show,The Investigator: A British Crime Story,United Kingdom,2020.0,2018,TV-MA,2 Seasons,British TV Shows,0,1
s8368,Movie,The Invitation,United States,2016.0,2015,TV-MA,100 min,Horror Movies,1,0
s8370,Movie,The Iron Lady,United Kingdom,2019.0,2011,PG-13,105 min,Dramas,1,0
s8371,Movie,The Jack King Affair,France,2018.0,2015,TV-14,52 min,Documentaries,1,0
s8372,TV Show,The Jaime Maussan Show,United States,2017.0,2010,TV-PG,1 Season,Docuseries,0,1
s8373,Movie,The Jane Austen Book Club,United States,2019.0,2007,PG-13,106 min,Comedies,1,0
s8374,TV Show,The Jungle Book,India,2019.0,2010,TV-Y7,1 Season,Kids' TV,0,1
s8375,Movie,The Jungle School,Indonesia,2018.0,2013,TV-PG,90 min,Dramas,1,0
s8376,Movie,The Keeping Hours,United States,2018.0,2017,PG-13,95 min,Dramas,1,0
s8378,Movie,The King's Speech,United Kingdom,2018.0,2010,R,118 min,Dramas,1,0
s8379,TV Show,The L Word,Canada,,2009,TV-MA,6 Seasons,Romantic TV Shows,0,1
s8380,TV Show,The Lady in Dignity,South Korea,2018.0,2017,TV-MA,1 Season,International TV Shows,0,1
s8381,Movie,The Lake House,United States,2019.0,2006,PG,98 min,Dramas,1,0
s8382,Movie,The Lamb,United States,2018.0,2017,PG,86 min,Children & Family Movies,1,0
s8383,Movie,The Land of the Enlightened,Belgium,2017.0,2016,TV-MA,84 min,Documentaries,1,0
s8384,Movie,The Last Days of Chez Nous,Australia,2016.0,1992,R,93 min,Classic Movies,1,0
s8385,Movie,The Last Exorcism,France,2019.0,2010,PG-13,88 min,Horror Movies,1,0
s8386,Movie,The Last Face,United States,2020.0,2016,R,131 min,Dramas,1,0
s8387,Movie,The Last Hangover,Brazil,2018.0,2018,TV-MA,44 min,Comedies,1,0
s8388,Movie,The Last Man on the Moon,United Kingdom,2016.0,2014,TV-PG,96 min,Documentaries,1,0
s8389,Movie,The Last Resort,United States,2019.0,2018,TV-14,70 min,Documentaries,1,0
s8390,Movie,The Last Whistle,United States,2019.0,2019,PG,88 min,Dramas,1,0
s8391,Movie,The Legend of 420,United States,2017.0,2017,TV-MA,87 min,Documentaries,1,0
s8392,Movie,The Legend of Michael Mishra,India,2019.0,2016,TV-14,118 min,Comedies,1,0
s8394,Movie,The Little Hours,Canada,2018.0,2017,R,89 min,Comedies,1,0
s8395,Movie,The Little Mermaid,United States,2018.0,2018,PG,85 min,Children & Family Movies,1,0
s8396,Movie,The Little Prince,France,2020.0,2015,PG,107 min,Children & Family Movies,1,0
s8397,Movie,The Lives of Others,Germany,2019.0,2006,R,138 min,Dramas,1,0
s8398,TV Show,The Lizzie Borden Chronicles,United States,2016.0,2015,TV-14,1 Season,Crime TV Shows,0,1
s8399,Movie,The Lobster,Ireland,2018.0,2015,R,119 min,Comedies,1,0
s8400,Movie,The Lodgers,Ireland,2018.0,2017,R,93 min,Horror Movies,1,0
s8401,Movie,The Long Goodbye: The Kara Tippetts Story,United States,2019.0,2019,TV-PG,87 min,Documentaries,1,0
s8402,Movie,The Longest Yard,United States,2019.0,1974,R,121 min,Classic Movies,1,0
s8403,Movie,The Longshots,United States,2019.0,2008,PG,95 min,Comedies,1,0
s8404,Movie,The Look of Silence,Denmark,2016.0,2014,PG-13,103 min,Documentaries,1,0
s8405,Movie,The Lord of the Rings: The Return of the King,New Zealand,2020.0,2003,PG-13,201 min,Action & Adventure,1,0
s8406,Movie,The Lord of the Rings: The Two Towers,New Zealand,2020.0,2002,PG-13,179 min,Action & Adventure,1,0
s8407,Movie,The Love Guru,United Kingdom,2019.0,2008,PG-13,87 min,Comedies,1,0
s8408,Movie,The Lovers and the Despot,United Kingdom,2017.0,2016,TV-14,98 min,Documentaries,1,0
s8409,Movie,The lynx,Poland,2019.0,1982,TV-14,82 min,Dramas,1,0
s8410,Movie,The Mad Monk,Hong Kong,2018.0,1993,TV-14,85 min,Comedies,1,0
s8411,Movie,The Magic Pill,United States,2018.0,2017,TV-PG,90 min,Documentaries,1,0
s8412,TV Show,The Making of Frozen Planet,United Kingdom,2016.0,2012,TV-PG,1 Season,British TV Shows,0,1
s8413,Movie,The Man Who Would Be Polka King,United States,2018.0,2009,TV-14,68 min,Documentaries,1,0
s8414,Movie,The Mask of Zorro,United States,2020.0,1998,PG-13,138 min,Action & Adventure,1,0
s8415,Movie,The Matrix,United States,2019.0,1999,R,136 min,Action & Adventure,1,0
s8416,Movie,The Matrix Reloaded,United States,2019.0,2003,R,138 min,Action & Adventure,1,0
s8417,Movie,The Matrix Revolutions,United States,2019.0,2003,R,129 min,Action & Adventure,1,0
s8418,Movie,The Mayo Clinic,United States,2019.0,2018,TV-14,116 min,Documentaries,1,0
s8419,Movie,The Mayor,South Korea,2017.0,2017,TV-MA,130 min,Dramas,1,0
s8420,Movie,The Memphis Belle: A Story of a Flying Fortress,United States,2017.0,1944,TV-PG,40 min,Classic Movies,1,0
s8421,Movie,The Men Who Stare at Goats,United States,2019.0,2009,R,94 min,Comedies,1,0
s8422,TV Show,The Messengers,United States,2016.0,2015,TV-14,1 Season,TV Dramas,0,1
s8423,TV Show,The Mind of a Chef,United States,,2016,TV-PG,5 Seasons,Docuseries,0,1
s8424,TV Show,The Minimighty Kids,France,,2012,TV-G,2 Seasons,Kids' TV,0,1
s8425,TV Show,The Ministry of Time,Spain,,2017,TV-MA,3 Seasons,International TV Shows,0,1
s8426,Movie,The Model,Denmark,2016.0,2016,TV-MA,104 min,Dramas,1,0
s8427,Movie,The Monster,United States,2019.0,2016,R,91 min,Horror Movies,1,0
s8428,Movie,The Monster of Mangatiti,New Zealand,2015.0,2015,TV-MA,70 min,Dramas,1,0
s8429,TV Show,The Mortified Guide,United States,2018.0,2018,TV-MA,1 Season,Docuseries,0,1
s8430,TV Show,The Most Beautiful Hands of Delhi,Sweden,2017.0,2017,TV-MA,1 Season,International TV Shows,0,1
s8431,Movie,The Muppets,United States,2020.0,2011,PG,104 min,Children & Family Movies,1,0
s8432,TV Show,The Murder Detectives,United Kingdom,2017.0,2015,TV-MA,1 Season,British TV Shows,0,1
s8433,Movie,The Music of Silence,Italy,2018.0,2017,TV-PG,115 min,Dramas,1,0
s8435,Movie,The Naked Gun: From the Files of Police Squad!,United States,2021.0,1988,PG-13,85 min,Comedies,1,0
s8436,Movie,The Natural,United States,2020.0,1984,PG,138 min,Classic Movies,1,0
s8437,Movie,The Negro Soldier,United States,2017.0,1944,TV-14,40 min,Classic Movies,1,0
s8438,TV Show,The Netflix Afterparty,United States,2021.0,2021,TV-MA,1 Season,Stand-Up Comedy & Talk Shows,0,1
s8439,Movie,The New Romantic,Canada,2019.0,2018,TV-MA,82 min,Comedies,1,0
s8440,TV Show,The Nineties,United States,2018.0,2017,TV-14,1 Season,Docuseries,0,1
s8441,Movie,The NSU-Complex,Germany,2016.0,2016,TV-14,90 min,Documentaries,1,0
s8442,Movie,The Nutcracker and the Four Realms,United States,2019.0,2018,PG,99 min,Children & Family Movies,1,0
s8443,TV Show,The Office (U.S.),United States,,2012,TV-14,9 Seasons,TV Comedies,0,1
s8444,Movie,The One I Love,United States,2019.0,2014,R,91 min,Comedies,1,0
s8445,Movie,The Only Mother To You All,Philippines,2019.0,2008,TV-PG,106 min,Comedies,1,0
s8446,Movie,The Other Guys,United States,2020.0,2010,PG-13,108 min,Action & Adventure,1,0
s8447,Movie,The Parole Officer,United Kingdom,2018.0,2001,R,94 min,Action & Adventure,1,0
s8448,Movie,The Pass,United Kingdom,2019.0,2016,NR,87 min,Dramas,1,0
s8449,Movie,The Peacemaker,United States,2020.0,1997,R,124 min,Action & Adventure,1,0
s8450,Movie,The Pelican Brief,United States,2019.0,1993,PG-13,141 min,Dramas,1,0
s8452,Movie,The Perks of Being a Wallflower,United States,2020.0,2012,PG-13,103 min,Comedies,1,0
s8453,Movie,The Phantom of the Opera,United Kingdom,2019.0,2004,PG-13,141 min,Dramas,1,0
s8454,Movie,The Physician,Germany,2015.0,2013,R,155 min,Action & Adventure,1,0
s8455,Movie,The Pink Panther,United States,2019.0,2006,PG,93 min,Children & Family Movies,1,0
s8456,Movie,The Pirate Fairy,United States,2014.0,2014,G,78 min,Children & Family Movies,1,0
s8457,Movie,The Pirates of Somalia,Somalia,2018.0,2017,R,118 min,Dramas,1,0
s8458,Movie,The Pirates! Band of Misfits,United Kingdom,2020.0,2012,PG,88 min,Children & Family Movies,1,0
s8459,Movie,The Place Beyond the Pines,United States,2017.0,2012,R,140 min,Dramas,1,0
s8460,Movie,The Plan,India,2018.0,2015,TV-MA,124 min,Dramas,1,0
s8461,Movie,The Player,Egypt,2019.0,2012,TV-MA,110 min,Comedies,1,0
s8462,Movie,The Polar Express,United States,2021.0,2004,G,100 min,Children & Family Movies,1,0
s8463,Movie,The Power of Grayskull: The Definitive History of He-Man and the Masters of the Universe,Canada,2018.0,2017,TV-14,96 min,Documentaries,1,0
s8464,Movie,The President's Barber,South Korea,2017.0,2004,TV-MA,116 min,Comedies,1,0
s8465,Movie,The Prince,United States,2019.0,2014,R,91 min,Action & Adventure,1,0
s8466,Movie,The Prince & Me,United States,2020.0,2004,PG,111 min,Comedies,1,0
s8467,Movie,The Princess and the Frog,United States,2019.0,2009,G,98 min,Children & Family Movies,1,0
s8468,Movie,The Prison,South Korea,2017.0,2017,TV-MA,125 min,Action & Adventure,1,0
s8469,Movie,The Pursuit,United States,2019.0,2019,TV-14,76 min,Documentaries,1,0
s8470,Movie,The Pursuit of Happyness,United States,2019.0,2006,PG-13,117 min,Dramas,1,0
s8471,Movie,The Push,United States,2019.0,2018,TV-MA,90 min,Documentaries,1,0
s8472,TV Show,The Pyramid Code,Canada,2016.0,2009,TV-PG,1 Season,Docuseries,0,1
s8473,Movie,The Rainbow Troops,Indonesia,2018.0,2008,TV-PG,119 min,Children & Family Movies,1,0
s8474,Movie,The Rainmaker,United States,2019.0,1997,PG-13,136 min,Dramas,1,0
s8475,TV Show,The Rap Game,United States,2019.0,2016,TV-14,1 Season,Reality TV,0,1
s8476,Movie,The Rat Race,India,2017.0,2010,TV-PG,52 min,Documentaries,1,0
s8477,TV Show,The Real Football Factories,United Kingdom,2017.0,2006,TV-MA,1 Season,British TV Shows,0,1
s8478,Movie,The Real Miyagi,United States,2017.0,2015,TV-PG,81 min,Documentaries,1,0
s8479,Movie,The Rebound,United States,2019.0,2016,TV-MA,77 min,Documentaries,1,0
s8480,Movie,The Redeemed and the Dominant: Fittest on Earth,United States,2018.0,2017,TV-14,120 min,Documentaries,1,0
s8481,Movie,The Rehearsal,New Zealand,2018.0,2016,TV-MA,102 min,Dramas,1,0
s8483,TV Show,The Returned,France,2019.0,2015,TV-MA,1 Season,International TV Shows,0,1
s8484,Movie,The Rezort,United Kingdom,2017.0,2016,TV-MA,90 min,Horror Movies,1,0
s8485,Movie,The Rift: The Dark Side of the Moon,Serbia,2018.0,2016,TV-MA,92 min,Horror Movies,1,0
s8486,Movie,The Right One,Egypt,2019.0,2011,TV-14,93 min,Dramas,1,0
s8487,Movie,The Ring,United States,2020.0,2002,PG-13,116 min,Horror Movies,1,0
s8488,Movie,The Riot Club,United Kingdom,2017.0,2014,R,107 min,Dramas,1,0
s8489,Movie,The River Thief,United States,2017.0,2016,NR,87 min,Dramas,1,0
s8490,Movie,The River Wild,United States,2018.0,1994,PG-13,111 min,Action & Adventure,1,0
s8491,TV Show,The Road to Calvary,Russia,2018.0,2017,TV-14,1 Season,International TV Shows,0,1
s8492,Movie,The Rolling Stones: Olé Olé Olé! A Trip Across Latin America,United Kingdom,2019.0,2016,TV-MA,101 min,Documentaries,1,0
s8493,Movie,The Roommate,United States,2020.0,2011,PG-13,91 min,Thrillers,1,0
s8494,Movie,The Rover,Australia,2018.0,2014,R,103 min,International Movies,1,0
s8495,Movie,THE RUM DIARY,United States,2019.0,2011,R,120 min,Comedies,1,0
s8496,Movie,The Runner,United States,2017.0,2015,R,90 min,Dramas,1,0
s8497,Movie,The Salvation,Denmark,2017.0,2014,R,92 min,Dramas,1,0
s8498,Movie,The Sapphires,Australia,2019.0,2012,PG-13,99 min,Comedies,1,0
s8499,Movie,The Score,Germany,2019.0,2001,R,124 min,Dramas,1,0
s8500,Movie,The Sea of Trees,United States,2018.0,2015,PG-13,111 min,Dramas,1,0
s8501,Movie,The Search for Life in Space,United States,2018.0,2016,TV-G,32 min,Documentaries,1,0
s8502,Movie,The Secret Life of Pets 2,United States,2019.0,2019,PG,86 min,Children & Family Movies,1,0
s8503,Movie,The Seven Five,United States,2017.0,2014,R,104 min,Documentaries,1,0
s8504,TV Show,The Seventies,United States,2018.0,2015,TV-PG,1 Season,Docuseries,0,1
s8505,Movie,The Shaukeens,India,2018.0,2014,TV-MA,123 min,Comedies,1,0
s8506,Movie,The Show,United States,2020.0,2017,TV-MA,105 min,Dramas,1,0
s8507,Movie,The Sign of Venus,Italy,2020.0,1955,TV-14,97 min,Classic Movies,1,0
s8508,Movie,The Signal,United States,2018.0,2014,PG-13,97 min,Sci-Fi & Fantasy,1,0
s8509,Movie,The Similars,Mexico,2017.0,2015,NR,90 min,Horror Movies,1,0
s8510,Movie,The Sinking Of Van Der Wijck,Indonesia,2018.0,2013,TV-14,163 min,Dramas,1,0
s8511,TV Show,The Sniffer,Ukraine,,2017,TV-MA,3 Seasons,Crime TV Shows,0,1
s8512,Movie,The Social Network,United States,2020.0,2010,PG-13,121 min,Dramas,1,0
s8513,Movie,The Space Between Us,United States,2019.0,2016,PG-13,120 min,Action & Adventure,1,0
s8514,Movie,The Spectacular Now,United States,2018.0,2013,R,95 min,Dramas,1,0
s8515,Movie,The spiral,Poland,2019.0,1978,TV-MA,84 min,Dramas,1,0
s8516,Movie,The Spy Next Door,United States,2020.0,2010,PG,94 min,Action & Adventure,1,0
s8517,Movie,The Spy Who Fell to Earth,United Kingdom,2019.0,2019,TV-MA,94 min,Documentaries,1,0
s8518,Movie,The Stanford Prison Experiment,United States,2017.0,2015,R,122 min,Dramas,1,0
s8519,TV Show,The Story of God with Morgan Freeman,United States,,2017,TV-14,2 Seasons,Docuseries,0,1
s8520,TV Show,The Story of Us with Morgan Freeman,United States,2019.0,2017,TV-14,1 Season,Docuseries,0,1
s8521,Movie,The Student,United States,2019.0,2017,TV-14,90 min,Thrillers,1,0
s8522,Movie,The Sunshine Makers,United Kingdom,2017.0,2015,TV-MA,91 min,Documentaries,1,0
s8523,Movie,The Super,United States,2019.0,2017,R,89 min,Horror Movies,1,0
s8524,TV Show,The Super Mario Bros. Super Show!,United States,2016.0,1989,TV-Y7,1 Season,Kids' TV,0,1
s8525,Movie,The Surrounding Game,United States,2018.0,2018,TV-14,98 min,Documentaries,1,0
s8526,Movie,The Taking of Pelham 123,United States,2019.0,2009,R,106 min,Action & Adventure,1,0
s8527,Movie,The Talented Mr. Ripley,United States,2020.0,1999,R,139 min,Dramas,1,0
s8528,Movie,The Texas Chainsaw Massacre,United States,2019.0,1974,R,83 min,Cult Movies,1,0
s8529,Movie,The Thief and the Imbecile,Egypt,2019.0,2013,TV-14,96 min,Dramas,1,0
s8530,Movie,The Tiger Hunter,United States,2018.0,2016,TV-14,94 min,Comedies,1,0
s8531,Movie,The Tigers of Scotland,United Kingdom,2018.0,2017,TV-G,58 min,Documentaries,1,0
s8532,Movie,The Time Machine,United States,2019.0,2002,PG-13,96 min,Action & Adventure,1,0
s8533,Movie,The Time Traveler's Wife,United States,2019.0,2009,PG-13,107 min,Dramas,1,0
s8534,TV Show,The Traffickers,United States,2018.0,2016,TV-MA,1 Season,Crime TV Shows,0,1
s8535,Movie,The Tribes of Palos Verdes,United States,2019.0,2017,R,104 min,Dramas,1,0
s8536,Movie,The Trigger Effect,United States,2018.0,1996,R,94 min,Thrillers,1,0
s8537,Movie,The Trip to Spain,United Kingdom,2017.0,2016,TV-MA,108 min,Comedies,1,0
s8538,Movie,The Trust,United States,2019.0,2015,R,91 min,Thrillers,1,0
s8539,Movie,The Truth About Alcohol,United Kingdom,2017.0,2016,TV-14,58 min,Documentaries,1,0
s8540,TV Show,The Tudors,Ireland,,2010,TV-MA,4 Seasons,TV Dramas,0,1
s8541,Movie,The Tuxedo,United States,2019.0,2002,PG-13,99 min,Action & Adventure,1,0
s8542,TV Show,The Twilight Zone (Original Series),United States,2017.0,1963,TV-14,4 Seasons,Classic & Cult TV,0,1
s8543,Movie,The Ugly Truth,United States,2019.0,2009,R,96 min,Comedies,1,0
s8544,Movie,The Unborn Child,Thailand,2018.0,2011,TV-MA,93 min,Horror Movies,1,0
s8546,TV Show,The Universe,United States,2019.0,2009,TV-14,1 Season,Docuseries,0,1
s8547,Movie,The Unknown Girl,Belgium,2017.0,2016,TV-MA,106 min,Dramas,1,0
s8548,Movie,The Unknown Known,United States,2019.0,2013,PG-13,103 min,Documentaries,1,0
s8549,Movie,The Vatican Tapes,United States,2020.0,2015,PG-13,91 min,Horror Movies,1,0
s8550,TV Show,The Vietnam War: A Film by Ken Burns and Lynn Novick,United States,2018.0,2017,TV-MA,1 Season,Docuseries,0,1
s8551,Movie,The Walls of the Moon,Egypt,2019.0,2015,TV-14,98 min,Action & Adventure,1,0
s8552,TV Show,The War: A Film by Ken Burns and Lynn Novick,United States,2017.0,2007,TV-14,1 Season,Docuseries,0,1
s8553,Movie,The Water Diviner,Australia,2019.0,2014,R,111 min,Dramas,1,0
s8554,Movie,The Water Horse: Legend of the Deep,New Zealand,2018.0,2007,PG,112 min,Children & Family Movies,1,0
s8555,Movie,The Waterboy,United States,2017.0,1998,PG-13,90 min,Comedies,1,0
s8556,Movie,The Wedding Curse,Philippines,2019.0,2006,TV-PG,101 min,Horror Movies,1,0
s8557,Movie,The Wedding Party 2: Destination Dubai,Nigeria,2019.0,2017,TV-14,98 min,Comedies,1,0
s8558,TV Show,The West Wing,United States,,2005,TV-14,7 Seasons,TV Dramas,0,1
s8559,Movie,The Witch,United Kingdom,2018.0,2015,R,92 min,Horror Movies,1,0
s8560,Movie,The Witch Files,United States,2019.0,2018,TV-14,88 min,Horror Movies,1,0
s8561,TV Show,The Womanizer,China,2016.0,2010,TV-MA,1 Season,International TV Shows,0,1
s8562,Movie,The Women Who Kill Lions,United Kingdom,2017.0,2016,TV-MA,47 min,Documentaries,1,0
s8563,Movie,The Women's Balcony,Israel,2017.0,2016,TV-PG,100 min,Comedies,1,0
s8564,Movie,The Workshop,France,2018.0,2017,TV-MA,114 min,Dramas,1,0
s8565,Movie,The World Is Not Enough,United Kingdom,2019.0,1999,PG-13,128 min,Action & Adventure,1,0
s8566,Movie,The World's Most Wanted Animal,United Kingdom,2019.0,2018,TV-PG,53 min,Documentaries,1,0
s8567,Movie,The Wrong Babysitter,Canada,2019.0,2017,TV-14,89 min,Thrillers,1,0
s8568,TV Show,The Year of Happiness and Love,Taiwan,2016.0,2009,TV-PG,1 Season,International TV Shows,0,1
s8569,Movie,The Young Offenders,Ireland,2017.0,2016,TV-MA,83 min,Comedies,1,0
s8570,Movie,The Young Vagabond,Hong Kong,2018.0,1985,TV-14,85 min,Action & Adventure,1,0
s8571,Movie,Theater of Life,Canada,2017.0,2016,TV-PG,94 min,Documentaries,1,0
s8572,Movie,Theeram,India,2018.0,2017,TV-14,104 min,Dramas,1,0
s8573,Movie,"Thelonious Monk: Straight, No Chaser",United States,2019.0,1988,PG-13,89 min,Documentaries,1,0
s8574,Movie,Theo Who Lived,United States,2016.0,2016,TV-14,86 min,Documentaries,1,0
s8575,TV Show,ThirTEEN Terrors,Thailand,2019.0,2014,TV-14,1 Season,International TV Shows,0,1
s8576,TV Show,This Is My Love,South Korea,2017.0,2015,TV-14,1 Season,International TV Shows,0,1
s8577,Movie,This Is Not What I Expected,China,2017.0,2017,TV-PG,107 min,Comedies,1,0
s8578,Movie,This Was Tomorrow,Belgium,2015.0,2015,NR,77 min,Documentaries,1,0
s8579,Movie,Thithi,India,2017.0,2015,TV-MA,123 min,Dramas,1,0
s8580,Movie,Thong Dee Fun Khao,Thailand,2018.0,2017,TV-MA,122 min,Action & Adventure,1,0
s8581,Movie,Thor: Ragnarok,United States,2018.0,2017,PG-13,131 min,Action & Adventure,1,0
s8582,Movie,Thor: Tales of Asgard,United States,2020.0,2011,TV-Y7,77 min,Children & Family Movies,1,0
s8583,Movie,Thorne: Scaredy Cat,United Kingdom,2016.0,2010,NR,125 min,Dramas,1,0
s8584,Movie,Thorne: Sleepyhead,United Kingdom,2016.0,2010,NR,125 min,Dramas,1,0
s8585,Movie,Three,Hong Kong,2017.0,2016,TV-MA,88 min,Action & Adventure,1,0
s8587,Movie,Thumper,United States,2018.0,2017,TV-MA,93 min,Dramas,1,0
s8588,Movie,Thunderbolt,United States,2017.0,1947,TV-PG,42 min,Classic Movies,1,0
s8589,TV Show,Tientsin Mystic,China,2018.0,2017,TV-14,1 Season,Crime TV Shows,0,1
s8590,Movie,Tik Tok,China,2017.0,2016,TV-14,108 min,Dramas,1,0
s8591,Movie,Tikli and Laxmi Bomb,India,2018.0,2017,TV-MA,151 min,Dramas,1,0
s8592,Movie,Time Please,India,2018.0,2013,TV-14,125 min,Comedies,1,0
s8595,Movie,Tinker Bell and the Legend of the NeverBeast,United States,2015.0,2014,G,78 min,Children & Family Movies,1,0
s8596,Movie,Tinker',United States,2019.0,2018,TV-14,97 min,Dramas,1,0
s8597,TV Show,Tip the Mouse,Germany,2017.0,2014,TV-Y,1 Season,Kids' TV,0,1
s8598,Movie,To Be a Miss,United States,2017.0,2016,TV-14,84 min,Documentaries,1,0
s8599,Movie,"To Wong Foo, Thanks for Everything! Julie Newmar",United States,2019.0,1995,PG-13,108 min,Comedies,1,0
s8600,TV Show,Toast of London,United Kingdom,2017.0,2015,TV-MA,3 Seasons,British TV Shows,0,1
s8601,TV Show,Tobot,Canada,2019.0,2018,TV-Y7,2 Seasons,Kids' TV,0,1
s8602,Movie,Tokyo Idols,United Kingdom,2017.0,2017,TV-14,89 min,Documentaries,1,0
s8604,Movie,Tomorrow Never Dies,United Kingdom,2019.0,1997,PG-13,119 min,Action & Adventure,1,0
s8605,TV Show,Top 10 Secrets and Mysteries,United Kingdom,2019.0,2018,TV-14,1 Season,British TV Shows,0,1
s8606,TV Show,Top Grier,United States,2018.0,2018,TV-MA,3 Seasons,Reality TV,0,1
s8607,Movie,Tope: The Bait,India,2018.0,2016,TV-14,87 min,Dramas,1,0
s8608,Movie,Tortilla Soup,United States,2020.0,2001,PG-13,104 min,Comedies,1,0
s8609,Movie,Total Frat Movie,United States,2016.0,2016,NR,94 min,Comedies,1,0
s8611,Movie,Tracers,United States,2019.0,2015,PG-13,94 min,Action & Adventure,1,0
s8612,Movie,Traffic Signal,India,2019.0,2007,TV-MA,130 min,Dramas,1,0
s8613,Movie,Train of the Dead,Thailand,2018.0,2007,TV-MA,88 min,Horror Movies,1,0
s8614,Movie,Train to Busan,South Korea,2017.0,2016,TV-MA,118 min,Action & Adventure,1,0
s8615,Movie,Trainspotting,United Kingdom,2019.0,1996,R,94 min,Comedies,1,0
s8616,Movie,Traitor,United States,2018.0,2008,PG-13,114 min,Dramas,1,0
s8617,Movie,Transcendence,United Kingdom,2018.0,2014,PG-13,119 min,Sci-Fi & Fantasy,1,0
s8618,Movie,Trash,United Kingdom,2019.0,2014,R,114 min,Dramas,1,0
s8619,Movie,Trash Fire,United States,2017.0,2016,R,94 min,Comedies,1,0
s8620,Movie,Treasures from the Wreck of the Unbelievable,United Kingdom,2018.0,2017,TV-G,82 min,Documentaries,1,0
s8621,Movie,Tree Man,Canada,2016.0,2015,TV-PG,82 min,Documentaries,1,0
s8622,Movie,Tremors,United States,2020.0,1990,PG-13,96 min,Comedies,1,0
s8624,Movie,Tremors 3: Back to Perfection,United States,2020.0,2001,PG,104 min,Comedies,1,0
s8625,Movie,Tremors 4: The Legend Begins,United States,2020.0,2004,PG-13,101 min,Comedies,1,0
s8626,Movie,Tremors 5:  Bloodline,South Africa,2020.0,2015,PG-13,99 min,Comedies,1,0
s8627,Movie,Tremors 6: A Cold Day in Hell,United States,2018.0,2018,PG-13,98 min,Action & Adventure,1,0
s8628,Movie,Trespass Against Us,United Kingdom,2019.0,2016,R,100 min,Dramas,1,0
s8629,Movie,"Trikal (Past, Present, Future)",India,2019.0,1985,TV-14,134 min,Comedies,1,0
s8630,Movie,Trimurti,India,2018.0,1995,TV-PG,173 min,Action & Adventure,1,0
s8631,Movie,Trip to Bhangarh: Asia's Most Haunted Place,India,2017.0,2014,TV-MA,113 min,International Movies,1,0
s8632,Movie,Trixie Mattel: Moving Parts,United States,2020.0,2019,TV-MA,91 min,Documentaries,1,0
s8633,Movie,Trophy,United Kingdom,2018.0,2017,TV-MA,110 min,Documentaries,1,0
s8634,TV Show,Trotsky,Russia,2018.0,2017,TV-MA,1 Season,International TV Shows,0,1
s8635,Movie,Troy: The Odyssey,United States,2018.0,2017,TV-MA,90 min,Action & Adventure,1,0
s8636,Movie,True Grit,United States,2020.0,1969,G,128 min,Classic Movies,1,0
s8637,Movie,True to the Game,United States,2018.0,2017,R,108 min,Dramas,1,0
s8638,Movie,Trumbo,United States,2020.0,2015,R,124 min,Dramas,1,0
s8639,Movie,Tucker and Dale vs. Evil,Canada,2019.0,2010,R,89 min,Comedies,1,0
s8640,Movie,Tukaram,India,2018.0,2012,TV-PG,162 min,Dramas,1,0
s8641,Movie,Tunisian Victory,United States,2017.0,1944,TV-14,76 min,Classic Movies,1,0
s8642,Movie,Turbo,United States,2019.0,2013,PG,96 min,Children & Family Movies,1,0
s8643,Movie,Tusk,United States,2018.0,2014,R,102 min,Horror Movies,1,0
s8644,Movie,Twice,Japan,2017.0,2010,TV-14,53 min,Documentaries,1,0
s8645,TV Show,Twin Peaks,United States,2017.0,1990,TV-14,2 Seasons,Classic & Cult TV,0,1
s8646,Movie,Twinsanity,United States,2019.0,2018,TV-MA,86 min,Horror Movies,1,0
s8647,TV Show,Twirlywoos,United Kingdom,2020.0,2018,TV-Y,2 Seasons,British TV Shows,0,1
s8648,Movie,"Twisted Trunk, Big Fat Body",India,2017.0,2015,TV-14,89 min,Dramas,1,0
s8649,Movie,Two Graves,United Kingdom,2019.0,2018,TV-MA,80 min,Thrillers,1,0
s8650,Movie,Two Lovers and a Bear,Canada,2017.0,2016,R,95 min,Dramas,1,0
s8651,Movie,Tyke Elephant Outlaw,Australia,2015.0,2015,TV-14,78 min,Documentaries,1,0
s8652,Movie,Tyson,United States,2019.0,2008,R,90 min,Documentaries,1,0
s8653,Movie,Ugly,India,2017.0,2013,NR,125 min,Dramas,1,0
s8654,TV Show,Ugly Duckling,Thailand,2019.0,2015,TV-14,4 Seasons,International TV Shows,0,1
s8655,Movie,Una,United Kingdom,2018.0,2016,R,94 min,Dramas,1,0
s8656,Movie,Unaccompanied Minors,United States,2019.0,2006,PG,90 min,Children & Family Movies,1,0
s8657,Movie,Unacknowledged,United States,2017.0,2017,TV-MA,104 min,Documentaries,1,0
s8658,Movie,Under an Arctic Sky,United States,2017.0,2017,TV-14,40 min,Action & Adventure,1,0
s8659,Movie,Under The Skin,Switzerland,2018.0,2013,R,108 min,Dramas,1,0
s8660,Movie,Undercover Grandpa,Canada,2017.0,2016,PG-13,94 min,Action & Adventure,1,0
s8661,Movie,Undercover: How to Operate Behind Enemy Lines,United States,2017.0,1943,TV-PG,61 min,Classic Movies,1,0
s8662,Movie,Unfinished Song,United Kingdom,2019.0,2012,PG-13,94 min,Comedies,1,0
s8663,Movie,Union Leader,Canada,2019.0,2017,TV-14,105 min,Dramas,1,0
s8664,Movie,Unruly Friends,Egypt,2019.0,2011,TV-14,83 min,International Movies,1,0
s8665,Movie,Up in the Air,United States,2020.0,2009,R,110 min,Comedies,1,0
s8666,Movie,Urvi,India,2018.0,2017,TV-MA,121 min,Dramas,1,0
s8667,Movie,Used Goods,Egypt,2019.0,2018,TV-14,95 min,Action & Adventure,1,0
s8668,Movie,USS Indianapolis: Men of Courage,United States,2019.0,2016,R,130 min,Action & Adventure,1,0
s8669,Movie,V for Vendetta,United States,2018.0,2005,R,132 min,Action & Adventure,1,0
s8670,TV Show,V.R. Troopers,United States,2016.0,1995,TV-G,2 Seasons,Kids' TV,0,1
s8671,Movie,Vantage Point,United States,2019.0,2008,PG-13,90 min,Action & Adventure,1,0
s8672,Movie,Veerappan,India,2017.0,2016,TV-14,117 min,Action & Adventure,1,0
s8673,Movie,Veerey Ki Wedding,India,2019.0,2018,TV-14,130 min,Comedies,1,0
s8674,Movie,Vegas Baby,United States,2017.0,2016,TV-14,78 min,Documentaries,1,0
s8675,Movie,Viceroy's House,United Kingdom,2017.0,2017,NR,106 min,Dramas,1,0
s8676,Movie,Victor,United States,2017.0,2015,PG-13,110 min,Dramas,1,0
s8677,Movie,Viking Destiny,United Kingdom,2019.0,2018,R,91 min,Action & Adventure,1,0
s8678,Movie,Vikings Unearthed,United States,2017.0,2016,TV-PG,113 min,Documentaries,1,0
s8679,Movie,Vincent N Roxxy,United States,2017.0,2016,R,101 min,Dramas,1,0
s8681,Movie,Viswasapoorvam Mansoor,India,2018.0,2017,TV-14,125 min,Dramas,1,0
s8682,Movie,Vitti Dandu,India,2017.0,2014,TV-14,116 min,Dramas,1,0
s8683,Movie,Vizontele Tuuba,Turkey,2017.0,2004,NR,106 min,Comedies,1,0
s8684,Movie,Vodka Diaries,India,2019.0,2018,TV-14,113 min,Dramas,1,0
s8685,TV Show,Vroomiz,South Korea,,2016,TV-Y,3 Seasons,Kids' TV,0,1
s8686,Movie,VS.,United Kingdom,2019.0,2018,TV-MA,99 min,Dramas,1,0
s8687,Movie,Waar,Pakistan,2017.0,2013,TV-MA,130 min,Action & Adventure,1,0
s8688,Movie,Waarrior Savitri,India,2017.0,2016,TV-14,120 min,Action & Adventure,1,0
s8689,Movie,Waiting,India,2018.0,2015,TV-MA,94 min,Dramas,1,0
s8690,Movie,Waiting...,United States,2020.0,2005,R,94 min,Comedies,1,0
s8692,Movie,Wakefield,United States,2019.0,2016,R,109 min,Dramas,1,0
s8693,Movie,Walk with Me,United Kingdom,2017.0,2017,TV-PG,94 min,Documentaries,1,0
s8694,Movie,Walking Out,United States,2019.0,2017,PG-13,96 min,Dramas,1,0
s8695,Movie,War,United States,2019.0,2007,R,103 min,Action & Adventure,1,0
s8696,Movie,War Chhod Na Yaar,India,2019.0,2013,TV-14,109 min,Comedies,1,0
s8697,Movie,War Horse,United States,2019.0,2011,PG-13,147 min,Dramas,1,0
s8698,Movie,War on Everyone,United Kingdom,2019.0,2016,R,98 min,Action & Adventure,1,0
s8699,Movie,Warda,Egypt,2019.0,2014,TV-14,73 min,Horror Movies,1,0
s8700,Movie,Warehoused,Mexico,2017.0,2015,TV-14,92 min,Comedies,1,0
s8701,TV Show,Wartime Portraits,Poland,2016.0,2014,TV-MA,1 Season,Docuseries,0,1
s8702,Movie,Water & Power: A California Heist,United States,2018.0,2017,PG,78 min,Documentaries,1,0
s8703,Movie,Waterschool,United States,2018.0,2018,TV-G,68 min,Documentaries,1,0
s8704,Movie,We Are Your Friends,United Kingdom,2020.0,2015,R,96 min,Dramas,1,0
s8705,Movie,We Belong Together,United States,2019.0,2018,TV-14,83 min,Thrillers,1,0
s8706,Movie,We Need to Talk,Spain,2016.0,2016,TV-MA,91 min,Comedies,1,0
s8707,Movie,We the Animals,United States,2019.0,2018,R,93 min,Dramas,1,0
s8708,Movie,"We, the Marines",United States,2018.0,2017,TV-PG,38 min,Documentaries,1,0
s8709,Movie,We're No Animals,United States,2017.0,2015,TV-MA,94 min,Comedies,1,0
s8710,Movie,Weather forecast,Poland,2019.0,1983,TV-MA,91 min,Dramas,1,0
s8711,TV Show,Weeds,United States,2014.0,2012,TV-MA,8 Seasons,TV Comedies,0,1
s8712,Movie,Weeds on Fire,Hong Kong,2018.0,2016,TV-MA,95 min,Dramas,1,0
s8713,TV Show,Weird Wonders of the World,United Kingdom,,2016,TV-PG,2 Seasons,British TV Shows,0,1
s8714,Movie,Welcome 2 Karachi,India,2018.0,2015,TV-MA,124 min,Comedies,1,0
s8715,Movie,Welcome to Monster High: The Origin Story,United States,2017.0,2016,TV-Y7,73 min,Children & Family Movies,1,0
s8716,Movie,Welcome to New York,United States,2017.0,2014,R,108 min,Dramas,1,0
s8717,Movie,Welcome to Willits,United States,2018.0,2017,TV-MA,84 min,Comedies,1,0
s8718,Movie,Westerplatte Resists,Poland,2019.0,1967,TV-MA,93 min,Classic Movies,1,0
s8720,Movie,What a Wonderful Family!,China,2018.0,2017,TV-14,102 min,Comedies,1,0
s8721,TV Show,What Happens to My Family,Turkey,2017.0,2016,TV-14,1 Season,International TV Shows,0,1
s8722,TV Show,What Is Love?,Taiwan,2017.0,2012,TV-14,1 Season,International TV Shows,0,1
s8723,Movie,What Lies Beneath,United States,2020.0,2000,PG-13,130 min,Horror Movies,1,0
s8724,Movie,What Makes a Psychopath?,United Kingdom,2019.0,2017,TV-14,52 min,Documentaries,1,0
s8725,Movie,What Still Remains,United States,2018.0,2018,TV-14,91 min,Dramas,1,0
s8726,Movie,What's Up With Love?,Indonesia,2018.0,2002,R,110 min,Dramas,1,0
s8727,TV Show,When Calls the Heart,United States,2018.0,2017,TV-PG,5 Seasons,TV Dramas,0,1
s8728,Movie,When Hari Got Married,United Kingdom,2016.0,2013,NR,75 min,Documentaries,1,0
s8729,Movie,When Two Worlds Collide,Peru,2016.0,2016,TV-14,103 min,Documentaries,1,0
s8730,Movie,Where the Money Is,Germany,2020.0,2000,PG-13,89 min,Action & Adventure,1,0
s8731,Movie,Where's the Money,United States,2018.0,2017,R,86 min,Comedies,1,0
s8732,Movie,While We're Young,United States,2017.0,2015,R,97 min,Comedies,1,0
s8733,Movie,White Chamber,United Kingdom,2019.0,2018,TV-MA,89 min,Sci-Fi & Fantasy,1,0
s8734,Movie,White Island,United Kingdom,2017.0,2016,TV-MA,91 min,Comedies,1,0
s8735,Movie,Who the F**k Is That Guy?,United States,2017.0,2017,TV-MA,78 min,Documentaries,1,0
s8736,Movie,Who's That Knocking at My Door?,United States,2019.0,1967,R,90 min,Classic Movies,1,0
s8737,TV Show,Who's the One,Taiwan,2017.0,2011,TV-14,1 Season,International TV Shows,0,1
s8738,Movie,Why Are We Getting So Fat?,United Kingdom,2019.0,2016,TV-14,50 min,Documentaries,1,0
s8739,Movie,Why Knot,Canada,2017.0,2016,TV-MA,84 min,Documentaries,1,0
s8740,Movie,Why We Fight: The Battle of Russia,United States,2017.0,1943,TV-PG,82 min,Documentaries,1,0
s8741,TV Show,Wild Alaska,United Kingdom,2017.0,2015,TV-PG,1 Season,British TV Shows,0,1
s8742,TV Show,Wild Arabia,United Kingdom,2017.0,2013,TV-PG,1 Season,British TV Shows,0,1
s8743,Movie,Wild Wild West,United States,2020.0,1999,PG-13,106 min,Action & Adventure,1,0
s8744,Movie,Wildlife,United States,2020.0,2018,PG-13,105 min,Dramas,1,0
s8745,Movie,Williams,United Kingdom,2017.0,2017,TV-MA,105 min,Documentaries,1,0
s8746,Movie,Willy Wonka & the Chocolate Factory,United States,2020.0,1971,G,100 min,Children & Family Movies,1,0
s8747,Movie,Winnie,France,2018.0,2017,TV-14,85 min,Documentaries,1,0
s8748,TV Show,Winsanity,United States,2018.0,2016,TV-G,1 Season,Reality TV,0,1
s8749,Movie,Winter of Our Dreams,Australia,2016.0,1981,NR,86 min,Classic Movies,1,0
s8750,TV Show,Winter Sun,Turkey,2017.0,2014,TV-MA,1 Season,International TV Shows,0,1
s8751,Movie,Winter's Bone,United States,2019.0,2010,R,100 min,Dramas,1,0
s8752,Movie,Wish I Was Here,United States,2018.0,2014,R,106 min,Comedies,1,0
s8753,Movie,Wish Man,United States,2019.0,2019,TV-14,108 min,Children & Family Movies,1,0
s8754,Movie,Withdrawn,Canada,2018.0,2017,TV-MA,74 min,Dramas,1,0
s8755,Movie,Wolves,United States,2019.0,2016,R,109 min,Dramas,1,0
s8756,TV Show,Women Behind Bars,United States,,2010,TV-14,3 Seasons,Crime TV Shows,0,1
s8757,Movie,Woodstock,United States,2019.0,2019,TV-MA,97 min,Documentaries,1,0
s8758,Movie,World Trade Center,United States,2019.0,2006,PG-13,129 min,Action & Adventure,1,0
s8759,TV Show,World's Busiest Cities,United Kingdom,2019.0,2017,TV-PG,1 Season,British TV Shows,0,1
s8761,Movie,Would You Rather,United States,2019.0,2013,TV-MA,93 min,Horror Movies,1,0
s8762,Movie,Wrong No.,Pakistan,2017.0,2015,TV-14,133 min,Comedies,1,0
s8763,Movie,Wrong Side Raju,India,2017.0,2016,TV-MA,140 min,Dramas,1,0
s8764,Movie,WWII: Report from the Aleutians,United States,2017.0,1943,TV-PG,45 min,Documentaries,1,0
s8765,Movie,Wyatt Earp,United States,2020.0,1994,PG-13,191 min,Action & Adventure,1,0
s8766,Movie,XX,Canada,2017.0,2017,R,81 min,Horror Movies,1,0
s8767,Movie,XXx,United States,2019.0,2002,PG-13,124 min,Action & Adventure,1,0
s8768,Movie,XXX: State of the Union,United States,2019.0,2005,PG-13,101 min,Action & Adventure,1,0
s8769,Movie,Y Tu Mamá También,Mexico,2017.0,2001,R,106 min,Dramas,1,0
s8770,Movie,Y.M.I.: Yeh Mera India,India,2018.0,2008,TV-MA,137 min,Dramas,1,0
s8771,Movie,Yaadein,India,2018.0,2001,TV-14,171 min,Dramas,1,0
s8772,Movie,Yaara O Dildaara,India,2017.0,2011,TV-14,132 min,Dramas,1,0
s8773,Movie,Yamla Pagla Deewana 2,India,2017.0,2013,TV-14,147 min,Action & Adventure,1,0
s8774,Movie,Yanda Kartavya Aahe,India,2018.0,2006,TV-PG,151 min,Comedies,1,0
s8775,Movie,يوم الدين,Egypt,2019.0,2018,TV-14,97 min,Dramas,1,0
s8776,TV Show,Yeh Meri Family,India,2018.0,2018,TV-PG,1 Season,International TV Shows,0,1
s8777,Movie,Yellowbird,France,2015.0,2014,PG,90 min,Children & Family Movies,1,0
s8778,Movie,Yes or No,Thailand,2018.0,2010,TV-PG,111 min,International Movies,1,0
s8779,Movie,Yes or No 2,Thailand,2018.0,2012,TV-PG,112 min,International Movies,1,0
s8780,Movie,Yes or No 2.5,Thailand,2018.0,2015,TV-PG,107 min,International Movies,1,0
s8781,TV Show,Yo-Kai Watch,United States,2016.0,2015,TV-Y7,1 Season,Anime Series,0,1
s8782,Movie,Yo-Kai Watch: The Movie,Japan,2016.0,2016,TV-Y7,96 min,Anime Features,1,0
s8783,Movie,Yoga Hosers,United States,2016.0,2016,PG-13,88 min,Comedies,1,0
s8785,Movie,Yoko and His Friends,Russia,2018.0,2015,TV-Y,78 min,Children & Family Movies,1,0
s8787,Movie,You Can Tutu,United Kingdom,2017.0,2017,TV-G,87 min,Children & Family Movies,1,0
s8788,Movie,You Can’t Fight Christmas,United States,2017.0,2017,TV-PG,85 min,Comedies,1,0
s8789,Movie,You Carry Me,Croatia,2016.0,2015,TV-MA,157 min,Dramas,1,0
s8790,Movie,You Changed My Life,Philippines,2019.0,2009,TV-PG,116 min,Comedies,1,0
s8791,Movie,You Don't Mess with the Zohan,United States,2019.0,2008,UR,113 min,Action & Adventure,1,0
s8792,Movie,Young Adult,United States,2019.0,2011,R,94 min,Comedies,1,0
s8793,Movie,Young Tiger,Hong Kong,2016.0,1973,NR,81 min,Action & Adventure,1,0
s8794,Movie,"Yours, Mine and Ours",United States,2019.0,2005,PG,88 min,Children & Family Movies,1,0
s8795,Movie,اشتباك,Egypt,2018.0,2016,TV-14,98 min,Dramas,1,0
s8796,TV Show,Yu-Gi-Oh! Arc-V,Japan,2018.0,2015,TV-Y7,2 Seasons,Anime Series,0,1
s8797,TV Show,Yunus Emre,Turkey,2017.0,2016,TV-PG,2 Seasons,International TV Shows,0,1
s8798,TV Show,Zak Storm,United States,2018.0,2016,TV-Y7,3 Seasons,Kids' TV,0,1
s8799,Movie,Zed Plus,India,2019.0,2014,TV-MA,131 min,Comedies,1,0
s8800,Movie,Zenda,India,2018.0,2009,TV-14,120 min,Dramas,1,0
s8801,TV Show,Zindagi Gulzar Hai,Pakistan,2016.0,2012,TV-PG,1 Season,International TV Shows,0,1
s8802,Movie,Zinzana,United Arab Emirates,2016.0,2015,TV-MA,96 min,Dramas,1,0
s8803,Movie,Zodiac,United States,2019.0,2007,R,158 min,Cult Movies,1,0
s8805,Movie,Zombieland,United States,2019.0,2009,R,88 min,Comedies,1,0
s8806,Movie,Zoom,United States,2020.0,2006,PG,88 min,Children & Family Movies,1,0
s8807,Movie,Zubaan,India,2019.0,2015,TV-14,111 min,Dramas,1,0
